2026-08-19 22:15:53.480 INFO  [-] [background-preinit] o.h.validator.internal.util.Version      : HV000001: Hibernate Validator 9.1.0.Final
2026-08-19 22:15:53.523 INFO  [-] [main] c.s.s.c.logging.CorrelationIdFilterTest  : Starting CorrelationIdFilterTest using Java 25.0.4 with PID 33168 (started by RYZEN 7 2026 in D:\SDD-MOD4)
2026-08-19 22:15:53.524 INFO  [-] [main] c.s.s.c.logging.CorrelationIdFilterTest  : No active profile set, falling back to 1 default profile: "default"
2026-08-19 22:15:55.474 INFO  [-] [main] o.s.b.t.m.w.SpringBootMockServletContext : Initializing Spring TestDispatcherServlet ''
2026-08-19 22:15:55.474 INFO  [-] [main] o.s.t.web.servlet.TestDispatcherServlet  : Initializing Servlet ''
2026-08-19 22:15:55.476 INFO  [-] [main] o.s.t.web.servlet.TestDispatcherServlet  : Completed initialization in 1 ms
2026-08-19 22:15:55.502 INFO  [-] [main] c.s.s.c.logging.CorrelationIdFilterTest  : Started CorrelationIdFilterTest in 2.477 seconds (process running for 3.497)
2026-08-19 22:15:55.551 INFO  [test-correlation-abc-123] [main] c.s.s.common.logging.HttpLoggingFilter   : HTTP GET /api/usuarios - iniciando
2026-08-19 22:15:55.597 ERROR [test-correlation-abc-123] [main] c.s.s.c.e.GlobalExceptionHandler         : Error interno inesperado uri=/api/usuarios tipo=java.lang.NullPointerException
java.lang.NullPointerException: Cannot invoke "com.sdd.sdd.common.dto.PageResponse.getTotalElementos()" because "result" is null
	at com.sdd.sdd.usuario.controller.UsuarioController.listar(UsuarioController.java:67)
	at java.base/jdk.internal.reflect.DirectMethodHandleAccessor.invoke(DirectMethodHandleAccessor.java:104)
	at java.base/java.lang.reflect.Method.invoke(Method.java:565)
	at org.springframework.web.method.support.InvocableHandlerMethod.doInvoke(InvocableHandlerMethod.java:252)
	at org.springframework.web.method.support.InvocableHandlerMethod.invokeForRequest(InvocableHandlerMethod.java:184)
	at org.springframework.web.servlet.mvc.method.annotation.ServletInvocableHandlerMethod.invokeAndHandle(ServletInvocableHandlerMethod.java:117)
	at org.springframework.web.servlet.mvc.method.annotation.RequestMappingHandlerAdapter.invokeHandlerMethod(RequestMappingHandlerAdapter.java:934)
	at org.springframework.web.servlet.mvc.method.annotation.RequestMappingHandlerAdapter.handleInternal(RequestMappingHandlerAdapter.java:853)
	at org.springframework.web.servlet.mvc.method.AbstractHandlerMethodAdapter.handle(AbstractHandlerMethodAdapter.java:86)
	at org.springframework.web.servlet.DispatcherServlet.doDispatch(DispatcherServlet.java:963)
	at org.springframework.web.servlet.DispatcherServlet.doService(DispatcherServlet.java:866)
	at org.springframework.web.servlet.FrameworkServlet.processRequest(FrameworkServlet.java:1000)
	at org.springframework.web.servlet.FrameworkServlet.doGet(FrameworkServlet.java:892)
	at jakarta.servlet.http.HttpServlet.service(HttpServlet.java:622)
	at org.springframework.web.servlet.FrameworkServlet.service(FrameworkServlet.java:874)
	at org.springframework.test.web.servlet.TestDispatcherServlet.service(TestDispatcherServlet.java:72)
	at jakarta.servlet.http.HttpServlet.service(HttpServlet.java:710)
	at org.springframework.mock.web.MockFilterChain$ServletFilterProxy.doFilter(MockFilterChain.java:160)
	at org.springframework.mock.web.MockFilterChain.doFilter(MockFilterChain.java:127)
	at org.springframework.web.filter.CompositeFilter$VirtualFilterChain.doFilter(CompositeFilter.java:108)
	at org.springframework.security.web.FilterChainProxy.lambda$doFilterInternal$2(FilterChainProxy.java:235)
	at org.springframework.security.web.FilterChainProxy$VirtualFilterChain.doFilter(FilterChainProxy.java:376)
	at org.springframework.security.web.access.intercept.AuthorizationFilter.doFilter(AuthorizationFilter.java:101)
	at org.springframework.security.web.FilterChainProxy$VirtualFilterChain.doFilter(FilterChainProxy.java:385)
	at org.springframework.security.web.access.ExceptionTranslationFilter.doFilter(ExceptionTranslationFilter.java:126)
	at org.springframework.security.web.access.ExceptionTranslationFilter.doFilter(ExceptionTranslationFilter.java:120)
	at org.springframework.security.web.FilterChainProxy$VirtualFilterChain.doFilter(FilterChainProxy.java:385)
	at org.springframework.security.web.authentication.AnonymousAuthenticationFilter.doFilter(AnonymousAuthenticationFilter.java:100)
	at org.springframework.security.web.FilterChainProxy$VirtualFilterChain.doFilter(FilterChainProxy.java:385)
	at org.springframework.security.web.servletapi.SecurityContextHolderAwareRequestFilter.doFilter(SecurityContextHolderAwareRequestFilter.java:181)
	at org.springframework.security.web.FilterChainProxy$VirtualFilterChain.doFilter(FilterChainProxy.java:385)
	at org.springframework.security.web.savedrequest.RequestCacheAwareFilter.doFilter(RequestCacheAwareFilter.java:63)
	at org.springframework.security.web.FilterChainProxy$VirtualFilterChain.doFilter(FilterChainProxy.java:385)
	at org.springframework.security.web.authentication.logout.LogoutFilter.doFilter(LogoutFilter.java:110)
	at org.springframework.security.web.authentication.logout.LogoutFilter.doFilter(LogoutFilter.java:96)
	at org.springframework.security.web.FilterChainProxy$VirtualFilterChain.doFilter(FilterChainProxy.java:385)
	at org.springframework.security.web.header.HeaderWriterFilter.doHeadersAfter(HeaderWriterFilter.java:90)
	at org.springframework.security.web.header.HeaderWriterFilter.doFilterInternal(HeaderWriterFilter.java:75)
	at org.springframework.web.filter.OncePerRequestFilter.doFilter(OncePerRequestFilter.java:116)
	at org.springframework.security.web.FilterChainProxy$VirtualFilterChain.doFilter(FilterChainProxy.java:385)
	at org.springframework.security.web.context.SecurityContextHolderFilter.doFilter(SecurityContextHolderFilter.java:82)
	at org.springframework.security.web.context.SecurityContextHolderFilter.doFilter(SecurityContextHolderFilter.java:69)
	at org.springframework.security.web.FilterChainProxy$VirtualFilterChain.doFilter(FilterChainProxy.java:385)
	at org.springframework.security.web.context.request.async.WebAsyncManagerIntegrationFilter.doFilterInternal(WebAsyncManagerIntegrationFilter.java:62)
	at org.springframework.web.filter.OncePerRequestFilter.doFilter(OncePerRequestFilter.java:116)
	at org.springframework.security.web.FilterChainProxy$VirtualFilterChain.doFilter(FilterChainProxy.java:385)
	at org.springframework.security.web.session.DisableEncodeUrlFilter.doFilterInternal(DisableEncodeUrlFilter.java:42)
	at org.springframework.web.filter.OncePerRequestFilter.doFilter(OncePerRequestFilter.java:116)
	at org.springframework.security.web.FilterChainProxy$VirtualFilterChain.doFilter(FilterChainProxy.java:385)
	at org.springframework.security.web.FilterChainProxy.doFilterInternal(FilterChainProxy.java:237)
	at org.springframework.security.web.FilterChainProxy.doFilter(FilterChainProxy.java:195)
	at org.springframework.web.filter.CompositeFilter$VirtualFilterChain.doFilter(CompositeFilter.java:113)
	at org.springframework.web.filter.ServletRequestPathFilter.doFilter(ServletRequestPathFilter.java:52)
	at org.springframework.web.filter.CompositeFilter$VirtualFilterChain.doFilter(CompositeFilter.java:113)
	at org.springframework.web.filter.CompositeFilter.doFilter(CompositeFilter.java:74)
	at org.springframework.security.config.annotation.web.configuration.WebSecurityConfiguration$CompositeFilterChainProxy.doFilter(WebSecurityConfiguration.java:317)
	at org.springframework.test.web.servlet.setup.MockMvcFilterDecorator.doFilter(MockMvcFilterDecorator.java:160)
	at org.springframework.mock.web.MockFilterChain.doFilter(MockFilterChain.java:127)
	at com.sdd.sdd.common.logging.HttpLoggingFilter.doFilterInternal(HttpLoggingFilter.java:41)
	at org.springframework.web.filter.OncePerRequestFilter.doFilter(OncePerRequestFilter.java:116)
	at org.springframework.test.web.servlet.setup.MockMvcFilterDecorator.doFilter(MockMvcFilterDecorator.java:160)
	at org.springframework.mock.web.MockFilterChain.doFilter(MockFilterChain.java:127)
	at com.sdd.sdd.common.logging.CorrelationIdFilter.doFilterInternal(CorrelationIdFilter.java:45)
	at org.springframework.web.filter.OncePerRequestFilter.doFilter(OncePerRequestFilter.java:116)
	at org.springframework.test.web.servlet.setup.MockMvcFilterDecorator.doFilter(MockMvcFilterDecorator.java:160)
	at org.springframework.mock.web.MockFilterChain.doFilter(MockFilterChain.java:127)
	at org.springframework.web.filter.RequestContextFilter.doFilterInternal(RequestContextFilter.java:100)
	at org.springframework.web.filter.OncePerRequestFilter.doFilter(OncePerRequestFilter.java:116)
	at org.springframework.test.web.servlet.setup.MockMvcFilterDecorator.doFilter(MockMvcFilterDecorator.java:160)
	at org.springframework.mock.web.MockFilterChain.doFilter(MockFilterChain.java:127)
	at org.springframework.web.filter.FormContentFilter.doFilterInternal(FormContentFilter.java:93)
	at org.springframework.web.filter.OncePerRequestFilter.doFilter(OncePerRequestFilter.java:116)
	at org.springframework.test.web.servlet.setup.MockMvcFilterDecorator.doFilter(MockMvcFilterDecorator.java:160)
	at org.springframework.mock.web.MockFilterChain.doFilter(MockFilterChain.java:127)
	at org.springframework.web.filter.CharacterEncodingFilter.doFilterInternal(CharacterEncodingFilter.java:199)
	at org.springframework.web.filter.OncePerRequestFilter.doFilter(OncePerRequestFilter.java:116)
	at org.springframework.test.web.servlet.setup.MockMvcFilterDecorator.doFilter(MockMvcFilterDecorator.java:160)
	at org.springframework.mock.web.MockFilterChain.doFilter(MockFilterChain.java:127)
	at org.springframework.test.web.servlet.MockMvc.perform(MockMvc.java:199)
	at com.sdd.sdd.common.logging.CorrelationIdFilterTest.conCorrelationId_seReutilizaElMismo(CorrelationIdFilterTest.java:61)
	at java.base/jdk.internal.reflect.DirectMethodHandleAccessor.invoke(DirectMethodHandleAccessor.java:104)
	at java.base/java.lang.reflect.Method.invoke(Method.java:565)
	at org.junit.platform.commons.util.ReflectionUtils.invokeMethod(ReflectionUtils.java:701)
	at org.junit.platform.commons.support.ReflectionSupport.invokeMethod(ReflectionSupport.java:502)
	at org.junit.jupiter.engine.support.MethodReflectionUtils.invoke(MethodReflectionUtils.java:45)
	at org.junit.jupiter.engine.execution.MethodInvocation.proceed(MethodInvocation.java:61)
	at org.junit.jupiter.engine.execution.InvocationInterceptorChain$ValidatingInvocation.proceed(InvocationInterceptorChain.java:124)
	at org.junit.jupiter.engine.extension.TimeoutExtension.intercept(TimeoutExtension.java:163)
	at org.junit.jupiter.engine.extension.TimeoutExtension.interceptTestableMethod(TimeoutExtension.java:148)
	at org.junit.jupiter.engine.extension.TimeoutExtension.interceptTestMethod(TimeoutExtension.java:86)
	at org.junit.jupiter.engine.execution.InterceptingExecutableInvoker$ReflectiveInterceptorCall.lambda$ofVoidMethod$0(InterceptingExecutableInvoker.java:123)
	at org.junit.jupiter.engine.execution.InterceptingExecutableInvoker.lambda$invoke$0(InterceptingExecutableInvoker.java:105)
	at org.junit.jupiter.engine.execution.InvocationInterceptorChain$InterceptedInvocation.proceed(InvocationInterceptorChain.java:99)
	at org.junit.jupiter.engine.execution.InvocationInterceptorChain.proceed(InvocationInterceptorChain.java:66)
	at org.junit.jupiter.engine.execution.InvocationInterceptorChain.chainAndInvoke(InvocationInterceptorChain.java:47)
	at org.junit.jupiter.engine.execution.InvocationInterceptorChain.invoke(InvocationInterceptorChain.java:39)
	at org.junit.jupiter.engine.execution.InterceptingExecutableInvoker.invoke(InterceptingExecutableInvoker.java:104)
	at org.junit.jupiter.engine.execution.InterceptingExecutableInvoker.invoke(InterceptingExecutableInvoker.java:98)
	at org.junit.jupiter.engine.execution.InterceptingExecutableInvoker.invokeVoid(InterceptingExecutableInvoker.java:71)
	at org.junit.jupiter.engine.descriptor.TestMethodTestDescriptor.lambda$invokeTestMethod$0(TestMethodTestDescriptor.java:219)
	at org.junit.platform.engine.support.hierarchical.ThrowableCollector.execute(ThrowableCollector.java:74)
	at org.junit.jupiter.engine.descriptor.TestMethodTestDescriptor.invokeTestMethod(TestMethodTestDescriptor.java:215)
	at org.junit.jupiter.engine.descriptor.TestMethodTestDescriptor.execute(TestMethodTestDescriptor.java:157)
	at org.junit.jupiter.engine.descriptor.TestMethodTestDescriptor.execute(TestMethodTestDescriptor.java:70)
	at org.junit.platform.engine.support.hierarchical.NodeTestTask.lambda$executeRecursively$2(NodeTestTask.java:176)
	at org.junit.platform.engine.support.hierarchical.ThrowableCollector.execute(ThrowableCollector.java:74)
	at org.junit.platform.engine.support.hierarchical.NodeTestTask.lambda$executeRecursively$1(NodeTestTask.java:166)
	at org.junit.platform.engine.support.hierarchical.Node.around(Node.java:138)
	at org.junit.platform.engine.support.hierarchical.NodeTestTask.lambda$executeRecursively$0(NodeTestTask.java:164)
	at org.junit.platform.engine.support.hierarchical.ThrowableCollector.execute(ThrowableCollector.java:74)
	at org.junit.platform.engine.support.hierarchical.NodeTestTask.executeRecursively(NodeTestTask.java:163)
	at org.junit.platform.engine.support.hierarchical.NodeTestTask.execute(NodeTestTask.java:116)
	at java.base/java.util.ArrayList.forEach(ArrayList.java:1604)
	at org.junit.platform.engine.support.hierarchical.SameThreadHierarchicalTestExecutorService.invokeAll(SameThreadHierarchicalTestExecutorService.java:42)
	at org.junit.platform.engine.support.hierarchical.NodeTestTask.lambda$executeRecursively$2(NodeTestTask.java:180)
	at org.junit.platform.engine.support.hierarchical.ThrowableCollector.execute(ThrowableCollector.java:74)
	at org.junit.platform.engine.support.hierarchical.NodeTestTask.lambda$executeRecursively$1(NodeTestTask.java:166)
	at org.junit.platform.engine.support.hierarchical.Node.around(Node.java:138)
	at org.junit.platform.engine.support.hierarchical.NodeTestTask.lambda$executeRecursively$0(NodeTestTask.java:164)
	at org.junit.platform.engine.support.hierarchical.ThrowableCollector.execute(ThrowableCollector.java:74)
	at org.junit.platform.engine.support.hierarchical.NodeTestTask.executeRecursively(NodeTestTask.java:163)
	at org.junit.platform.engine.support.hierarchical.NodeTestTask.execute(NodeTestTask.java:116)
	at java.base/java.util.ArrayList.forEach(ArrayList.java:1604)
	at org.junit.platform.engine.support.hierarchical.SameThreadHierarchicalTestExecutorService.invokeAll(SameThreadHierarchicalTestExecutorService.java:42)
	at org.junit.platform.engine.support.hierarchical.NodeTestTask.lambda$executeRecursively$2(NodeTestTask.java:180)
	at org.junit.platform.engine.support.hierarchical.ThrowableCollector.execute(ThrowableCollector.java:74)
	at org.junit.platform.engine.support.hierarchical.NodeTestTask.lambda$executeRecursively$1(NodeTestTask.java:166)
	at org.junit.platform.engine.support.hierarchical.Node.around(Node.java:138)
	at org.junit.platform.engine.support.hierarchical.NodeTestTask.lambda$executeRecursively$0(NodeTestTask.java:164)
	at org.junit.platform.engine.support.hierarchical.ThrowableCollector.execute(ThrowableCollector.java:74)
	at org.junit.platform.engine.support.hierarchical.NodeTestTask.executeRecursively(NodeTestTask.java:163)
	at org.junit.platform.engine.support.hierarchical.NodeTestTask.execute(NodeTestTask.java:116)
	at org.junit.platform.engine.support.hierarchical.SameThreadHierarchicalTestExecutorService.submit(SameThreadHierarchicalTestExecutorService.java:36)
	at org.junit.platform.engine.support.hierarchical.HierarchicalTestExecutor.execute(HierarchicalTestExecutor.java:52)
	at org.junit.platform.engine.support.hierarchical.HierarchicalTestEngine.execute(HierarchicalTestEngine.java:58)
	at org.junit.platform.launcher.core.EngineExecutionOrchestrator.executeEngine(EngineExecutionOrchestrator.java:246)
	at org.junit.platform.launcher.core.EngineExecutionOrchestrator.failOrExecuteEngine(EngineExecutionOrchestrator.java:218)
	at org.junit.platform.launcher.core.EngineExecutionOrchestrator.execute(EngineExecutionOrchestrator.java:179)
	at org.junit.platform.launcher.core.EngineExecutionOrchestrator.execute(EngineExecutionOrchestrator.java:108)
	at org.junit.platform.launcher.core.EngineExecutionOrchestrator.lambda$execute$0(EngineExecutionOrchestrator.java:66)
	at org.junit.platform.launcher.core.EngineExecutionOrchestrator.withInterceptedStreams(EngineExecutionOrchestrator.java:157)
	at org.junit.platform.launcher.core.EngineExecutionOrchestrator.execute(EngineExecutionOrchestrator.java:65)
	at org.junit.platform.launcher.core.DefaultLauncher.execute(DefaultLauncher.java:125)
	at org.junit.platform.launcher.core.DefaultLauncher.execute(DefaultLauncher.java:114)
	at org.junit.platform.launcher.core.DelegatingLauncher.execute(DelegatingLauncher.java:58)
	at org.junit.platform.launcher.core.InterceptingLauncher.lambda$execute$2(InterceptingLauncher.java:57)
	at org.junit.platform.launcher.core.ClasspathAlignmentCheckingLauncherInterceptor.intercept(ClasspathAlignmentCheckingLauncherInterceptor.java:25)
	at org.junit.platform.launcher.core.InterceptingLauncher.execute(InterceptingLauncher.java:56)
	at org.junit.platform.launcher.core.DelegatingLauncher.execute(DelegatingLauncher.java:58)
	at java.base/jdk.internal.reflect.DirectMethodHandleAccessor.invoke(DirectMethodHandleAccessor.java:104)
	at java.base/java.lang.reflect.Method.invoke(Method.java:565)
	at org.apache.maven.surefire.api.util.ReflectionUtils.invokeMethodWithArray(ReflectionUtils.java:125)
	at org.apache.maven.surefire.junitplatform.LauncherAdapter.executeWithCancellationToken(LauncherAdapter.java:68)
	at org.apache.maven.surefire.junitplatform.LauncherAdapter.execute(LauncherAdapter.java:54)
	at org.apache.maven.surefire.junitplatform.JUnitPlatformProvider.execute(JUnitPlatformProvider.java:203)
	at org.apache.maven.surefire.junitplatform.JUnitPlatformProvider.invokeAllTests(JUnitPlatformProvider.java:168)
	at org.apache.maven.surefire.junitplatform.JUnitPlatformProvider.invoke(JUnitPlatformProvider.java:136)
	at org.apache.maven.surefire.booter.ForkedBooter.runSuitesInProcess(ForkedBooter.java:385)
	at org.apache.maven.surefire.booter.ForkedBooter.execute(ForkedBooter.java:162)
	at org.apache.maven.surefire.booter.ForkedBooter.run(ForkedBooter.java:507)
	at org.apache.maven.surefire.booter.ForkedBooter.main(ForkedBooter.java:495)
2026-08-19 22:15:55.653 ERROR [test-correlation-abc-123] [main] c.s.s.common.logging.HttpLoggingFilter   : HTTP GET /api/usuarios - completado status=500 duration=102ms
2026-08-19 22:15:55.713 INFO  [2d943a9f-350b-4364-9be0-cc596fc05810] [main] c.s.s.common.logging.HttpLoggingFilter   : HTTP GET /api/usuarios - iniciando
2026-08-19 22:15:55.714 ERROR [2d943a9f-350b-4364-9be0-cc596fc05810] [main] c.s.s.c.e.GlobalExceptionHandler         : Error interno inesperado uri=/api/usuarios tipo=java.lang.NullPointerException
java.lang.NullPointerException: Cannot invoke "com.sdd.sdd.common.dto.PageResponse.getTotalElementos()" because "result" is null
	at com.sdd.sdd.usuario.controller.UsuarioController.listar(UsuarioController.java:67)
	at java.base/jdk.internal.reflect.DirectMethodHandleAccessor.invoke(DirectMethodHandleAccessor.java:104)
	at java.base/java.lang.reflect.Method.invoke(Method.java:565)
	at org.springframework.web.method.support.InvocableHandlerMethod.doInvoke(InvocableHandlerMethod.java:252)
	at org.springframework.web.method.support.InvocableHandlerMethod.invokeForRequest(InvocableHandlerMethod.java:184)
	at org.springframework.web.servlet.mvc.method.annotation.ServletInvocableHandlerMethod.invokeAndHandle(ServletInvocableHandlerMethod.java:117)
	at org.springframework.web.servlet.mvc.method.annotation.RequestMappingHandlerAdapter.invokeHandlerMethod(RequestMappingHandlerAdapter.java:934)
	at org.springframework.web.servlet.mvc.method.annotation.RequestMappingHandlerAdapter.handleInternal(RequestMappingHandlerAdapter.java:853)
	at org.springframework.web.servlet.mvc.method.AbstractHandlerMethodAdapter.handle(AbstractHandlerMethodAdapter.java:86)
	at org.springframework.web.servlet.DispatcherServlet.doDispatch(DispatcherServlet.java:963)
	at org.springframework.web.servlet.DispatcherServlet.doService(DispatcherServlet.java:866)
	at org.springframework.web.servlet.FrameworkServlet.processRequest(FrameworkServlet.java:1000)
	at org.springframework.web.servlet.FrameworkServlet.doGet(FrameworkServlet.java:892)
	at jakarta.servlet.http.HttpServlet.service(HttpServlet.java:622)
	at org.springframework.web.servlet.FrameworkServlet.service(FrameworkServlet.java:874)
	at org.springframework.test.web.servlet.TestDispatcherServlet.service(TestDispatcherServlet.java:72)
	at jakarta.servlet.http.HttpServlet.service(HttpServlet.java:710)
	at org.springframework.mock.web.MockFilterChain$ServletFilterProxy.doFilter(MockFilterChain.java:160)
	at org.springframework.mock.web.MockFilterChain.doFilter(MockFilterChain.java:127)
	at org.springframework.web.filter.CompositeFilter$VirtualFilterChain.doFilter(CompositeFilter.java:108)
	at org.springframework.security.web.FilterChainProxy.lambda$doFilterInternal$2(FilterChainProxy.java:235)
	at org.springframework.security.web.FilterChainProxy$VirtualFilterChain.doFilter(FilterChainProxy.java:376)
	at org.springframework.security.web.access.intercept.AuthorizationFilter.doFilter(AuthorizationFilter.java:101)
	at org.springframework.security.web.FilterChainProxy$VirtualFilterChain.doFilter(FilterChainProxy.java:385)
	at org.springframework.security.web.access.ExceptionTranslationFilter.doFilter(ExceptionTranslationFilter.java:126)
	at org.springframework.security.web.access.ExceptionTranslationFilter.doFilter(ExceptionTranslationFilter.java:120)
	at org.springframework.security.web.FilterChainProxy$VirtualFilterChain.doFilter(FilterChainProxy.java:385)
	at org.springframework.security.web.authentication.AnonymousAuthenticationFilter.doFilter(AnonymousAuthenticationFilter.java:100)
	at org.springframework.security.web.FilterChainProxy$VirtualFilterChain.doFilter(FilterChainProxy.java:385)
	at org.springframework.security.web.servletapi.SecurityContextHolderAwareRequestFilter.doFilter(SecurityContextHolderAwareRequestFilter.java:181)
	at org.springframework.security.web.FilterChainProxy$VirtualFilterChain.doFilter(FilterChainProxy.java:385)
	at org.springframework.security.web.savedrequest.RequestCacheAwareFilter.doFilter(RequestCacheAwareFilter.java:63)
	at org.springframework.security.web.FilterChainProxy$VirtualFilterChain.doFilter(FilterChainProxy.java:385)
	at org.springframework.security.web.authentication.logout.LogoutFilter.doFilter(LogoutFilter.java:110)
	at org.springframework.security.web.authentication.logout.LogoutFilter.doFilter(LogoutFilter.java:96)
	at org.springframework.security.web.FilterChainProxy$VirtualFilterChain.doFilter(FilterChainProxy.java:385)
	at org.springframework.security.web.header.HeaderWriterFilter.doHeadersAfter(HeaderWriterFilter.java:90)
	at org.springframework.security.web.header.HeaderWriterFilter.doFilterInternal(HeaderWriterFilter.java:75)
	at org.springframework.web.filter.OncePerRequestFilter.doFilter(OncePerRequestFilter.java:116)
	at org.springframework.security.web.FilterChainProxy$VirtualFilterChain.doFilter(FilterChainProxy.java:385)
	at org.springframework.security.web.context.SecurityContextHolderFilter.doFilter(SecurityContextHolderFilter.java:82)
	at org.springframework.security.web.context.SecurityContextHolderFilter.doFilter(SecurityContextHolderFilter.java:69)
	at org.springframework.security.web.FilterChainProxy$VirtualFilterChain.doFilter(FilterChainProxy.java:385)
	at org.springframework.security.web.context.request.async.WebAsyncManagerIntegrationFilter.doFilterInternal(WebAsyncManagerIntegrationFilter.java:62)
	at org.springframework.web.filter.OncePerRequestFilter.doFilter(OncePerRequestFilter.java:116)
	at org.springframework.security.web.FilterChainProxy$VirtualFilterChain.doFilter(FilterChainProxy.java:385)
	at org.springframework.security.web.session.DisableEncodeUrlFilter.doFilterInternal(DisableEncodeUrlFilter.java:42)
	at org.springframework.web.filter.OncePerRequestFilter.doFilter(OncePerRequestFilter.java:116)
	at org.springframework.security.web.FilterChainProxy$VirtualFilterChain.doFilter(FilterChainProxy.java:385)
	at org.springframework.security.web.FilterChainProxy.doFilterInternal(FilterChainProxy.java:237)
	at org.springframework.security.web.FilterChainProxy.doFilter(FilterChainProxy.java:195)
	at org.springframework.web.filter.CompositeFilter$VirtualFilterChain.doFilter(CompositeFilter.java:113)
	at org.springframework.web.filter.ServletRequestPathFilter.doFilter(ServletRequestPathFilter.java:52)
	at org.springframework.web.filter.CompositeFilter$VirtualFilterChain.doFilter(CompositeFilter.java:113)
	at org.springframework.web.filter.CompositeFilter.doFilter(CompositeFilter.java:74)
	at org.springframework.security.config.annotation.web.configuration.WebSecurityConfiguration$CompositeFilterChainProxy.doFilter(WebSecurityConfiguration.java:317)
	at org.springframework.test.web.servlet.setup.MockMvcFilterDecorator.doFilter(MockMvcFilterDecorator.java:160)
	at org.springframework.mock.web.MockFilterChain.doFilter(MockFilterChain.java:127)
	at com.sdd.sdd.common.logging.HttpLoggingFilter.doFilterInternal(HttpLoggingFilter.java:41)
	at org.springframework.web.filter.OncePerRequestFilter.doFilter(OncePerRequestFilter.java:116)
	at org.springframework.test.web.servlet.setup.MockMvcFilterDecorator.doFilter(MockMvcFilterDecorator.java:160)
	at org.springframework.mock.web.MockFilterChain.doFilter(MockFilterChain.java:127)
	at com.sdd.sdd.common.logging.CorrelationIdFilter.doFilterInternal(CorrelationIdFilter.java:45)
	at org.springframework.web.filter.OncePerRequestFilter.doFilter(OncePerRequestFilter.java:116)
	at org.springframework.test.web.servlet.setup.MockMvcFilterDecorator.doFilter(MockMvcFilterDecorator.java:160)
	at org.springframework.mock.web.MockFilterChain.doFilter(MockFilterChain.java:127)
	at org.springframework.web.filter.RequestContextFilter.doFilterInternal(RequestContextFilter.java:100)
	at org.springframework.web.filter.OncePerRequestFilter.doFilter(OncePerRequestFilter.java:116)
	at org.springframework.test.web.servlet.setup.MockMvcFilterDecorator.doFilter(MockMvcFilterDecorator.java:160)
	at org.springframework.mock.web.MockFilterChain.doFilter(MockFilterChain.java:127)
	at org.springframework.web.filter.FormContentFilter.doFilterInternal(FormContentFilter.java:93)
	at org.springframework.web.filter.OncePerRequestFilter.doFilter(OncePerRequestFilter.java:116)
	at org.springframework.test.web.servlet.setup.MockMvcFilterDecorator.doFilter(MockMvcFilterDecorator.java:160)
	at org.springframework.mock.web.MockFilterChain.doFilter(MockFilterChain.java:127)
	at org.springframework.web.filter.CharacterEncodingFilter.doFilterInternal(CharacterEncodingFilter.java:199)
	at org.springframework.web.filter.OncePerRequestFilter.doFilter(OncePerRequestFilter.java:116)
	at org.springframework.test.web.servlet.setup.MockMvcFilterDecorator.doFilter(MockMvcFilterDecorator.java:160)
	at org.springframework.mock.web.MockFilterChain.doFilter(MockFilterChain.java:127)
	at org.springframework.test.web.servlet.MockMvc.perform(MockMvc.java:199)
	at com.sdd.sdd.common.logging.CorrelationIdFilterTest.cadaPeticionGeneraCorrelationIdUnico(CorrelationIdFilterTest.java:86)
	at java.base/jdk.internal.reflect.DirectMethodHandleAccessor.invoke(DirectMethodHandleAccessor.java:104)
	at java.base/java.lang.reflect.Method.invoke(Method.java:565)
	at org.junit.platform.commons.util.ReflectionUtils.invokeMethod(ReflectionUtils.java:701)
	at org.junit.platform.commons.support.ReflectionSupport.invokeMethod(ReflectionSupport.java:502)
	at org.junit.jupiter.engine.support.MethodReflectionUtils.invoke(MethodReflectionUtils.java:45)
	at org.junit.jupiter.engine.execution.MethodInvocation.proceed(MethodInvocation.java:61)
	at org.junit.jupiter.engine.execution.InvocationInterceptorChain$ValidatingInvocation.proceed(InvocationInterceptorChain.java:124)
	at org.junit.jupiter.engine.extension.TimeoutExtension.intercept(TimeoutExtension.java:163)
	at org.junit.jupiter.engine.extension.TimeoutExtension.interceptTestableMethod(TimeoutExtension.java:148)
	at org.junit.jupiter.engine.extension.TimeoutExtension.interceptTestMethod(TimeoutExtension.java:86)
	at org.junit.jupiter.engine.execution.InterceptingExecutableInvoker$ReflectiveInterceptorCall.lambda$ofVoidMethod$0(InterceptingExecutableInvoker.java:123)
	at org.junit.jupiter.engine.execution.InterceptingExecutableInvoker.lambda$invoke$0(InterceptingExecutableInvoker.java:105)
	at org.junit.jupiter.engine.execution.InvocationInterceptorChain$InterceptedInvocation.proceed(InvocationInterceptorChain.java:99)
	at org.junit.jupiter.engine.execution.InvocationInterceptorChain.proceed(InvocationInterceptorChain.java:66)
	at org.junit.jupiter.engine.execution.InvocationInterceptorChain.chainAndInvoke(InvocationInterceptorChain.java:47)
	at org.junit.jupiter.engine.execution.InvocationInterceptorChain.invoke(InvocationInterceptorChain.java:39)
	at org.junit.jupiter.engine.execution.InterceptingExecutableInvoker.invoke(InterceptingExecutableInvoker.java:104)
	at org.junit.jupiter.engine.execution.InterceptingExecutableInvoker.invoke(InterceptingExecutableInvoker.java:98)
	at org.junit.jupiter.engine.execution.InterceptingExecutableInvoker.invokeVoid(InterceptingExecutableInvoker.java:71)
	at org.junit.jupiter.engine.descriptor.TestMethodTestDescriptor.lambda$invokeTestMethod$0(TestMethodTestDescriptor.java:219)
	at org.junit.platform.engine.support.hierarchical.ThrowableCollector.execute(ThrowableCollector.java:74)
	at org.junit.jupiter.engine.descriptor.TestMethodTestDescriptor.invokeTestMethod(TestMethodTestDescriptor.java:215)
	at org.junit.jupiter.engine.descriptor.TestMethodTestDescriptor.execute(TestMethodTestDescriptor.java:157)
	at org.junit.jupiter.engine.descriptor.TestMethodTestDescriptor.execute(TestMethodTestDescriptor.java:70)
	at org.junit.platform.engine.support.hierarchical.NodeTestTask.lambda$executeRecursively$2(NodeTestTask.java:176)
	at org.junit.platform.engine.support.hierarchical.ThrowableCollector.execute(ThrowableCollector.java:74)
	at org.junit.platform.engine.support.hierarchical.NodeTestTask.lambda$executeRecursively$1(NodeTestTask.java:166)
	at org.junit.platform.engine.support.hierarchical.Node.around(Node.java:138)
	at org.junit.platform.engine.support.hierarchical.NodeTestTask.lambda$executeRecursively$0(NodeTestTask.java:164)
	at org.junit.platform.engine.support.hierarchical.ThrowableCollector.execute(ThrowableCollector.java:74)
	at org.junit.platform.engine.support.hierarchical.NodeTestTask.executeRecursively(NodeTestTask.java:163)
	at org.junit.platform.engine.support.hierarchical.NodeTestTask.execute(NodeTestTask.java:116)
	at java.base/java.util.ArrayList.forEach(ArrayList.java:1604)
	at org.junit.platform.engine.support.hierarchical.SameThreadHierarchicalTestExecutorService.invokeAll(SameThreadHierarchicalTestExecutorService.java:42)
	at org.junit.platform.engine.support.hierarchical.NodeTestTask.lambda$executeRecursively$2(NodeTestTask.java:180)
	at org.junit.platform.engine.support.hierarchical.ThrowableCollector.execute(ThrowableCollector.java:74)
	at org.junit.platform.engine.support.hierarchical.NodeTestTask.lambda$executeRecursively$1(NodeTestTask.java:166)
	at org.junit.platform.engine.support.hierarchical.Node.around(Node.java:138)
	at org.junit.platform.engine.support.hierarchical.NodeTestTask.lambda$executeRecursively$0(NodeTestTask.java:164)
	at org.junit.platform.engine.support.hierarchical.ThrowableCollector.execute(ThrowableCollector.java:74)
	at org.junit.platform.engine.support.hierarchical.NodeTestTask.executeRecursively(NodeTestTask.java:163)
	at org.junit.platform.engine.support.hierarchical.NodeTestTask.execute(NodeTestTask.java:116)
	at java.base/java.util.ArrayList.forEach(ArrayList.java:1604)
	at org.junit.platform.engine.support.hierarchical.SameThreadHierarchicalTestExecutorService.invokeAll(SameThreadHierarchicalTestExecutorService.java:42)
	at org.junit.platform.engine.support.hierarchical.NodeTestTask.lambda$executeRecursively$2(NodeTestTask.java:180)
	at org.junit.platform.engine.support.hierarchical.ThrowableCollector.execute(ThrowableCollector.java:74)
	at org.junit.platform.engine.support.hierarchical.NodeTestTask.lambda$executeRecursively$1(NodeTestTask.java:166)
	at org.junit.platform.engine.support.hierarchical.Node.around(Node.java:138)
	at org.junit.platform.engine.support.hierarchical.NodeTestTask.lambda$executeRecursively$0(NodeTestTask.java:164)
	at org.junit.platform.engine.support.hierarchical.ThrowableCollector.execute(ThrowableCollector.java:74)
	at org.junit.platform.engine.support.hierarchical.NodeTestTask.executeRecursively(NodeTestTask.java:163)
	at org.junit.platform.engine.support.hierarchical.NodeTestTask.execute(NodeTestTask.java:116)
	at org.junit.platform.engine.support.hierarchical.SameThreadHierarchicalTestExecutorService.submit(SameThreadHierarchicalTestExecutorService.java:36)
	at org.junit.platform.engine.support.hierarchical.HierarchicalTestExecutor.execute(HierarchicalTestExecutor.java:52)
	at org.junit.platform.engine.support.hierarchical.HierarchicalTestEngine.execute(HierarchicalTestEngine.java:58)
	at org.junit.platform.launcher.core.EngineExecutionOrchestrator.executeEngine(EngineExecutionOrchestrator.java:246)
	at org.junit.platform.launcher.core.EngineExecutionOrchestrator.failOrExecuteEngine(EngineExecutionOrchestrator.java:218)
	at org.junit.platform.launcher.core.EngineExecutionOrchestrator.execute(EngineExecutionOrchestrator.java:179)
	at org.junit.platform.launcher.core.EngineExecutionOrchestrator.execute(EngineExecutionOrchestrator.java:108)
	at org.junit.platform.launcher.core.EngineExecutionOrchestrator.lambda$execute$0(EngineExecutionOrchestrator.java:66)
	at org.junit.platform.launcher.core.EngineExecutionOrchestrator.withInterceptedStreams(EngineExecutionOrchestrator.java:157)
	at org.junit.platform.launcher.core.EngineExecutionOrchestrator.execute(EngineExecutionOrchestrator.java:65)
	at org.junit.platform.launcher.core.DefaultLauncher.execute(DefaultLauncher.java:125)
	at org.junit.platform.launcher.core.DefaultLauncher.execute(DefaultLauncher.java:114)
	at org.junit.platform.launcher.core.DelegatingLauncher.execute(DelegatingLauncher.java:58)
	at org.junit.platform.launcher.core.InterceptingLauncher.lambda$execute$2(InterceptingLauncher.java:57)
	at org.junit.platform.launcher.core.ClasspathAlignmentCheckingLauncherInterceptor.intercept(ClasspathAlignmentCheckingLauncherInterceptor.java:25)
	at org.junit.platform.launcher.core.InterceptingLauncher.execute(InterceptingLauncher.java:56)
	at org.junit.platform.launcher.core.DelegatingLauncher.execute(DelegatingLauncher.java:58)
	at java.base/jdk.internal.reflect.DirectMethodHandleAccessor.invoke(DirectMethodHandleAccessor.java:104)
	at java.base/java.lang.reflect.Method.invoke(Method.java:565)
	at org.apache.maven.surefire.api.util.ReflectionUtils.invokeMethodWithArray(ReflectionUtils.java:125)
	at org.apache.maven.surefire.junitplatform.LauncherAdapter.executeWithCancellationToken(LauncherAdapter.java:68)
	at org.apache.maven.surefire.junitplatform.LauncherAdapter.execute(LauncherAdapter.java:54)
	at org.apache.maven.surefire.junitplatform.JUnitPlatformProvider.execute(JUnitPlatformProvider.java:203)
	at org.apache.maven.surefire.junitplatform.JUnitPlatformProvider.invokeAllTests(JUnitPlatformProvider.java:168)
	at org.apache.maven.surefire.junitplatform.JUnitPlatformProvider.invoke(JUnitPlatformProvider.java:136)
	at org.apache.maven.surefire.booter.ForkedBooter.runSuitesInProcess(ForkedBooter.java:385)
	at org.apache.maven.surefire.booter.ForkedBooter.execute(ForkedBooter.java:162)
	at org.apache.maven.surefire.booter.ForkedBooter.run(ForkedBooter.java:507)
	at org.apache.maven.surefire.booter.ForkedBooter.main(ForkedBooter.java:495)
2026-08-19 22:15:55.719 ERROR [2d943a9f-350b-4364-9be0-cc596fc05810] [main] c.s.s.common.logging.HttpLoggingFilter   : HTTP GET /api/usuarios - completado status=500 duration=6ms
2026-08-19 22:15:55.721 INFO  [6fe8050a-ba67-4b3d-93a0-6b3db49933ab] [main] c.s.s.common.logging.HttpLoggingFilter   : HTTP GET /api/usuarios - iniciando
2026-08-19 22:15:55.722 ERROR [6fe8050a-ba67-4b3d-93a0-6b3db49933ab] [main] c.s.s.c.e.GlobalExceptionHandler         : Error interno inesperado uri=/api/usuarios tipo=java.lang.NullPointerException
java.lang.NullPointerException: Cannot invoke "com.sdd.sdd.common.dto.PageResponse.getTotalElementos()" because "result" is null
	at com.sdd.sdd.usuario.controller.UsuarioController.listar(UsuarioController.java:67)
	at java.base/jdk.internal.reflect.DirectMethodHandleAccessor.invoke(DirectMethodHandleAccessor.java:104)
	at java.base/java.lang.reflect.Method.invoke(Method.java:565)
	at org.springframework.web.method.support.InvocableHandlerMethod.doInvoke(InvocableHandlerMethod.java:252)
	at org.springframework.web.method.support.InvocableHandlerMethod.invokeForRequest(InvocableHandlerMethod.java:184)
	at org.springframework.web.servlet.mvc.method.annotation.ServletInvocableHandlerMethod.invokeAndHandle(ServletInvocableHandlerMethod.java:117)
	at org.springframework.web.servlet.mvc.method.annotation.RequestMappingHandlerAdapter.invokeHandlerMethod(RequestMappingHandlerAdapter.java:934)
	at org.springframework.web.servlet.mvc.method.annotation.RequestMappingHandlerAdapter.handleInternal(RequestMappingHandlerAdapter.java:853)
	at org.springframework.web.servlet.mvc.method.AbstractHandlerMethodAdapter.handle(AbstractHandlerMethodAdapter.java:86)
	at org.springframework.web.servlet.DispatcherServlet.doDispatch(DispatcherServlet.java:963)
	at org.springframework.web.servlet.DispatcherServlet.doService(DispatcherServlet.java:866)
	at org.springframework.web.servlet.FrameworkServlet.processRequest(FrameworkServlet.java:1000)
	at org.springframework.web.servlet.FrameworkServlet.doGet(FrameworkServlet.java:892)
	at jakarta.servlet.http.HttpServlet.service(HttpServlet.java:622)
	at org.springframework.web.servlet.FrameworkServlet.service(FrameworkServlet.java:874)
	at org.springframework.test.web.servlet.TestDispatcherServlet.service(TestDispatcherServlet.java:72)
	at jakarta.servlet.http.HttpServlet.service(HttpServlet.java:710)
	at org.springframework.mock.web.MockFilterChain$ServletFilterProxy.doFilter(MockFilterChain.java:160)
	at org.springframework.mock.web.MockFilterChain.doFilter(MockFilterChain.java:127)
	at org.springframework.web.filter.CompositeFilter$VirtualFilterChain.doFilter(CompositeFilter.java:108)
	at org.springframework.security.web.FilterChainProxy.lambda$doFilterInternal$2(FilterChainProxy.java:235)
	at org.springframework.security.web.FilterChainProxy$VirtualFilterChain.doFilter(FilterChainProxy.java:376)
	at org.springframework.security.web.access.intercept.AuthorizationFilter.doFilter(AuthorizationFilter.java:101)
	at org.springframework.security.web.FilterChainProxy$VirtualFilterChain.doFilter(FilterChainProxy.java:385)
	at org.springframework.security.web.access.ExceptionTranslationFilter.doFilter(ExceptionTranslationFilter.java:126)
	at org.springframework.security.web.access.ExceptionTranslationFilter.doFilter(ExceptionTranslationFilter.java:120)
	at org.springframework.security.web.FilterChainProxy$VirtualFilterChain.doFilter(FilterChainProxy.java:385)
	at org.springframework.security.web.authentication.AnonymousAuthenticationFilter.doFilter(AnonymousAuthenticationFilter.java:100)
	at org.springframework.security.web.FilterChainProxy$VirtualFilterChain.doFilter(FilterChainProxy.java:385)
	at org.springframework.security.web.servletapi.SecurityContextHolderAwareRequestFilter.doFilter(SecurityContextHolderAwareRequestFilter.java:181)
	at org.springframework.security.web.FilterChainProxy$VirtualFilterChain.doFilter(FilterChainProxy.java:385)
	at org.springframework.security.web.savedrequest.RequestCacheAwareFilter.doFilter(RequestCacheAwareFilter.java:63)
	at org.springframework.security.web.FilterChainProxy$VirtualFilterChain.doFilter(FilterChainProxy.java:385)
	at org.springframework.security.web.authentication.logout.LogoutFilter.doFilter(LogoutFilter.java:110)
	at org.springframework.security.web.authentication.logout.LogoutFilter.doFilter(LogoutFilter.java:96)
	at org.springframework.security.web.FilterChainProxy$VirtualFilterChain.doFilter(FilterChainProxy.java:385)
	at org.springframework.security.web.header.HeaderWriterFilter.doHeadersAfter(HeaderWriterFilter.java:90)
	at org.springframework.security.web.header.HeaderWriterFilter.doFilterInternal(HeaderWriterFilter.java:75)
	at org.springframework.web.filter.OncePerRequestFilter.doFilter(OncePerRequestFilter.java:116)
	at org.springframework.security.web.FilterChainProxy$VirtualFilterChain.doFilter(FilterChainProxy.java:385)
	at org.springframework.security.web.context.SecurityContextHolderFilter.doFilter(SecurityContextHolderFilter.java:82)
	at org.springframework.security.web.context.SecurityContextHolderFilter.doFilter(SecurityContextHolderFilter.java:69)
	at org.springframework.security.web.FilterChainProxy$VirtualFilterChain.doFilter(FilterChainProxy.java:385)
	at org.springframework.security.web.context.request.async.WebAsyncManagerIntegrationFilter.doFilterInternal(WebAsyncManagerIntegrationFilter.java:62)
	at org.springframework.web.filter.OncePerRequestFilter.doFilter(OncePerRequestFilter.java:116)
	at org.springframework.security.web.FilterChainProxy$VirtualFilterChain.doFilter(FilterChainProxy.java:385)
	at org.springframework.security.web.session.DisableEncodeUrlFilter.doFilterInternal(DisableEncodeUrlFilter.java:42)
	at org.springframework.web.filter.OncePerRequestFilter.doFilter(OncePerRequestFilter.java:116)
	at org.springframework.security.web.FilterChainProxy$VirtualFilterChain.doFilter(FilterChainProxy.java:385)
	at org.springframework.security.web.FilterChainProxy.doFilterInternal(FilterChainProxy.java:237)
	at org.springframework.security.web.FilterChainProxy.doFilter(FilterChainProxy.java:195)
	at org.springframework.web.filter.CompositeFilter$VirtualFilterChain.doFilter(CompositeFilter.java:113)
	at org.springframework.web.filter.ServletRequestPathFilter.doFilter(ServletRequestPathFilter.java:52)
	at org.springframework.web.filter.CompositeFilter$VirtualFilterChain.doFilter(CompositeFilter.java:113)
	at org.springframework.web.filter.CompositeFilter.doFilter(CompositeFilter.java:74)
	at org.springframework.security.config.annotation.web.configuration.WebSecurityConfiguration$CompositeFilterChainProxy.doFilter(WebSecurityConfiguration.java:317)
	at org.springframework.test.web.servlet.setup.MockMvcFilterDecorator.doFilter(MockMvcFilterDecorator.java:160)
	at org.springframework.mock.web.MockFilterChain.doFilter(MockFilterChain.java:127)
	at com.sdd.sdd.common.logging.HttpLoggingFilter.doFilterInternal(HttpLoggingFilter.java:41)
	at org.springframework.web.filter.OncePerRequestFilter.doFilter(OncePerRequestFilter.java:116)
	at org.springframework.test.web.servlet.setup.MockMvcFilterDecorator.doFilter(MockMvcFilterDecorator.java:160)
	at org.springframework.mock.web.MockFilterChain.doFilter(MockFilterChain.java:127)
	at com.sdd.sdd.common.logging.CorrelationIdFilter.doFilterInternal(CorrelationIdFilter.java:45)
	at org.springframework.web.filter.OncePerRequestFilter.doFilter(OncePerRequestFilter.java:116)
	at org.springframework.test.web.servlet.setup.MockMvcFilterDecorator.doFilter(MockMvcFilterDecorator.java:160)
	at org.springframework.mock.web.MockFilterChain.doFilter(MockFilterChain.java:127)
	at org.springframework.web.filter.RequestContextFilter.doFilterInternal(RequestContextFilter.java:100)
	at org.springframework.web.filter.OncePerRequestFilter.doFilter(OncePerRequestFilter.java:116)
	at org.springframework.test.web.servlet.setup.MockMvcFilterDecorator.doFilter(MockMvcFilterDecorator.java:160)
	at org.springframework.mock.web.MockFilterChain.doFilter(MockFilterChain.java:127)
	at org.springframework.web.filter.FormContentFilter.doFilterInternal(FormContentFilter.java:93)
	at org.springframework.web.filter.OncePerRequestFilter.doFilter(OncePerRequestFilter.java:116)
	at org.springframework.test.web.servlet.setup.MockMvcFilterDecorator.doFilter(MockMvcFilterDecorator.java:160)
	at org.springframework.mock.web.MockFilterChain.doFilter(MockFilterChain.java:127)
	at org.springframework.web.filter.CharacterEncodingFilter.doFilterInternal(CharacterEncodingFilter.java:199)
	at org.springframework.web.filter.OncePerRequestFilter.doFilter(OncePerRequestFilter.java:116)
	at org.springframework.test.web.servlet.setup.MockMvcFilterDecorator.doFilter(MockMvcFilterDecorator.java:160)
	at org.springframework.mock.web.MockFilterChain.doFilter(MockFilterChain.java:127)
	at org.springframework.test.web.servlet.MockMvc.perform(MockMvc.java:199)
	at com.sdd.sdd.common.logging.CorrelationIdFilterTest.cadaPeticionGeneraCorrelationIdUnico(CorrelationIdFilterTest.java:87)
	at java.base/jdk.internal.reflect.DirectMethodHandleAccessor.invoke(DirectMethodHandleAccessor.java:104)
	at java.base/java.lang.reflect.Method.invoke(Method.java:565)
	at org.junit.platform.commons.util.ReflectionUtils.invokeMethod(ReflectionUtils.java:701)
	at org.junit.platform.commons.support.ReflectionSupport.invokeMethod(ReflectionSupport.java:502)
	at org.junit.jupiter.engine.support.MethodReflectionUtils.invoke(MethodReflectionUtils.java:45)
	at org.junit.jupiter.engine.execution.MethodInvocation.proceed(MethodInvocation.java:61)
	at org.junit.jupiter.engine.execution.InvocationInterceptorChain$ValidatingInvocation.proceed(InvocationInterceptorChain.java:124)
	at org.junit.jupiter.engine.extension.TimeoutExtension.intercept(TimeoutExtension.java:163)
	at org.junit.jupiter.engine.extension.TimeoutExtension.interceptTestableMethod(TimeoutExtension.java:148)
	at org.junit.jupiter.engine.extension.TimeoutExtension.interceptTestMethod(TimeoutExtension.java:86)
	at org.junit.jupiter.engine.execution.InterceptingExecutableInvoker$ReflectiveInterceptorCall.lambda$ofVoidMethod$0(InterceptingExecutableInvoker.java:123)
	at org.junit.jupiter.engine.execution.InterceptingExecutableInvoker.lambda$invoke$0(InterceptingExecutableInvoker.java:105)
	at org.junit.jupiter.engine.execution.InvocationInterceptorChain$InterceptedInvocation.proceed(InvocationInterceptorChain.java:99)
	at org.junit.jupiter.engine.execution.InvocationInterceptorChain.proceed(InvocationInterceptorChain.java:66)
	at org.junit.jupiter.engine.execution.InvocationInterceptorChain.chainAndInvoke(InvocationInterceptorChain.java:47)
	at org.junit.jupiter.engine.execution.InvocationInterceptorChain.invoke(InvocationInterceptorChain.java:39)
	at org.junit.jupiter.engine.execution.InterceptingExecutableInvoker.invoke(InterceptingExecutableInvoker.java:104)
	at org.junit.jupiter.engine.execution.InterceptingExecutableInvoker.invoke(InterceptingExecutableInvoker.java:98)
	at org.junit.jupiter.engine.execution.InterceptingExecutableInvoker.invokeVoid(InterceptingExecutableInvoker.java:71)
	at org.junit.jupiter.engine.descriptor.TestMethodTestDescriptor.lambda$invokeTestMethod$0(TestMethodTestDescriptor.java:219)
	at org.junit.platform.engine.support.hierarchical.ThrowableCollector.execute(ThrowableCollector.java:74)
	at org.junit.jupiter.engine.descriptor.TestMethodTestDescriptor.invokeTestMethod(TestMethodTestDescriptor.java:215)
	at org.junit.jupiter.engine.descriptor.TestMethodTestDescriptor.execute(TestMethodTestDescriptor.java:157)
	at org.junit.jupiter.engine.descriptor.TestMethodTestDescriptor.execute(TestMethodTestDescriptor.java:70)
	at org.junit.platform.engine.support.hierarchical.NodeTestTask.lambda$executeRecursively$2(NodeTestTask.java:176)
	at org.junit.platform.engine.support.hierarchical.ThrowableCollector.execute(ThrowableCollector.java:74)
	at org.junit.platform.engine.support.hierarchical.NodeTestTask.lambda$executeRecursively$1(NodeTestTask.java:166)
	at org.junit.platform.engine.support.hierarchical.Node.around(Node.java:138)
	at org.junit.platform.engine.support.hierarchical.NodeTestTask.lambda$executeRecursively$0(NodeTestTask.java:164)
	at org.junit.platform.engine.support.hierarchical.ThrowableCollector.execute(ThrowableCollector.java:74)
	at org.junit.platform.engine.support.hierarchical.NodeTestTask.executeRecursively(NodeTestTask.java:163)
	at org.junit.platform.engine.support.hierarchical.NodeTestTask.execute(NodeTestTask.java:116)
	at java.base/java.util.ArrayList.forEach(ArrayList.java:1604)
	at org.junit.platform.engine.support.hierarchical.SameThreadHierarchicalTestExecutorService.invokeAll(SameThreadHierarchicalTestExecutorService.java:42)
	at org.junit.platform.engine.support.hierarchical.NodeTestTask.lambda$executeRecursively$2(NodeTestTask.java:180)
	at org.junit.platform.engine.support.hierarchical.ThrowableCollector.execute(ThrowableCollector.java:74)
	at org.junit.platform.engine.support.hierarchical.NodeTestTask.lambda$executeRecursively$1(NodeTestTask.java:166)
	at org.junit.platform.engine.support.hierarchical.Node.around(Node.java:138)
	at org.junit.platform.engine.support.hierarchical.NodeTestTask.lambda$executeRecursively$0(NodeTestTask.java:164)
	at org.junit.platform.engine.support.hierarchical.ThrowableCollector.execute(ThrowableCollector.java:74)
	at org.junit.platform.engine.support.hierarchical.NodeTestTask.executeRecursively(NodeTestTask.java:163)
	at org.junit.platform.engine.support.hierarchical.NodeTestTask.execute(NodeTestTask.java:116)
	at java.base/java.util.ArrayList.forEach(ArrayList.java:1604)
	at org.junit.platform.engine.support.hierarchical.SameThreadHierarchicalTestExecutorService.invokeAll(SameThreadHierarchicalTestExecutorService.java:42)
	at org.junit.platform.engine.support.hierarchical.NodeTestTask.lambda$executeRecursively$2(NodeTestTask.java:180)
	at org.junit.platform.engine.support.hierarchical.ThrowableCollector.execute(ThrowableCollector.java:74)
	at org.junit.platform.engine.support.hierarchical.NodeTestTask.lambda$executeRecursively$1(NodeTestTask.java:166)
	at org.junit.platform.engine.support.hierarchical.Node.around(Node.java:138)
	at org.junit.platform.engine.support.hierarchical.NodeTestTask.lambda$executeRecursively$0(NodeTestTask.java:164)
	at org.junit.platform.engine.support.hierarchical.ThrowableCollector.execute(ThrowableCollector.java:74)
	at org.junit.platform.engine.support.hierarchical.NodeTestTask.executeRecursively(NodeTestTask.java:163)
	at org.junit.platform.engine.support.hierarchical.NodeTestTask.execute(NodeTestTask.java:116)
	at org.junit.platform.engine.support.hierarchical.SameThreadHierarchicalTestExecutorService.submit(SameThreadHierarchicalTestExecutorService.java:36)
	at org.junit.platform.engine.support.hierarchical.HierarchicalTestExecutor.execute(HierarchicalTestExecutor.java:52)
	at org.junit.platform.engine.support.hierarchical.HierarchicalTestEngine.execute(HierarchicalTestEngine.java:58)
	at org.junit.platform.launcher.core.EngineExecutionOrchestrator.executeEngine(EngineExecutionOrchestrator.java:246)
	at org.junit.platform.launcher.core.EngineExecutionOrchestrator.failOrExecuteEngine(EngineExecutionOrchestrator.java:218)
	at org.junit.platform.launcher.core.EngineExecutionOrchestrator.execute(EngineExecutionOrchestrator.java:179)
	at org.junit.platform.launcher.core.EngineExecutionOrchestrator.execute(EngineExecutionOrchestrator.java:108)
	at org.junit.platform.launcher.core.EngineExecutionOrchestrator.lambda$execute$0(EngineExecutionOrchestrator.java:66)
	at org.junit.platform.launcher.core.EngineExecutionOrchestrator.withInterceptedStreams(EngineExecutionOrchestrator.java:157)
	at org.junit.platform.launcher.core.EngineExecutionOrchestrator.execute(EngineExecutionOrchestrator.java:65)
	at org.junit.platform.launcher.core.DefaultLauncher.execute(DefaultLauncher.java:125)
	at org.junit.platform.launcher.core.DefaultLauncher.execute(DefaultLauncher.java:114)
	at org.junit.platform.launcher.core.DelegatingLauncher.execute(DelegatingLauncher.java:58)
	at org.junit.platform.launcher.core.InterceptingLauncher.lambda$execute$2(InterceptingLauncher.java:57)
	at org.junit.platform.launcher.core.ClasspathAlignmentCheckingLauncherInterceptor.intercept(ClasspathAlignmentCheckingLauncherInterceptor.java:25)
	at org.junit.platform.launcher.core.InterceptingLauncher.execute(InterceptingLauncher.java:56)
	at org.junit.platform.launcher.core.DelegatingLauncher.execute(DelegatingLauncher.java:58)
	at java.base/jdk.internal.reflect.DirectMethodHandleAccessor.invoke(DirectMethodHandleAccessor.java:104)
	at java.base/java.lang.reflect.Method.invoke(Method.java:565)
	at org.apache.maven.surefire.api.util.ReflectionUtils.invokeMethodWithArray(ReflectionUtils.java:125)
	at org.apache.maven.surefire.junitplatform.LauncherAdapter.executeWithCancellationToken(LauncherAdapter.java:68)
	at org.apache.maven.surefire.junitplatform.LauncherAdapter.execute(LauncherAdapter.java:54)
	at org.apache.maven.surefire.junitplatform.JUnitPlatformProvider.execute(JUnitPlatformProvider.java:203)
	at org.apache.maven.surefire.junitplatform.JUnitPlatformProvider.invokeAllTests(JUnitPlatformProvider.java:168)
	at org.apache.maven.surefire.junitplatform.JUnitPlatformProvider.invoke(JUnitPlatformProvider.java:136)
	at org.apache.maven.surefire.booter.ForkedBooter.runSuitesInProcess(ForkedBooter.java:385)
	at org.apache.maven.surefire.booter.ForkedBooter.execute(ForkedBooter.java:162)
	at org.apache.maven.surefire.booter.ForkedBooter.run(ForkedBooter.java:507)
	at org.apache.maven.surefire.booter.ForkedBooter.main(ForkedBooter.java:495)
2026-08-19 22:15:55.725 ERROR [6fe8050a-ba67-4b3d-93a0-6b3db49933ab] [main] c.s.s.common.logging.HttpLoggingFilter   : HTTP GET /api/usuarios - completado status=500 duration=4ms
2026-08-19 22:15:55.734 INFO  [0ecb7eab-acbf-452c-b643-b2f20f7e7ca4] [main] c.s.s.common.logging.HttpLoggingFilter   : HTTP GET /api/usuarios - iniciando
2026-08-19 22:15:55.737 ERROR [0ecb7eab-acbf-452c-b643-b2f20f7e7ca4] [main] c.s.s.c.e.GlobalExceptionHandler         : Error interno inesperado uri=/api/usuarios tipo=java.lang.NullPointerException
java.lang.NullPointerException: Cannot invoke "com.sdd.sdd.common.dto.PageResponse.getTotalElementos()" because "result" is null
	at com.sdd.sdd.usuario.controller.UsuarioController.listar(UsuarioController.java:67)
	at java.base/jdk.internal.reflect.DirectMethodHandleAccessor.invoke(DirectMethodHandleAccessor.java:104)
	at java.base/java.lang.reflect.Method.invoke(Method.java:565)
	at org.springframework.web.method.support.InvocableHandlerMethod.doInvoke(InvocableHandlerMethod.java:252)
	at org.springframework.web.method.support.InvocableHandlerMethod.invokeForRequest(InvocableHandlerMethod.java:184)
	at org.springframework.web.servlet.mvc.method.annotation.ServletInvocableHandlerMethod.invokeAndHandle(ServletInvocableHandlerMethod.java:117)
	at org.springframework.web.servlet.mvc.method.annotation.RequestMappingHandlerAdapter.invokeHandlerMethod(RequestMappingHandlerAdapter.java:934)
	at org.springframework.web.servlet.mvc.method.annotation.RequestMappingHandlerAdapter.handleInternal(RequestMappingHandlerAdapter.java:853)
	at org.springframework.web.servlet.mvc.method.AbstractHandlerMethodAdapter.handle(AbstractHandlerMethodAdapter.java:86)
	at org.springframework.web.servlet.DispatcherServlet.doDispatch(DispatcherServlet.java:963)
	at org.springframework.web.servlet.DispatcherServlet.doService(DispatcherServlet.java:866)
	at org.springframework.web.servlet.FrameworkServlet.processRequest(FrameworkServlet.java:1000)
	at org.springframework.web.servlet.FrameworkServlet.doGet(FrameworkServlet.java:892)
	at jakarta.servlet.http.HttpServlet.service(HttpServlet.java:622)
	at org.springframework.web.servlet.FrameworkServlet.service(FrameworkServlet.java:874)
	at org.springframework.test.web.servlet.TestDispatcherServlet.service(TestDispatcherServlet.java:72)
	at jakarta.servlet.http.HttpServlet.service(HttpServlet.java:710)
	at org.springframework.mock.web.MockFilterChain$ServletFilterProxy.doFilter(MockFilterChain.java:160)
	at org.springframework.mock.web.MockFilterChain.doFilter(MockFilterChain.java:127)
	at org.springframework.web.filter.CompositeFilter$VirtualFilterChain.doFilter(CompositeFilter.java:108)
	at org.springframework.security.web.FilterChainProxy.lambda$doFilterInternal$2(FilterChainProxy.java:235)
	at org.springframework.security.web.FilterChainProxy$VirtualFilterChain.doFilter(FilterChainProxy.java:376)
	at org.springframework.security.web.access.intercept.AuthorizationFilter.doFilter(AuthorizationFilter.java:101)
	at org.springframework.security.web.FilterChainProxy$VirtualFilterChain.doFilter(FilterChainProxy.java:385)
	at org.springframework.security.web.access.ExceptionTranslationFilter.doFilter(ExceptionTranslationFilter.java:126)
	at org.springframework.security.web.access.ExceptionTranslationFilter.doFilter(ExceptionTranslationFilter.java:120)
	at org.springframework.security.web.FilterChainProxy$VirtualFilterChain.doFilter(FilterChainProxy.java:385)
	at org.springframework.security.web.authentication.AnonymousAuthenticationFilter.doFilter(AnonymousAuthenticationFilter.java:100)
	at org.springframework.security.web.FilterChainProxy$VirtualFilterChain.doFilter(FilterChainProxy.java:385)
	at org.springframework.security.web.servletapi.SecurityContextHolderAwareRequestFilter.doFilter(SecurityContextHolderAwareRequestFilter.java:181)
	at org.springframework.security.web.FilterChainProxy$VirtualFilterChain.doFilter(FilterChainProxy.java:385)
	at org.springframework.security.web.savedrequest.RequestCacheAwareFilter.doFilter(RequestCacheAwareFilter.java:63)
	at org.springframework.security.web.FilterChainProxy$VirtualFilterChain.doFilter(FilterChainProxy.java:385)
	at org.springframework.security.web.authentication.logout.LogoutFilter.doFilter(LogoutFilter.java:110)
	at org.springframework.security.web.authentication.logout.LogoutFilter.doFilter(LogoutFilter.java:96)
	at org.springframework.security.web.FilterChainProxy$VirtualFilterChain.doFilter(FilterChainProxy.java:385)
	at org.springframework.security.web.header.HeaderWriterFilter.doHeadersAfter(HeaderWriterFilter.java:90)
	at org.springframework.security.web.header.HeaderWriterFilter.doFilterInternal(HeaderWriterFilter.java:75)
	at org.springframework.web.filter.OncePerRequestFilter.doFilter(OncePerRequestFilter.java:116)
	at org.springframework.security.web.FilterChainProxy$VirtualFilterChain.doFilter(FilterChainProxy.java:385)
	at org.springframework.security.web.context.SecurityContextHolderFilter.doFilter(SecurityContextHolderFilter.java:82)
	at org.springframework.security.web.context.SecurityContextHolderFilter.doFilter(SecurityContextHolderFilter.java:69)
	at org.springframework.security.web.FilterChainProxy$VirtualFilterChain.doFilter(FilterChainProxy.java:385)
	at org.springframework.security.web.context.request.async.WebAsyncManagerIntegrationFilter.doFilterInternal(WebAsyncManagerIntegrationFilter.java:62)
	at org.springframework.web.filter.OncePerRequestFilter.doFilter(OncePerRequestFilter.java:116)
	at org.springframework.security.web.FilterChainProxy$VirtualFilterChain.doFilter(FilterChainProxy.java:385)
	at org.springframework.security.web.session.DisableEncodeUrlFilter.doFilterInternal(DisableEncodeUrlFilter.java:42)
	at org.springframework.web.filter.OncePerRequestFilter.doFilter(OncePerRequestFilter.java:116)
	at org.springframework.security.web.FilterChainProxy$VirtualFilterChain.doFilter(FilterChainProxy.java:385)
	at org.springframework.security.web.FilterChainProxy.doFilterInternal(FilterChainProxy.java:237)
	at org.springframework.security.web.FilterChainProxy.doFilter(FilterChainProxy.java:195)
	at org.springframework.web.filter.CompositeFilter$VirtualFilterChain.doFilter(CompositeFilter.java:113)
	at org.springframework.web.filter.ServletRequestPathFilter.doFilter(ServletRequestPathFilter.java:52)
	at org.springframework.web.filter.CompositeFilter$VirtualFilterChain.doFilter(CompositeFilter.java:113)
	at org.springframework.web.filter.CompositeFilter.doFilter(CompositeFilter.java:74)
	at org.springframework.security.config.annotation.web.configuration.WebSecurityConfiguration$CompositeFilterChainProxy.doFilter(WebSecurityConfiguration.java:317)
	at org.springframework.test.web.servlet.setup.MockMvcFilterDecorator.doFilter(MockMvcFilterDecorator.java:160)
	at org.springframework.mock.web.MockFilterChain.doFilter(MockFilterChain.java:127)
	at com.sdd.sdd.common.logging.HttpLoggingFilter.doFilterInternal(HttpLoggingFilter.java:41)
	at org.springframework.web.filter.OncePerRequestFilter.doFilter(OncePerRequestFilter.java:116)
	at org.springframework.test.web.servlet.setup.MockMvcFilterDecorator.doFilter(MockMvcFilterDecorator.java:160)
	at org.springframework.mock.web.MockFilterChain.doFilter(MockFilterChain.java:127)
	at com.sdd.sdd.common.logging.CorrelationIdFilter.doFilterInternal(CorrelationIdFilter.java:45)
	at org.springframework.web.filter.OncePerRequestFilter.doFilter(OncePerRequestFilter.java:116)
	at org.springframework.test.web.servlet.setup.MockMvcFilterDecorator.doFilter(MockMvcFilterDecorator.java:160)
	at org.springframework.mock.web.MockFilterChain.doFilter(MockFilterChain.java:127)
	at org.springframework.web.filter.RequestContextFilter.doFilterInternal(RequestContextFilter.java:100)
	at org.springframework.web.filter.OncePerRequestFilter.doFilter(OncePerRequestFilter.java:116)
	at org.springframework.test.web.servlet.setup.MockMvcFilterDecorator.doFilter(MockMvcFilterDecorator.java:160)
	at org.springframework.mock.web.MockFilterChain.doFilter(MockFilterChain.java:127)
	at org.springframework.web.filter.FormContentFilter.doFilterInternal(FormContentFilter.java:93)
	at org.springframework.web.filter.OncePerRequestFilter.doFilter(OncePerRequestFilter.java:116)
	at org.springframework.test.web.servlet.setup.MockMvcFilterDecorator.doFilter(MockMvcFilterDecorator.java:160)
	at org.springframework.mock.web.MockFilterChain.doFilter(MockFilterChain.java:127)
	at org.springframework.web.filter.CharacterEncodingFilter.doFilterInternal(CharacterEncodingFilter.java:199)
	at org.springframework.web.filter.OncePerRequestFilter.doFilter(OncePerRequestFilter.java:116)
	at org.springframework.test.web.servlet.setup.MockMvcFilterDecorator.doFilter(MockMvcFilterDecorator.java:160)
	at org.springframework.mock.web.MockFilterChain.doFilter(MockFilterChain.java:127)
	at org.springframework.test.web.servlet.MockMvc.perform(MockMvc.java:199)
	at com.sdd.sdd.common.logging.CorrelationIdFilterTest.mdcLimpioAlTerminarLaPeticion(CorrelationIdFilterTest.java:75)
	at java.base/jdk.internal.reflect.DirectMethodHandleAccessor.invoke(DirectMethodHandleAccessor.java:104)
	at java.base/java.lang.reflect.Method.invoke(Method.java:565)
	at org.junit.platform.commons.util.ReflectionUtils.invokeMethod(ReflectionUtils.java:701)
	at org.junit.platform.commons.support.ReflectionSupport.invokeMethod(ReflectionSupport.java:502)
	at org.junit.jupiter.engine.support.MethodReflectionUtils.invoke(MethodReflectionUtils.java:45)
	at org.junit.jupiter.engine.execution.MethodInvocation.proceed(MethodInvocation.java:61)
	at org.junit.jupiter.engine.execution.InvocationInterceptorChain$ValidatingInvocation.proceed(InvocationInterceptorChain.java:124)
	at org.junit.jupiter.engine.extension.TimeoutExtension.intercept(TimeoutExtension.java:163)
	at org.junit.jupiter.engine.extension.TimeoutExtension.interceptTestableMethod(TimeoutExtension.java:148)
	at org.junit.jupiter.engine.extension.TimeoutExtension.interceptTestMethod(TimeoutExtension.java:86)
	at org.junit.jupiter.engine.execution.InterceptingExecutableInvoker$ReflectiveInterceptorCall.lambda$ofVoidMethod$0(InterceptingExecutableInvoker.java:123)
	at org.junit.jupiter.engine.execution.InterceptingExecutableInvoker.lambda$invoke$0(InterceptingExecutableInvoker.java:105)
	at org.junit.jupiter.engine.execution.InvocationInterceptorChain$InterceptedInvocation.proceed(InvocationInterceptorChain.java:99)
	at org.junit.jupiter.engine.execution.InvocationInterceptorChain.proceed(InvocationInterceptorChain.java:66)
	at org.junit.jupiter.engine.execution.InvocationInterceptorChain.chainAndInvoke(InvocationInterceptorChain.java:47)
	at org.junit.jupiter.engine.execution.InvocationInterceptorChain.invoke(InvocationInterceptorChain.java:39)
	at org.junit.jupiter.engine.execution.InterceptingExecutableInvoker.invoke(InterceptingExecutableInvoker.java:104)
	at org.junit.jupiter.engine.execution.InterceptingExecutableInvoker.invoke(InterceptingExecutableInvoker.java:98)
	at org.junit.jupiter.engine.execution.InterceptingExecutableInvoker.invokeVoid(InterceptingExecutableInvoker.java:71)
	at org.junit.jupiter.engine.descriptor.TestMethodTestDescriptor.lambda$invokeTestMethod$0(TestMethodTestDescriptor.java:219)
	at org.junit.platform.engine.support.hierarchical.ThrowableCollector.execute(ThrowableCollector.java:74)
	at org.junit.jupiter.engine.descriptor.TestMethodTestDescriptor.invokeTestMethod(TestMethodTestDescriptor.java:215)
	at org.junit.jupiter.engine.descriptor.TestMethodTestDescriptor.execute(TestMethodTestDescriptor.java:157)
	at org.junit.jupiter.engine.descriptor.TestMethodTestDescriptor.execute(TestMethodTestDescriptor.java:70)
	at org.junit.platform.engine.support.hierarchical.NodeTestTask.lambda$executeRecursively$2(NodeTestTask.java:176)
	at org.junit.platform.engine.support.hierarchical.ThrowableCollector.execute(ThrowableCollector.java:74)
	at org.junit.platform.engine.support.hierarchical.NodeTestTask.lambda$executeRecursively$1(NodeTestTask.java:166)
	at org.junit.platform.engine.support.hierarchical.Node.around(Node.java:138)
	at org.junit.platform.engine.support.hierarchical.NodeTestTask.lambda$executeRecursively$0(NodeTestTask.java:164)
	at org.junit.platform.engine.support.hierarchical.ThrowableCollector.execute(ThrowableCollector.java:74)
	at org.junit.platform.engine.support.hierarchical.NodeTestTask.executeRecursively(NodeTestTask.java:163)
	at org.junit.platform.engine.support.hierarchical.NodeTestTask.execute(NodeTestTask.java:116)
	at java.base/java.util.ArrayList.forEach(ArrayList.java:1604)
	at org.junit.platform.engine.support.hierarchical.SameThreadHierarchicalTestExecutorService.invokeAll(SameThreadHierarchicalTestExecutorService.java:42)
	at org.junit.platform.engine.support.hierarchical.NodeTestTask.lambda$executeRecursively$2(NodeTestTask.java:180)
	at org.junit.platform.engine.support.hierarchical.ThrowableCollector.execute(ThrowableCollector.java:74)
	at org.junit.platform.engine.support.hierarchical.NodeTestTask.lambda$executeRecursively$1(NodeTestTask.java:166)
	at org.junit.platform.engine.support.hierarchical.Node.around(Node.java:138)
	at org.junit.platform.engine.support.hierarchical.NodeTestTask.lambda$executeRecursively$0(NodeTestTask.java:164)
	at org.junit.platform.engine.support.hierarchical.ThrowableCollector.execute(ThrowableCollector.java:74)
	at org.junit.platform.engine.support.hierarchical.NodeTestTask.executeRecursively(NodeTestTask.java:163)
	at org.junit.platform.engine.support.hierarchical.NodeTestTask.execute(NodeTestTask.java:116)
	at java.base/java.util.ArrayList.forEach(ArrayList.java:1604)
	at org.junit.platform.engine.support.hierarchical.SameThreadHierarchicalTestExecutorService.invokeAll(SameThreadHierarchicalTestExecutorService.java:42)
	at org.junit.platform.engine.support.hierarchical.NodeTestTask.lambda$executeRecursively$2(NodeTestTask.java:180)
	at org.junit.platform.engine.support.hierarchical.ThrowableCollector.execute(ThrowableCollector.java:74)
	at org.junit.platform.engine.support.hierarchical.NodeTestTask.lambda$executeRecursively$1(NodeTestTask.java:166)
	at org.junit.platform.engine.support.hierarchical.Node.around(Node.java:138)
	at org.junit.platform.engine.support.hierarchical.NodeTestTask.lambda$executeRecursively$0(NodeTestTask.java:164)
	at org.junit.platform.engine.support.hierarchical.ThrowableCollector.execute(ThrowableCollector.java:74)
	at org.junit.platform.engine.support.hierarchical.NodeTestTask.executeRecursively(NodeTestTask.java:163)
	at org.junit.platform.engine.support.hierarchical.NodeTestTask.execute(NodeTestTask.java:116)
	at org.junit.platform.engine.support.hierarchical.SameThreadHierarchicalTestExecutorService.submit(SameThreadHierarchicalTestExecutorService.java:36)
	at org.junit.platform.engine.support.hierarchical.HierarchicalTestExecutor.execute(HierarchicalTestExecutor.java:52)
	at org.junit.platform.engine.support.hierarchical.HierarchicalTestEngine.execute(HierarchicalTestEngine.java:58)
	at org.junit.platform.launcher.core.EngineExecutionOrchestrator.executeEngine(EngineExecutionOrchestrator.java:246)
	at org.junit.platform.launcher.core.EngineExecutionOrchestrator.failOrExecuteEngine(EngineExecutionOrchestrator.java:218)
	at org.junit.platform.launcher.core.EngineExecutionOrchestrator.execute(EngineExecutionOrchestrator.java:179)
	at org.junit.platform.launcher.core.EngineExecutionOrchestrator.execute(EngineExecutionOrchestrator.java:108)
	at org.junit.platform.launcher.core.EngineExecutionOrchestrator.lambda$execute$0(EngineExecutionOrchestrator.java:66)
	at org.junit.platform.launcher.core.EngineExecutionOrchestrator.withInterceptedStreams(EngineExecutionOrchestrator.java:157)
	at org.junit.platform.launcher.core.EngineExecutionOrchestrator.execute(EngineExecutionOrchestrator.java:65)
	at org.junit.platform.launcher.core.DefaultLauncher.execute(DefaultLauncher.java:125)
	at org.junit.platform.launcher.core.DefaultLauncher.execute(DefaultLauncher.java:114)
	at org.junit.platform.launcher.core.DelegatingLauncher.execute(DelegatingLauncher.java:58)
	at org.junit.platform.launcher.core.InterceptingLauncher.lambda$execute$2(InterceptingLauncher.java:57)
	at org.junit.platform.launcher.core.ClasspathAlignmentCheckingLauncherInterceptor.intercept(ClasspathAlignmentCheckingLauncherInterceptor.java:25)
	at org.junit.platform.launcher.core.InterceptingLauncher.execute(InterceptingLauncher.java:56)
	at org.junit.platform.launcher.core.DelegatingLauncher.execute(DelegatingLauncher.java:58)
	at java.base/jdk.internal.reflect.DirectMethodHandleAccessor.invoke(DirectMethodHandleAccessor.java:104)
	at java.base/java.lang.reflect.Method.invoke(Method.java:565)
	at org.apache.maven.surefire.api.util.ReflectionUtils.invokeMethodWithArray(ReflectionUtils.java:125)
	at org.apache.maven.surefire.junitplatform.LauncherAdapter.executeWithCancellationToken(LauncherAdapter.java:68)
	at org.apache.maven.surefire.junitplatform.LauncherAdapter.execute(LauncherAdapter.java:54)
	at org.apache.maven.surefire.junitplatform.JUnitPlatformProvider.execute(JUnitPlatformProvider.java:203)
	at org.apache.maven.surefire.junitplatform.JUnitPlatformProvider.invokeAllTests(JUnitPlatformProvider.java:168)
	at org.apache.maven.surefire.junitplatform.JUnitPlatformProvider.invoke(JUnitPlatformProvider.java:136)
	at org.apache.maven.surefire.booter.ForkedBooter.runSuitesInProcess(ForkedBooter.java:385)
	at org.apache.maven.surefire.booter.ForkedBooter.execute(ForkedBooter.java:162)
	at org.apache.maven.surefire.booter.ForkedBooter.run(ForkedBooter.java:507)
	at org.apache.maven.surefire.booter.ForkedBooter.main(ForkedBooter.java:495)
2026-08-19 22:15:55.741 ERROR [0ecb7eab-acbf-452c-b643-b2f20f7e7ca4] [main] c.s.s.common.logging.HttpLoggingFilter   : HTTP GET /api/usuarios - completado status=500 duration=7ms
2026-08-19 22:15:55.760 INFO  [3bdcf0f6-9121-4cce-b543-93e5850e95a3] [main] c.s.s.common.logging.HttpLoggingFilter   : HTTP GET /api/usuarios - iniciando
2026-08-19 22:15:55.762 ERROR [3bdcf0f6-9121-4cce-b543-93e5850e95a3] [main] c.s.s.c.e.GlobalExceptionHandler         : Error interno inesperado uri=/api/usuarios tipo=java.lang.NullPointerException
java.lang.NullPointerException: Cannot invoke "com.sdd.sdd.common.dto.PageResponse.getTotalElementos()" because "result" is null
	at com.sdd.sdd.usuario.controller.UsuarioController.listar(UsuarioController.java:67)
	at java.base/jdk.internal.reflect.DirectMethodHandleAccessor.invoke(DirectMethodHandleAccessor.java:104)
	at java.base/java.lang.reflect.Method.invoke(Method.java:565)
	at org.springframework.web.method.support.InvocableHandlerMethod.doInvoke(InvocableHandlerMethod.java:252)
	at org.springframework.web.method.support.InvocableHandlerMethod.invokeForRequest(InvocableHandlerMethod.java:184)
	at org.springframework.web.servlet.mvc.method.annotation.ServletInvocableHandlerMethod.invokeAndHandle(ServletInvocableHandlerMethod.java:117)
	at org.springframework.web.servlet.mvc.method.annotation.RequestMappingHandlerAdapter.invokeHandlerMethod(RequestMappingHandlerAdapter.java:934)
	at org.springframework.web.servlet.mvc.method.annotation.RequestMappingHandlerAdapter.handleInternal(RequestMappingHandlerAdapter.java:853)
	at org.springframework.web.servlet.mvc.method.AbstractHandlerMethodAdapter.handle(AbstractHandlerMethodAdapter.java:86)
	at org.springframework.web.servlet.DispatcherServlet.doDispatch(DispatcherServlet.java:963)
	at org.springframework.web.servlet.DispatcherServlet.doService(DispatcherServlet.java:866)
	at org.springframework.web.servlet.FrameworkServlet.processRequest(FrameworkServlet.java:1000)
	at org.springframework.web.servlet.FrameworkServlet.doGet(FrameworkServlet.java:892)
	at jakarta.servlet.http.HttpServlet.service(HttpServlet.java:622)
	at org.springframework.web.servlet.FrameworkServlet.service(FrameworkServlet.java:874)
	at org.springframework.test.web.servlet.TestDispatcherServlet.service(TestDispatcherServlet.java:72)
	at jakarta.servlet.http.HttpServlet.service(HttpServlet.java:710)
	at org.springframework.mock.web.MockFilterChain$ServletFilterProxy.doFilter(MockFilterChain.java:160)
	at org.springframework.mock.web.MockFilterChain.doFilter(MockFilterChain.java:127)
	at org.springframework.web.filter.CompositeFilter$VirtualFilterChain.doFilter(CompositeFilter.java:108)
	at org.springframework.security.web.FilterChainProxy.lambda$doFilterInternal$2(FilterChainProxy.java:235)
	at org.springframework.security.web.FilterChainProxy$VirtualFilterChain.doFilter(FilterChainProxy.java:376)
	at org.springframework.security.web.access.intercept.AuthorizationFilter.doFilter(AuthorizationFilter.java:101)
	at org.springframework.security.web.FilterChainProxy$VirtualFilterChain.doFilter(FilterChainProxy.java:385)
	at org.springframework.security.web.access.ExceptionTranslationFilter.doFilter(ExceptionTranslationFilter.java:126)
	at org.springframework.security.web.access.ExceptionTranslationFilter.doFilter(ExceptionTranslationFilter.java:120)
	at org.springframework.security.web.FilterChainProxy$VirtualFilterChain.doFilter(FilterChainProxy.java:385)
	at org.springframework.security.web.authentication.AnonymousAuthenticationFilter.doFilter(AnonymousAuthenticationFilter.java:100)
	at org.springframework.security.web.FilterChainProxy$VirtualFilterChain.doFilter(FilterChainProxy.java:385)
	at org.springframework.security.web.servletapi.SecurityContextHolderAwareRequestFilter.doFilter(SecurityContextHolderAwareRequestFilter.java:181)
	at org.springframework.security.web.FilterChainProxy$VirtualFilterChain.doFilter(FilterChainProxy.java:385)
	at org.springframework.security.web.savedrequest.RequestCacheAwareFilter.doFilter(RequestCacheAwareFilter.java:63)
	at org.springframework.security.web.FilterChainProxy$VirtualFilterChain.doFilter(FilterChainProxy.java:385)
	at org.springframework.security.web.authentication.logout.LogoutFilter.doFilter(LogoutFilter.java:110)
	at org.springframework.security.web.authentication.logout.LogoutFilter.doFilter(LogoutFilter.java:96)
	at org.springframework.security.web.FilterChainProxy$VirtualFilterChain.doFilter(FilterChainProxy.java:385)
	at org.springframework.security.web.header.HeaderWriterFilter.doHeadersAfter(HeaderWriterFilter.java:90)
	at org.springframework.security.web.header.HeaderWriterFilter.doFilterInternal(HeaderWriterFilter.java:75)
	at org.springframework.web.filter.OncePerRequestFilter.doFilter(OncePerRequestFilter.java:116)
	at org.springframework.security.web.FilterChainProxy$VirtualFilterChain.doFilter(FilterChainProxy.java:385)
	at org.springframework.security.web.context.SecurityContextHolderFilter.doFilter(SecurityContextHolderFilter.java:82)
	at org.springframework.security.web.context.SecurityContextHolderFilter.doFilter(SecurityContextHolderFilter.java:69)
	at org.springframework.security.web.FilterChainProxy$VirtualFilterChain.doFilter(FilterChainProxy.java:385)
	at org.springframework.security.web.context.request.async.WebAsyncManagerIntegrationFilter.doFilterInternal(WebAsyncManagerIntegrationFilter.java:62)
	at org.springframework.web.filter.OncePerRequestFilter.doFilter(OncePerRequestFilter.java:116)
	at org.springframework.security.web.FilterChainProxy$VirtualFilterChain.doFilter(FilterChainProxy.java:385)
	at org.springframework.security.web.session.DisableEncodeUrlFilter.doFilterInternal(DisableEncodeUrlFilter.java:42)
	at org.springframework.web.filter.OncePerRequestFilter.doFilter(OncePerRequestFilter.java:116)
	at org.springframework.security.web.FilterChainProxy$VirtualFilterChain.doFilter(FilterChainProxy.java:385)
	at org.springframework.security.web.FilterChainProxy.doFilterInternal(FilterChainProxy.java:237)
	at org.springframework.security.web.FilterChainProxy.doFilter(FilterChainProxy.java:195)
	at org.springframework.web.filter.CompositeFilter$VirtualFilterChain.doFilter(CompositeFilter.java:113)
	at org.springframework.web.filter.ServletRequestPathFilter.doFilter(ServletRequestPathFilter.java:52)
	at org.springframework.web.filter.CompositeFilter$VirtualFilterChain.doFilter(CompositeFilter.java:113)
	at org.springframework.web.filter.CompositeFilter.doFilter(CompositeFilter.java:74)
	at org.springframework.security.config.annotation.web.configuration.WebSecurityConfiguration$CompositeFilterChainProxy.doFilter(WebSecurityConfiguration.java:317)
	at org.springframework.test.web.servlet.setup.MockMvcFilterDecorator.doFilter(MockMvcFilterDecorator.java:160)
	at org.springframework.mock.web.MockFilterChain.doFilter(MockFilterChain.java:127)
	at com.sdd.sdd.common.logging.HttpLoggingFilter.doFilterInternal(HttpLoggingFilter.java:41)
	at org.springframework.web.filter.OncePerRequestFilter.doFilter(OncePerRequestFilter.java:116)
	at org.springframework.test.web.servlet.setup.MockMvcFilterDecorator.doFilter(MockMvcFilterDecorator.java:160)
	at org.springframework.mock.web.MockFilterChain.doFilter(MockFilterChain.java:127)
	at com.sdd.sdd.common.logging.CorrelationIdFilter.doFilterInternal(CorrelationIdFilter.java:45)
	at org.springframework.web.filter.OncePerRequestFilter.doFilter(OncePerRequestFilter.java:116)
	at org.springframework.test.web.servlet.setup.MockMvcFilterDecorator.doFilter(MockMvcFilterDecorator.java:160)
	at org.springframework.mock.web.MockFilterChain.doFilter(MockFilterChain.java:127)
	at org.springframework.web.filter.RequestContextFilter.doFilterInternal(RequestContextFilter.java:100)
	at org.springframework.web.filter.OncePerRequestFilter.doFilter(OncePerRequestFilter.java:116)
	at org.springframework.test.web.servlet.setup.MockMvcFilterDecorator.doFilter(MockMvcFilterDecorator.java:160)
	at org.springframework.mock.web.MockFilterChain.doFilter(MockFilterChain.java:127)
	at org.springframework.web.filter.FormContentFilter.doFilterInternal(FormContentFilter.java:93)
	at org.springframework.web.filter.OncePerRequestFilter.doFilter(OncePerRequestFilter.java:116)
	at org.springframework.test.web.servlet.setup.MockMvcFilterDecorator.doFilter(MockMvcFilterDecorator.java:160)
	at org.springframework.mock.web.MockFilterChain.doFilter(MockFilterChain.java:127)
	at org.springframework.web.filter.CharacterEncodingFilter.doFilterInternal(CharacterEncodingFilter.java:199)
	at org.springframework.web.filter.OncePerRequestFilter.doFilter(OncePerRequestFilter.java:116)
	at org.springframework.test.web.servlet.setup.MockMvcFilterDecorator.doFilter(MockMvcFilterDecorator.java:160)
	at org.springframework.mock.web.MockFilterChain.doFilter(MockFilterChain.java:127)
	at org.springframework.test.web.servlet.MockMvc.perform(MockMvc.java:199)
	at com.sdd.sdd.common.logging.CorrelationIdFilterTest.sinCorrelationId_seGeneraUUID(CorrelationIdFilterTest.java:44)
	at java.base/jdk.internal.reflect.DirectMethodHandleAccessor.invoke(DirectMethodHandleAccessor.java:104)
	at java.base/java.lang.reflect.Method.invoke(Method.java:565)
	at org.junit.platform.commons.util.ReflectionUtils.invokeMethod(ReflectionUtils.java:701)
	at org.junit.platform.commons.support.ReflectionSupport.invokeMethod(ReflectionSupport.java:502)
	at org.junit.jupiter.engine.support.MethodReflectionUtils.invoke(MethodReflectionUtils.java:45)
	at org.junit.jupiter.engine.execution.MethodInvocation.proceed(MethodInvocation.java:61)
	at org.junit.jupiter.engine.execution.InvocationInterceptorChain$ValidatingInvocation.proceed(InvocationInterceptorChain.java:124)
	at org.junit.jupiter.engine.extension.TimeoutExtension.intercept(TimeoutExtension.java:163)
	at org.junit.jupiter.engine.extension.TimeoutExtension.interceptTestableMethod(TimeoutExtension.java:148)
	at org.junit.jupiter.engine.extension.TimeoutExtension.interceptTestMethod(TimeoutExtension.java:86)
	at org.junit.jupiter.engine.execution.InterceptingExecutableInvoker$ReflectiveInterceptorCall.lambda$ofVoidMethod$0(InterceptingExecutableInvoker.java:123)
	at org.junit.jupiter.engine.execution.InterceptingExecutableInvoker.lambda$invoke$0(InterceptingExecutableInvoker.java:105)
	at org.junit.jupiter.engine.execution.InvocationInterceptorChain$InterceptedInvocation.proceed(InvocationInterceptorChain.java:99)
	at org.junit.jupiter.engine.execution.InvocationInterceptorChain.proceed(InvocationInterceptorChain.java:66)
	at org.junit.jupiter.engine.execution.InvocationInterceptorChain.chainAndInvoke(InvocationInterceptorChain.java:47)
	at org.junit.jupiter.engine.execution.InvocationInterceptorChain.invoke(InvocationInterceptorChain.java:39)
	at org.junit.jupiter.engine.execution.InterceptingExecutableInvoker.invoke(InterceptingExecutableInvoker.java:104)
	at org.junit.jupiter.engine.execution.InterceptingExecutableInvoker.invoke(InterceptingExecutableInvoker.java:98)
	at org.junit.jupiter.engine.execution.InterceptingExecutableInvoker.invokeVoid(InterceptingExecutableInvoker.java:71)
	at org.junit.jupiter.engine.descriptor.TestMethodTestDescriptor.lambda$invokeTestMethod$0(TestMethodTestDescriptor.java:219)
	at org.junit.platform.engine.support.hierarchical.ThrowableCollector.execute(ThrowableCollector.java:74)
	at org.junit.jupiter.engine.descriptor.TestMethodTestDescriptor.invokeTestMethod(TestMethodTestDescriptor.java:215)
	at org.junit.jupiter.engine.descriptor.TestMethodTestDescriptor.execute(TestMethodTestDescriptor.java:157)
	at org.junit.jupiter.engine.descriptor.TestMethodTestDescriptor.execute(TestMethodTestDescriptor.java:70)
	at org.junit.platform.engine.support.hierarchical.NodeTestTask.lambda$executeRecursively$2(NodeTestTask.java:176)
	at org.junit.platform.engine.support.hierarchical.ThrowableCollector.execute(ThrowableCollector.java:74)
	at org.junit.platform.engine.support.hierarchical.NodeTestTask.lambda$executeRecursively$1(NodeTestTask.java:166)
	at org.junit.platform.engine.support.hierarchical.Node.around(Node.java:138)
	at org.junit.platform.engine.support.hierarchical.NodeTestTask.lambda$executeRecursively$0(NodeTestTask.java:164)
	at org.junit.platform.engine.support.hierarchical.ThrowableCollector.execute(ThrowableCollector.java:74)
	at org.junit.platform.engine.support.hierarchical.NodeTestTask.executeRecursively(NodeTestTask.java:163)
	at org.junit.platform.engine.support.hierarchical.NodeTestTask.execute(NodeTestTask.java:116)
	at java.base/java.util.ArrayList.forEach(ArrayList.java:1604)
	at org.junit.platform.engine.support.hierarchical.SameThreadHierarchicalTestExecutorService.invokeAll(SameThreadHierarchicalTestExecutorService.java:42)
	at org.junit.platform.engine.support.hierarchical.NodeTestTask.lambda$executeRecursively$2(NodeTestTask.java:180)
	at org.junit.platform.engine.support.hierarchical.ThrowableCollector.execute(ThrowableCollector.java:74)
	at org.junit.platform.engine.support.hierarchical.NodeTestTask.lambda$executeRecursively$1(NodeTestTask.java:166)
	at org.junit.platform.engine.support.hierarchical.Node.around(Node.java:138)
	at org.junit.platform.engine.support.hierarchical.NodeTestTask.lambda$executeRecursively$0(NodeTestTask.java:164)
	at org.junit.platform.engine.support.hierarchical.ThrowableCollector.execute(ThrowableCollector.java:74)
	at org.junit.platform.engine.support.hierarchical.NodeTestTask.executeRecursively(NodeTestTask.java:163)
	at org.junit.platform.engine.support.hierarchical.NodeTestTask.execute(NodeTestTask.java:116)
	at java.base/java.util.ArrayList.forEach(ArrayList.java:1604)
	at org.junit.platform.engine.support.hierarchical.SameThreadHierarchicalTestExecutorService.invokeAll(SameThreadHierarchicalTestExecutorService.java:42)
	at org.junit.platform.engine.support.hierarchical.NodeTestTask.lambda$executeRecursively$2(NodeTestTask.java:180)
	at org.junit.platform.engine.support.hierarchical.ThrowableCollector.execute(ThrowableCollector.java:74)
	at org.junit.platform.engine.support.hierarchical.NodeTestTask.lambda$executeRecursively$1(NodeTestTask.java:166)
	at org.junit.platform.engine.support.hierarchical.Node.around(Node.java:138)
	at org.junit.platform.engine.support.hierarchical.NodeTestTask.lambda$executeRecursively$0(NodeTestTask.java:164)
	at org.junit.platform.engine.support.hierarchical.ThrowableCollector.execute(ThrowableCollector.java:74)
	at org.junit.platform.engine.support.hierarchical.NodeTestTask.executeRecursively(NodeTestTask.java:163)
	at org.junit.platform.engine.support.hierarchical.NodeTestTask.execute(NodeTestTask.java:116)
	at org.junit.platform.engine.support.hierarchical.SameThreadHierarchicalTestExecutorService.submit(SameThreadHierarchicalTestExecutorService.java:36)
	at org.junit.platform.engine.support.hierarchical.HierarchicalTestExecutor.execute(HierarchicalTestExecutor.java:52)
	at org.junit.platform.engine.support.hierarchical.HierarchicalTestEngine.execute(HierarchicalTestEngine.java:58)
	at org.junit.platform.launcher.core.EngineExecutionOrchestrator.executeEngine(EngineExecutionOrchestrator.java:246)
	at org.junit.platform.launcher.core.EngineExecutionOrchestrator.failOrExecuteEngine(EngineExecutionOrchestrator.java:218)
	at org.junit.platform.launcher.core.EngineExecutionOrchestrator.execute(EngineExecutionOrchestrator.java:179)
	at org.junit.platform.launcher.core.EngineExecutionOrchestrator.execute(EngineExecutionOrchestrator.java:108)
	at org.junit.platform.launcher.core.EngineExecutionOrchestrator.lambda$execute$0(EngineExecutionOrchestrator.java:66)
	at org.junit.platform.launcher.core.EngineExecutionOrchestrator.withInterceptedStreams(EngineExecutionOrchestrator.java:157)
	at org.junit.platform.launcher.core.EngineExecutionOrchestrator.execute(EngineExecutionOrchestrator.java:65)
	at org.junit.platform.launcher.core.DefaultLauncher.execute(DefaultLauncher.java:125)
	at org.junit.platform.launcher.core.DefaultLauncher.execute(DefaultLauncher.java:114)
	at org.junit.platform.launcher.core.DelegatingLauncher.execute(DelegatingLauncher.java:58)
	at org.junit.platform.launcher.core.InterceptingLauncher.lambda$execute$2(InterceptingLauncher.java:57)
	at org.junit.platform.launcher.core.ClasspathAlignmentCheckingLauncherInterceptor.intercept(ClasspathAlignmentCheckingLauncherInterceptor.java:25)
	at org.junit.platform.launcher.core.InterceptingLauncher.execute(InterceptingLauncher.java:56)
	at org.junit.platform.launcher.core.DelegatingLauncher.execute(DelegatingLauncher.java:58)
	at java.base/jdk.internal.reflect.DirectMethodHandleAccessor.invoke(DirectMethodHandleAccessor.java:104)
	at java.base/java.lang.reflect.Method.invoke(Method.java:565)
	at org.apache.maven.surefire.api.util.ReflectionUtils.invokeMethodWithArray(ReflectionUtils.java:125)
	at org.apache.maven.surefire.junitplatform.LauncherAdapter.executeWithCancellationToken(LauncherAdapter.java:68)
	at org.apache.maven.surefire.junitplatform.LauncherAdapter.execute(LauncherAdapter.java:54)
	at org.apache.maven.surefire.junitplatform.JUnitPlatformProvider.execute(JUnitPlatformProvider.java:203)
	at org.apache.maven.surefire.junitplatform.JUnitPlatformProvider.invokeAllTests(JUnitPlatformProvider.java:168)
	at org.apache.maven.surefire.junitplatform.JUnitPlatformProvider.invoke(JUnitPlatformProvider.java:136)
	at org.apache.maven.surefire.booter.ForkedBooter.runSuitesInProcess(ForkedBooter.java:385)
	at org.apache.maven.surefire.booter.ForkedBooter.execute(ForkedBooter.java:162)
	at org.apache.maven.surefire.booter.ForkedBooter.run(ForkedBooter.java:507)
	at org.apache.maven.surefire.booter.ForkedBooter.main(ForkedBooter.java:495)
2026-08-19 22:15:55.764 ERROR [3bdcf0f6-9121-4cce-b543-93e5850e95a3] [main] c.s.s.common.logging.HttpLoggingFilter   : HTTP GET /api/usuarios - completado status=500 duration=4ms
2026-08-19 22:15:55.779 INFO  [-] [main] t.c.s.AnnotationConfigContextLoaderUtils : Could not detect default configuration classes for test class [com.sdd.sdd.usuario.controller.UsuarioControllerTest]: UsuarioControllerTest does not declare any static, non-private, non-final, nested classes annotated with @Configuration.
2026-08-19 22:15:55.805 INFO  [-] [main] .b.t.c.SpringBootTestContextBootstrapper : Found @SpringBootConfiguration com.sdd.sdd.SddApplication for test class com.sdd.sdd.usuario.controller.UsuarioControllerTest
2026-08-19 22:15:55.806 INFO  [-] [main] t.c.s.AnnotationConfigContextLoaderUtils : Could not detect default configuration classes for test class [com.sdd.sdd.usuario.controller.UsuarioControllerTest]: UsuarioControllerTest does not declare any static, non-private, non-final, nested classes annotated with @Configuration.
2026-08-19 22:15:55.814 INFO  [-] [main] .b.t.c.SpringBootTestContextBootstrapper : Found @SpringBootConfiguration com.sdd.sdd.SddApplication for test class com.sdd.sdd.usuario.controller.UsuarioControllerTest
2026-08-19 22:15:55.882 INFO  [-] [main] c.s.s.u.c.UsuarioControllerTest          : Starting UsuarioControllerTest using Java 25.0.4 with PID 33168 (started by RYZEN 7 2026 in D:\SDD-MOD4)
2026-08-19 22:15:55.882 INFO  [-] [main] c.s.s.u.c.UsuarioControllerTest          : No active profile set, falling back to 1 default profile: "default"
2026-08-19 22:15:56.116 INFO  [-] [main] o.s.b.t.m.w.SpringBootMockServletContext : Initializing Spring TestDispatcherServlet ''
2026-08-19 22:15:56.117 INFO  [-] [main] o.s.t.web.servlet.TestDispatcherServlet  : Initializing Servlet ''
2026-08-19 22:15:56.119 INFO  [-] [main] o.s.t.web.servlet.TestDispatcherServlet  : Completed initialization in 1 ms
2026-08-19 22:15:56.124 INFO  [-] [main] c.s.s.u.c.UsuarioControllerTest          : Started UsuarioControllerTest in 0.299 seconds (process running for 4.119)
2026-08-19 22:15:56.127 WARN  [-] [main] o.s.test.context.TestContextManager      : Caught exception while allowing TestExecutionListener [org.springframework.test.context.support.DependencyInjectionTestExecutionListener] to prepare test instance [com.sdd.sdd.usuario.controller.UsuarioControllerTest@2336d3f]
org.springframework.beans.factory.UnsatisfiedDependencyException: Error creating bean with name 'com.sdd.sdd.usuario.controller.UsuarioControllerTest': Unsatisfied dependency expressed through field 'objectMapper': No qualifying bean of type 'com.fasterxml.jackson.databind.ObjectMapper' available: expected at least 1 bean which qualifies as autowire candidate. Dependency annotations: {@org.springframework.beans.factory.annotation.Autowired(required=true)}
	at org.springframework.beans.factory.annotation.AutowiredAnnotationBeanPostProcessor$AutowiredFieldElement.resolveFieldValue(AutowiredAnnotationBeanPostProcessor.java:767)
	at org.springframework.beans.factory.annotation.AutowiredAnnotationBeanPostProcessor$AutowiredFieldElement.inject(AutowiredAnnotationBeanPostProcessor.java:748)
	at org.springframework.beans.factory.annotation.InjectionMetadata.inject(InjectionMetadata.java:146)
	at org.springframework.beans.factory.annotation.AutowiredAnnotationBeanPostProcessor.postProcessProperties(AutowiredAnnotationBeanPostProcessor.java:493)
	at org.springframework.beans.factory.support.AbstractAutowireCapableBeanFactory.populateBean(AbstractAutowireCapableBeanFactory.java:1444)
	at org.springframework.beans.factory.support.AbstractAutowireCapableBeanFactory.autowireBeanProperties(AbstractAutowireCapableBeanFactory.java:402)
	at org.springframework.test.context.support.DependencyInjectionTestExecutionListener.injectDependencies(DependencyInjectionTestExecutionListener.java:157)
	at org.springframework.test.context.support.DependencyInjectionTestExecutionListener.prepareTestInstance(DependencyInjectionTestExecutionListener.java:111)
	at org.springframework.test.context.TestContextManager.prepareTestInstance(TestContextManager.java:260)
	at org.springframework.test.context.junit.jupiter.SpringExtension.postProcessTestInstance(SpringExtension.java:242)
	at org.junit.jupiter.engine.descriptor.ClassBasedTestDescriptor.lambda$invokeTestInstancePostProcessors$1(ClassBasedTestDescriptor.java:423)
	at org.junit.jupiter.engine.descriptor.ClassBasedTestDescriptor.executeAndMaskThrowable(ClassBasedTestDescriptor.java:428)
	at org.junit.jupiter.engine.descriptor.ClassBasedTestDescriptor.lambda$invokeTestInstancePostProcessors$0(ClassBasedTestDescriptor.java:422)
	at java.base/java.util.stream.ForEachOps$ForEachOp$OfRef.accept(ForEachOps.java:186)
	at java.base/java.util.stream.ReferencePipeline$3$1.accept(ReferencePipeline.java:214)
	at java.base/java.util.stream.ReferencePipeline$2$1.accept(ReferencePipeline.java:197)
	at java.base/java.util.stream.ReferencePipeline$3$1.accept(ReferencePipeline.java:214)
	at java.base/java.util.ArrayList$ArrayListSpliterator.forEachRemaining(ArrayList.java:1716)
	at java.base/java.util.stream.AbstractPipeline.copyInto(AbstractPipeline.java:570)
	at java.base/java.util.stream.AbstractPipeline.wrapAndCopyInto(AbstractPipeline.java:560)
	at java.base/java.util.stream.ForEachOps$ForEachOp.evaluateSequential(ForEachOps.java:153)
	at java.base/java.util.stream.ForEachOps$ForEachOp$OfRef.evaluateSequential(ForEachOps.java:176)
	at java.base/java.util.stream.AbstractPipeline.evaluate(AbstractPipeline.java:265)
	at java.base/java.util.stream.ReferencePipeline.forEach(ReferencePipeline.java:632)
	at org.junit.jupiter.engine.descriptor.ClassBasedTestDescriptor.invokeTestInstancePostProcessors(ClassBasedTestDescriptor.java:422)
	at org.junit.jupiter.engine.descriptor.ClassBasedTestDescriptor.lambda$instantiateAndPostProcessTestInstance$0(ClassBasedTestDescriptor.java:334)
	at org.junit.platform.engine.support.hierarchical.ThrowableCollector.execute(ThrowableCollector.java:74)
	at org.junit.jupiter.engine.descriptor.ClassBasedTestDescriptor.instantiateAndPostProcessTestInstance(ClassBasedTestDescriptor.java:333)
	at org.junit.jupiter.engine.descriptor.ClassBasedTestDescriptor.lambda$testInstancesProvider$1(ClassBasedTestDescriptor.java:322)
	at java.base/java.util.Optional.orElseGet(Optional.java:364)
	at org.junit.jupiter.engine.descriptor.ClassBasedTestDescriptor.lambda$testInstancesProvider$0(ClassBasedTestDescriptor.java:321)
	at org.junit.jupiter.engine.execution.TestInstancesProvider.getTestInstances(TestInstancesProvider.java:27)
	at org.junit.jupiter.engine.descriptor.TestMethodTestDescriptor.lambda$prepare$0(TestMethodTestDescriptor.java:127)
	at org.junit.platform.engine.support.hierarchical.ThrowableCollector.execute(ThrowableCollector.java:74)
	at org.junit.jupiter.engine.descriptor.TestMethodTestDescriptor.prepare(TestMethodTestDescriptor.java:126)
	at org.junit.jupiter.engine.descriptor.TestMethodTestDescriptor.prepare(TestMethodTestDescriptor.java:70)
	at org.junit.platform.engine.support.hierarchical.NodeTestTask.lambda$prepare$0(NodeTestTask.java:144)
	at org.junit.platform.engine.support.hierarchical.ThrowableCollector.execute(ThrowableCollector.java:74)
	at org.junit.platform.engine.support.hierarchical.NodeTestTask.prepare(NodeTestTask.java:144)
	at org.junit.platform.engine.support.hierarchical.NodeTestTask.execute(NodeTestTask.java:110)
	at java.base/java.util.ArrayList.forEach(ArrayList.java:1604)
	at org.junit.platform.engine.support.hierarchical.SameThreadHierarchicalTestExecutorService.invokeAll(SameThreadHierarchicalTestExecutorService.java:42)
	at org.junit.platform.engine.support.hierarchical.NodeTestTask.lambda$executeRecursively$2(NodeTestTask.java:180)
	at org.junit.platform.engine.support.hierarchical.ThrowableCollector.execute(ThrowableCollector.java:74)
	at org.junit.platform.engine.support.hierarchical.NodeTestTask.lambda$executeRecursively$1(NodeTestTask.java:166)
	at org.junit.platform.engine.support.hierarchical.Node.around(Node.java:138)
	at org.junit.platform.engine.support.hierarchical.NodeTestTask.lambda$executeRecursively$0(NodeTestTask.java:164)
	at org.junit.platform.engine.support.hierarchical.ThrowableCollector.execute(ThrowableCollector.java:74)
	at org.junit.platform.engine.support.hierarchical.NodeTestTask.executeRecursively(NodeTestTask.java:163)
	at org.junit.platform.engine.support.hierarchical.NodeTestTask.execute(NodeTestTask.java:116)
	at java.base/java.util.ArrayList.forEach(ArrayList.java:1604)
	at org.junit.platform.engine.support.hierarchical.SameThreadHierarchicalTestExecutorService.invokeAll(SameThreadHierarchicalTestExecutorService.java:42)
	at org.junit.platform.engine.support.hierarchical.NodeTestTask.lambda$executeRecursively$2(NodeTestTask.java:180)
	at org.junit.platform.engine.support.hierarchical.ThrowableCollector.execute(ThrowableCollector.java:74)
	at org.junit.platform.engine.support.hierarchical.NodeTestTask.lambda$executeRecursively$1(NodeTestTask.java:166)
	at org.junit.platform.engine.support.hierarchical.Node.around(Node.java:138)
	at org.junit.platform.engine.support.hierarchical.NodeTestTask.lambda$executeRecursively$0(NodeTestTask.java:164)
	at org.junit.platform.engine.support.hierarchical.ThrowableCollector.execute(ThrowableCollector.java:74)
	at org.junit.platform.engine.support.hierarchical.NodeTestTask.executeRecursively(NodeTestTask.java:163)
	at org.junit.platform.engine.support.hierarchical.NodeTestTask.execute(NodeTestTask.java:116)
	at org.junit.platform.engine.support.hierarchical.SameThreadHierarchicalTestExecutorService.submit(SameThreadHierarchicalTestExecutorService.java:36)
	at org.junit.platform.engine.support.hierarchical.HierarchicalTestExecutor.execute(HierarchicalTestExecutor.java:52)
	at org.junit.platform.engine.support.hierarchical.HierarchicalTestEngine.execute(HierarchicalTestEngine.java:58)
	at org.junit.platform.launcher.core.EngineExecutionOrchestrator.executeEngine(EngineExecutionOrchestrator.java:246)
	at org.junit.platform.launcher.core.EngineExecutionOrchestrator.failOrExecuteEngine(EngineExecutionOrchestrator.java:218)
	at org.junit.platform.launcher.core.EngineExecutionOrchestrator.execute(EngineExecutionOrchestrator.java:179)
	at org.junit.platform.launcher.core.EngineExecutionOrchestrator.execute(EngineExecutionOrchestrator.java:108)
	at org.junit.platform.launcher.core.EngineExecutionOrchestrator.lambda$execute$0(EngineExecutionOrchestrator.java:66)
	at org.junit.platform.launcher.core.EngineExecutionOrchestrator.withInterceptedStreams(EngineExecutionOrchestrator.java:157)
	at org.junit.platform.launcher.core.EngineExecutionOrchestrator.execute(EngineExecutionOrchestrator.java:65)
	at org.junit.platform.launcher.core.DefaultLauncher.execute(DefaultLauncher.java:125)
	at org.junit.platform.launcher.core.DefaultLauncher.execute(DefaultLauncher.java:114)
	at org.junit.platform.launcher.core.DelegatingLauncher.execute(DelegatingLauncher.java:58)
	at org.junit.platform.launcher.core.InterceptingLauncher.lambda$execute$2(InterceptingLauncher.java:57)
	at org.junit.platform.launcher.core.ClasspathAlignmentCheckingLauncherInterceptor.intercept(ClasspathAlignmentCheckingLauncherInterceptor.java:25)
	at org.junit.platform.launcher.core.InterceptingLauncher.execute(InterceptingLauncher.java:56)
	at org.junit.platform.launcher.core.DelegatingLauncher.execute(DelegatingLauncher.java:58)
	at java.base/jdk.internal.reflect.DirectMethodHandleAccessor.invoke(DirectMethodHandleAccessor.java:104)
	at java.base/java.lang.reflect.Method.invoke(Method.java:565)
	at org.apache.maven.surefire.api.util.ReflectionUtils.invokeMethodWithArray(ReflectionUtils.java:125)
	at org.apache.maven.surefire.junitplatform.LauncherAdapter.executeWithCancellationToken(LauncherAdapter.java:68)
	at org.apache.maven.surefire.junitplatform.LauncherAdapter.execute(LauncherAdapter.java:54)
	at org.apache.maven.surefire.junitplatform.JUnitPlatformProvider.execute(JUnitPlatformProvider.java:203)
	at org.apache.maven.surefire.junitplatform.JUnitPlatformProvider.invokeAllTests(JUnitPlatformProvider.java:168)
	at org.apache.maven.surefire.junitplatform.JUnitPlatformProvider.invoke(JUnitPlatformProvider.java:136)
	at org.apache.maven.surefire.booter.ForkedBooter.runSuitesInProcess(ForkedBooter.java:385)
	at org.apache.maven.surefire.booter.ForkedBooter.execute(ForkedBooter.java:162)
	at org.apache.maven.surefire.booter.ForkedBooter.run(ForkedBooter.java:507)
	at org.apache.maven.surefire.booter.ForkedBooter.main(ForkedBooter.java:495)
Caused by: org.springframework.beans.factory.NoSuchBeanDefinitionException: No qualifying bean of type 'com.fasterxml.jackson.databind.ObjectMapper' available: expected at least 1 bean which qualifies as autowire candidate. Dependency annotations: {@org.springframework.beans.factory.annotation.Autowired(required=true)}
	at org.springframework.beans.factory.support.DefaultListableBeanFactory.raiseNoMatchingBeanFound(DefaultListableBeanFactory.java:2304)
	at org.springframework.beans.factory.support.DefaultListableBeanFactory.doResolveDependency(DefaultListableBeanFactory.java:1732)
	at org.springframework.beans.factory.support.DefaultListableBeanFactory.resolveDependency(DefaultListableBeanFactory.java:1658)
	at org.springframework.beans.factory.annotation.AutowiredAnnotationBeanPostProcessor$AutowiredFieldElement.resolveFieldValue(AutowiredAnnotationBeanPostProcessor.java:764)
	... 88 common frames omitted
2026-08-19 22:15:56.133 WARN  [-] [main] o.s.test.context.TestContextManager      : Caught exception while allowing TestExecutionListener [org.springframework.test.context.support.DependencyInjectionTestExecutionListener] to prepare test instance [com.sdd.sdd.usuario.controller.UsuarioControllerTest@6d0a4a22]
org.springframework.beans.factory.UnsatisfiedDependencyException: Error creating bean with name 'com.sdd.sdd.usuario.controller.UsuarioControllerTest': Unsatisfied dependency expressed through field 'objectMapper': No qualifying bean of type 'com.fasterxml.jackson.databind.ObjectMapper' available: expected at least 1 bean which qualifies as autowire candidate. Dependency annotations: {@org.springframework.beans.factory.annotation.Autowired(required=true)}
	at org.springframework.beans.factory.annotation.AutowiredAnnotationBeanPostProcessor$AutowiredFieldElement.resolveFieldValue(AutowiredAnnotationBeanPostProcessor.java:767)
	at org.springframework.beans.factory.annotation.AutowiredAnnotationBeanPostProcessor$AutowiredFieldElement.inject(AutowiredAnnotationBeanPostProcessor.java:748)
	at org.springframework.beans.factory.annotation.InjectionMetadata.inject(InjectionMetadata.java:146)
	at org.springframework.beans.factory.annotation.AutowiredAnnotationBeanPostProcessor.postProcessProperties(AutowiredAnnotationBeanPostProcessor.java:493)
	at org.springframework.beans.factory.support.AbstractAutowireCapableBeanFactory.populateBean(AbstractAutowireCapableBeanFactory.java:1444)
	at org.springframework.beans.factory.support.AbstractAutowireCapableBeanFactory.autowireBeanProperties(AbstractAutowireCapableBeanFactory.java:402)
	at org.springframework.test.context.support.DependencyInjectionTestExecutionListener.injectDependencies(DependencyInjectionTestExecutionListener.java:157)
	at org.springframework.test.context.support.DependencyInjectionTestExecutionListener.prepareTestInstance(DependencyInjectionTestExecutionListener.java:111)
	at org.springframework.test.context.TestContextManager.prepareTestInstance(TestContextManager.java:260)
	at org.springframework.test.context.junit.jupiter.SpringExtension.postProcessTestInstance(SpringExtension.java:242)
	at org.junit.jupiter.engine.descriptor.ClassBasedTestDescriptor.lambda$invokeTestInstancePostProcessors$1(ClassBasedTestDescriptor.java:423)
	at org.junit.jupiter.engine.descriptor.ClassBasedTestDescriptor.executeAndMaskThrowable(ClassBasedTestDescriptor.java:428)
	at org.junit.jupiter.engine.descriptor.ClassBasedTestDescriptor.lambda$invokeTestInstancePostProcessors$0(ClassBasedTestDescriptor.java:422)
	at java.base/java.util.stream.ForEachOps$ForEachOp$OfRef.accept(ForEachOps.java:186)
	at java.base/java.util.stream.ReferencePipeline$3$1.accept(ReferencePipeline.java:214)
	at java.base/java.util.stream.ReferencePipeline$2$1.accept(ReferencePipeline.java:197)
	at java.base/java.util.stream.ReferencePipeline$3$1.accept(ReferencePipeline.java:214)
	at java.base/java.util.ArrayList$ArrayListSpliterator.forEachRemaining(ArrayList.java:1716)
	at java.base/java.util.stream.AbstractPipeline.copyInto(AbstractPipeline.java:570)
	at java.base/java.util.stream.AbstractPipeline.wrapAndCopyInto(AbstractPipeline.java:560)
	at java.base/java.util.stream.ForEachOps$ForEachOp.evaluateSequential(ForEachOps.java:153)
	at java.base/java.util.stream.ForEachOps$ForEachOp$OfRef.evaluateSequential(ForEachOps.java:176)
	at java.base/java.util.stream.AbstractPipeline.evaluate(AbstractPipeline.java:265)
	at java.base/java.util.stream.ReferencePipeline.forEach(ReferencePipeline.java:632)
	at org.junit.jupiter.engine.descriptor.ClassBasedTestDescriptor.invokeTestInstancePostProcessors(ClassBasedTestDescriptor.java:422)
	at org.junit.jupiter.engine.descriptor.ClassBasedTestDescriptor.lambda$instantiateAndPostProcessTestInstance$0(ClassBasedTestDescriptor.java:334)
	at org.junit.platform.engine.support.hierarchical.ThrowableCollector.execute(ThrowableCollector.java:74)
	at org.junit.jupiter.engine.descriptor.ClassBasedTestDescriptor.instantiateAndPostProcessTestInstance(ClassBasedTestDescriptor.java:333)
	at org.junit.jupiter.engine.descriptor.ClassBasedTestDescriptor.lambda$testInstancesProvider$1(ClassBasedTestDescriptor.java:322)
	at java.base/java.util.Optional.orElseGet(Optional.java:364)
	at org.junit.jupiter.engine.descriptor.ClassBasedTestDescriptor.lambda$testInstancesProvider$0(ClassBasedTestDescriptor.java:321)
	at org.junit.jupiter.engine.execution.TestInstancesProvider.getTestInstances(TestInstancesProvider.java:27)
	at org.junit.jupiter.engine.descriptor.TestMethodTestDescriptor.lambda$prepare$0(TestMethodTestDescriptor.java:127)
	at org.junit.platform.engine.support.hierarchical.ThrowableCollector.execute(ThrowableCollector.java:74)
	at org.junit.jupiter.engine.descriptor.TestMethodTestDescriptor.prepare(TestMethodTestDescriptor.java:126)
	at org.junit.jupiter.engine.descriptor.TestMethodTestDescriptor.prepare(TestMethodTestDescriptor.java:70)
	at org.junit.platform.engine.support.hierarchical.NodeTestTask.lambda$prepare$0(NodeTestTask.java:144)
	at org.junit.platform.engine.support.hierarchical.ThrowableCollector.execute(ThrowableCollector.java:74)
	at org.junit.platform.engine.support.hierarchical.NodeTestTask.prepare(NodeTestTask.java:144)
	at org.junit.platform.engine.support.hierarchical.NodeTestTask.execute(NodeTestTask.java:110)
	at java.base/java.util.ArrayList.forEach(ArrayList.java:1604)
	at org.junit.platform.engine.support.hierarchical.SameThreadHierarchicalTestExecutorService.invokeAll(SameThreadHierarchicalTestExecutorService.java:42)
	at org.junit.platform.engine.support.hierarchical.NodeTestTask.lambda$executeRecursively$2(NodeTestTask.java:180)
	at org.junit.platform.engine.support.hierarchical.ThrowableCollector.execute(ThrowableCollector.java:74)
	at org.junit.platform.engine.support.hierarchical.NodeTestTask.lambda$executeRecursively$1(NodeTestTask.java:166)
	at org.junit.platform.engine.support.hierarchical.Node.around(Node.java:138)
	at org.junit.platform.engine.support.hierarchical.NodeTestTask.lambda$executeRecursively$0(NodeTestTask.java:164)
	at org.junit.platform.engine.support.hierarchical.ThrowableCollector.execute(ThrowableCollector.java:74)
	at org.junit.platform.engine.support.hierarchical.NodeTestTask.executeRecursively(NodeTestTask.java:163)
	at org.junit.platform.engine.support.hierarchical.NodeTestTask.execute(NodeTestTask.java:116)
	at java.base/java.util.ArrayList.forEach(ArrayList.java:1604)
	at org.junit.platform.engine.support.hierarchical.SameThreadHierarchicalTestExecutorService.invokeAll(SameThreadHierarchicalTestExecutorService.java:42)
	at org.junit.platform.engine.support.hierarchical.NodeTestTask.lambda$executeRecursively$2(NodeTestTask.java:180)
	at org.junit.platform.engine.support.hierarchical.ThrowableCollector.execute(ThrowableCollector.java:74)
	at org.junit.platform.engine.support.hierarchical.NodeTestTask.lambda$executeRecursively$1(NodeTestTask.java:166)
	at org.junit.platform.engine.support.hierarchical.Node.around(Node.java:138)
	at org.junit.platform.engine.support.hierarchical.NodeTestTask.lambda$executeRecursively$0(NodeTestTask.java:164)
	at org.junit.platform.engine.support.hierarchical.ThrowableCollector.execute(ThrowableCollector.java:74)
	at org.junit.platform.engine.support.hierarchical.NodeTestTask.executeRecursively(NodeTestTask.java:163)
	at org.junit.platform.engine.support.hierarchical.NodeTestTask.execute(NodeTestTask.java:116)
	at org.junit.platform.engine.support.hierarchical.SameThreadHierarchicalTestExecutorService.submit(SameThreadHierarchicalTestExecutorService.java:36)
	at org.junit.platform.engine.support.hierarchical.HierarchicalTestExecutor.execute(HierarchicalTestExecutor.java:52)
	at org.junit.platform.engine.support.hierarchical.HierarchicalTestEngine.execute(HierarchicalTestEngine.java:58)
	at org.junit.platform.launcher.core.EngineExecutionOrchestrator.executeEngine(EngineExecutionOrchestrator.java:246)
	at org.junit.platform.launcher.core.EngineExecutionOrchestrator.failOrExecuteEngine(EngineExecutionOrchestrator.java:218)
	at org.junit.platform.launcher.core.EngineExecutionOrchestrator.execute(EngineExecutionOrchestrator.java:179)
	at org.junit.platform.launcher.core.EngineExecutionOrchestrator.execute(EngineExecutionOrchestrator.java:108)
	at org.junit.platform.launcher.core.EngineExecutionOrchestrator.lambda$execute$0(EngineExecutionOrchestrator.java:66)
	at org.junit.platform.launcher.core.EngineExecutionOrchestrator.withInterceptedStreams(EngineExecutionOrchestrator.java:157)
	at org.junit.platform.launcher.core.EngineExecutionOrchestrator.execute(EngineExecutionOrchestrator.java:65)
	at org.junit.platform.launcher.core.DefaultLauncher.execute(DefaultLauncher.java:125)
	at org.junit.platform.launcher.core.DefaultLauncher.execute(DefaultLauncher.java:114)
	at org.junit.platform.launcher.core.DelegatingLauncher.execute(DelegatingLauncher.java:58)
	at org.junit.platform.launcher.core.InterceptingLauncher.lambda$execute$2(InterceptingLauncher.java:57)
	at org.junit.platform.launcher.core.ClasspathAlignmentCheckingLauncherInterceptor.intercept(ClasspathAlignmentCheckingLauncherInterceptor.java:25)
	at org.junit.platform.launcher.core.InterceptingLauncher.execute(InterceptingLauncher.java:56)
	at org.junit.platform.launcher.core.DelegatingLauncher.execute(DelegatingLauncher.java:58)
	at java.base/jdk.internal.reflect.DirectMethodHandleAccessor.invoke(DirectMethodHandleAccessor.java:104)
	at java.base/java.lang.reflect.Method.invoke(Method.java:565)
	at org.apache.maven.surefire.api.util.ReflectionUtils.invokeMethodWithArray(ReflectionUtils.java:125)
	at org.apache.maven.surefire.junitplatform.LauncherAdapter.executeWithCancellationToken(LauncherAdapter.java:68)
	at org.apache.maven.surefire.junitplatform.LauncherAdapter.execute(LauncherAdapter.java:54)
	at org.apache.maven.surefire.junitplatform.JUnitPlatformProvider.execute(JUnitPlatformProvider.java:203)
	at org.apache.maven.surefire.junitplatform.JUnitPlatformProvider.invokeAllTests(JUnitPlatformProvider.java:168)
	at org.apache.maven.surefire.junitplatform.JUnitPlatformProvider.invoke(JUnitPlatformProvider.java:136)
	at org.apache.maven.surefire.booter.ForkedBooter.runSuitesInProcess(ForkedBooter.java:385)
	at org.apache.maven.surefire.booter.ForkedBooter.execute(ForkedBooter.java:162)
	at org.apache.maven.surefire.booter.ForkedBooter.run(ForkedBooter.java:507)
	at org.apache.maven.surefire.booter.ForkedBooter.main(ForkedBooter.java:495)
Caused by: org.springframework.beans.factory.NoSuchBeanDefinitionException: No qualifying bean of type 'com.fasterxml.jackson.databind.ObjectMapper' available: expected at least 1 bean which qualifies as autowire candidate. Dependency annotations: {@org.springframework.beans.factory.annotation.Autowired(required=true)}
	at org.springframework.beans.factory.support.DefaultListableBeanFactory.raiseNoMatchingBeanFound(DefaultListableBeanFactory.java:2304)
	at org.springframework.beans.factory.support.DefaultListableBeanFactory.doResolveDependency(DefaultListableBeanFactory.java:1732)
	at org.springframework.beans.factory.support.DefaultListableBeanFactory.resolveDependency(DefaultListableBeanFactory.java:1658)
	at org.springframework.beans.factory.annotation.AutowiredAnnotationBeanPostProcessor$AutowiredFieldElement.resolveFieldValue(AutowiredAnnotationBeanPostProcessor.java:764)
	... 88 common frames omitted
2026-08-19 22:15:56.141 WARN  [-] [main] o.s.test.context.TestContextManager      : Caught exception while allowing TestExecutionListener [org.springframework.test.context.support.DependencyInjectionTestExecutionListener] to prepare test instance [com.sdd.sdd.usuario.controller.UsuarioControllerTest@77307b51]
org.springframework.beans.factory.UnsatisfiedDependencyException: Error creating bean with name 'com.sdd.sdd.usuario.controller.UsuarioControllerTest': Unsatisfied dependency expressed through field 'objectMapper': No qualifying bean of type 'com.fasterxml.jackson.databind.ObjectMapper' available: expected at least 1 bean which qualifies as autowire candidate. Dependency annotations: {@org.springframework.beans.factory.annotation.Autowired(required=true)}
	at org.springframework.beans.factory.annotation.AutowiredAnnotationBeanPostProcessor$AutowiredFieldElement.resolveFieldValue(AutowiredAnnotationBeanPostProcessor.java:767)
	at org.springframework.beans.factory.annotation.AutowiredAnnotationBeanPostProcessor$AutowiredFieldElement.inject(AutowiredAnnotationBeanPostProcessor.java:748)
	at org.springframework.beans.factory.annotation.InjectionMetadata.inject(InjectionMetadata.java:146)
	at org.springframework.beans.factory.annotation.AutowiredAnnotationBeanPostProcessor.postProcessProperties(AutowiredAnnotationBeanPostProcessor.java:493)
	at org.springframework.beans.factory.support.AbstractAutowireCapableBeanFactory.populateBean(AbstractAutowireCapableBeanFactory.java:1444)
	at org.springframework.beans.factory.support.AbstractAutowireCapableBeanFactory.autowireBeanProperties(AbstractAutowireCapableBeanFactory.java:402)
	at org.springframework.test.context.support.DependencyInjectionTestExecutionListener.injectDependencies(DependencyInjectionTestExecutionListener.java:157)
	at org.springframework.test.context.support.DependencyInjectionTestExecutionListener.prepareTestInstance(DependencyInjectionTestExecutionListener.java:111)
	at org.springframework.test.context.TestContextManager.prepareTestInstance(TestContextManager.java:260)
	at org.springframework.test.context.junit.jupiter.SpringExtension.postProcessTestInstance(SpringExtension.java:242)
	at org.junit.jupiter.engine.descriptor.ClassBasedTestDescriptor.lambda$invokeTestInstancePostProcessors$1(ClassBasedTestDescriptor.java:423)
	at org.junit.jupiter.engine.descriptor.ClassBasedTestDescriptor.executeAndMaskThrowable(ClassBasedTestDescriptor.java:428)
	at org.junit.jupiter.engine.descriptor.ClassBasedTestDescriptor.lambda$invokeTestInstancePostProcessors$0(ClassBasedTestDescriptor.java:422)
	at java.base/java.util.stream.ForEachOps$ForEachOp$OfRef.accept(ForEachOps.java:186)
	at java.base/java.util.stream.ReferencePipeline$3$1.accept(ReferencePipeline.java:214)
	at java.base/java.util.stream.ReferencePipeline$2$1.accept(ReferencePipeline.java:197)
	at java.base/java.util.stream.ReferencePipeline$3$1.accept(ReferencePipeline.java:214)
	at java.base/java.util.ArrayList$ArrayListSpliterator.forEachRemaining(ArrayList.java:1716)
	at java.base/java.util.stream.AbstractPipeline.copyInto(AbstractPipeline.java:570)
	at java.base/java.util.stream.AbstractPipeline.wrapAndCopyInto(AbstractPipeline.java:560)
	at java.base/java.util.stream.ForEachOps$ForEachOp.evaluateSequential(ForEachOps.java:153)
	at java.base/java.util.stream.ForEachOps$ForEachOp$OfRef.evaluateSequential(ForEachOps.java:176)
	at java.base/java.util.stream.AbstractPipeline.evaluate(AbstractPipeline.java:265)
	at java.base/java.util.stream.ReferencePipeline.forEach(ReferencePipeline.java:632)
	at org.junit.jupiter.engine.descriptor.ClassBasedTestDescriptor.invokeTestInstancePostProcessors(ClassBasedTestDescriptor.java:422)
	at org.junit.jupiter.engine.descriptor.ClassBasedTestDescriptor.lambda$instantiateAndPostProcessTestInstance$0(ClassBasedTestDescriptor.java:334)
	at org.junit.platform.engine.support.hierarchical.ThrowableCollector.execute(ThrowableCollector.java:74)
	at org.junit.jupiter.engine.descriptor.ClassBasedTestDescriptor.instantiateAndPostProcessTestInstance(ClassBasedTestDescriptor.java:333)
	at org.junit.jupiter.engine.descriptor.ClassBasedTestDescriptor.lambda$testInstancesProvider$1(ClassBasedTestDescriptor.java:322)
	at java.base/java.util.Optional.orElseGet(Optional.java:364)
	at org.junit.jupiter.engine.descriptor.ClassBasedTestDescriptor.lambda$testInstancesProvider$0(ClassBasedTestDescriptor.java:321)
	at org.junit.jupiter.engine.execution.TestInstancesProvider.getTestInstances(TestInstancesProvider.java:27)
	at org.junit.jupiter.engine.descriptor.TestMethodTestDescriptor.lambda$prepare$0(TestMethodTestDescriptor.java:127)
	at org.junit.platform.engine.support.hierarchical.ThrowableCollector.execute(ThrowableCollector.java:74)
	at org.junit.jupiter.engine.descriptor.TestMethodTestDescriptor.prepare(TestMethodTestDescriptor.java:126)
	at org.junit.jupiter.engine.descriptor.TestMethodTestDescriptor.prepare(TestMethodTestDescriptor.java:70)
	at org.junit.platform.engine.support.hierarchical.NodeTestTask.lambda$prepare$0(NodeTestTask.java:144)
	at org.junit.platform.engine.support.hierarchical.ThrowableCollector.execute(ThrowableCollector.java:74)
	at org.junit.platform.engine.support.hierarchical.NodeTestTask.prepare(NodeTestTask.java:144)
	at org.junit.platform.engine.support.hierarchical.NodeTestTask.execute(NodeTestTask.java:110)
	at java.base/java.util.ArrayList.forEach(ArrayList.java:1604)
	at org.junit.platform.engine.support.hierarchical.SameThreadHierarchicalTestExecutorService.invokeAll(SameThreadHierarchicalTestExecutorService.java:42)
	at org.junit.platform.engine.support.hierarchical.NodeTestTask.lambda$executeRecursively$2(NodeTestTask.java:180)
	at org.junit.platform.engine.support.hierarchical.ThrowableCollector.execute(ThrowableCollector.java:74)
	at org.junit.platform.engine.support.hierarchical.NodeTestTask.lambda$executeRecursively$1(NodeTestTask.java:166)
	at org.junit.platform.engine.support.hierarchical.Node.around(Node.java:138)
	at org.junit.platform.engine.support.hierarchical.NodeTestTask.lambda$executeRecursively$0(NodeTestTask.java:164)
	at org.junit.platform.engine.support.hierarchical.ThrowableCollector.execute(ThrowableCollector.java:74)
	at org.junit.platform.engine.support.hierarchical.NodeTestTask.executeRecursively(NodeTestTask.java:163)
	at org.junit.platform.engine.support.hierarchical.NodeTestTask.execute(NodeTestTask.java:116)
	at java.base/java.util.ArrayList.forEach(ArrayList.java:1604)
	at org.junit.platform.engine.support.hierarchical.SameThreadHierarchicalTestExecutorService.invokeAll(SameThreadHierarchicalTestExecutorService.java:42)
	at org.junit.platform.engine.support.hierarchical.NodeTestTask.lambda$executeRecursively$2(NodeTestTask.java:180)
	at org.junit.platform.engine.support.hierarchical.ThrowableCollector.execute(ThrowableCollector.java:74)
	at org.junit.platform.engine.support.hierarchical.NodeTestTask.lambda$executeRecursively$1(NodeTestTask.java:166)
	at org.junit.platform.engine.support.hierarchical.Node.around(Node.java:138)
	at org.junit.platform.engine.support.hierarchical.NodeTestTask.lambda$executeRecursively$0(NodeTestTask.java:164)
	at org.junit.platform.engine.support.hierarchical.ThrowableCollector.execute(ThrowableCollector.java:74)
	at org.junit.platform.engine.support.hierarchical.NodeTestTask.executeRecursively(NodeTestTask.java:163)
	at org.junit.platform.engine.support.hierarchical.NodeTestTask.execute(NodeTestTask.java:116)
	at org.junit.platform.engine.support.hierarchical.SameThreadHierarchicalTestExecutorService.submit(SameThreadHierarchicalTestExecutorService.java:36)
	at org.junit.platform.engine.support.hierarchical.HierarchicalTestExecutor.execute(HierarchicalTestExecutor.java:52)
	at org.junit.platform.engine.support.hierarchical.HierarchicalTestEngine.execute(HierarchicalTestEngine.java:58)
	at org.junit.platform.launcher.core.EngineExecutionOrchestrator.executeEngine(EngineExecutionOrchestrator.java:246)
	at org.junit.platform.launcher.core.EngineExecutionOrchestrator.failOrExecuteEngine(EngineExecutionOrchestrator.java:218)
	at org.junit.platform.launcher.core.EngineExecutionOrchestrator.execute(EngineExecutionOrchestrator.java:179)
	at org.junit.platform.launcher.core.EngineExecutionOrchestrator.execute(EngineExecutionOrchestrator.java:108)
	at org.junit.platform.launcher.core.EngineExecutionOrchestrator.lambda$execute$0(EngineExecutionOrchestrator.java:66)
	at org.junit.platform.launcher.core.EngineExecutionOrchestrator.withInterceptedStreams(EngineExecutionOrchestrator.java:157)
	at org.junit.platform.launcher.core.EngineExecutionOrchestrator.execute(EngineExecutionOrchestrator.java:65)
	at org.junit.platform.launcher.core.DefaultLauncher.execute(DefaultLauncher.java:125)
	at org.junit.platform.launcher.core.DefaultLauncher.execute(DefaultLauncher.java:114)
	at org.junit.platform.launcher.core.DelegatingLauncher.execute(DelegatingLauncher.java:58)
	at org.junit.platform.launcher.core.InterceptingLauncher.lambda$execute$2(InterceptingLauncher.java:57)
	at org.junit.platform.launcher.core.ClasspathAlignmentCheckingLauncherInterceptor.intercept(ClasspathAlignmentCheckingLauncherInterceptor.java:25)
	at org.junit.platform.launcher.core.InterceptingLauncher.execute(InterceptingLauncher.java:56)
	at org.junit.platform.launcher.core.DelegatingLauncher.execute(DelegatingLauncher.java:58)
	at java.base/jdk.internal.reflect.DirectMethodHandleAccessor.invoke(DirectMethodHandleAccessor.java:104)
	at java.base/java.lang.reflect.Method.invoke(Method.java:565)
	at org.apache.maven.surefire.api.util.ReflectionUtils.invokeMethodWithArray(ReflectionUtils.java:125)
	at org.apache.maven.surefire.junitplatform.LauncherAdapter.executeWithCancellationToken(LauncherAdapter.java:68)
	at org.apache.maven.surefire.junitplatform.LauncherAdapter.execute(LauncherAdapter.java:54)
	at org.apache.maven.surefire.junitplatform.JUnitPlatformProvider.execute(JUnitPlatformProvider.java:203)
	at org.apache.maven.surefire.junitplatform.JUnitPlatformProvider.invokeAllTests(JUnitPlatformProvider.java:168)
	at org.apache.maven.surefire.junitplatform.JUnitPlatformProvider.invoke(JUnitPlatformProvider.java:136)
	at org.apache.maven.surefire.booter.ForkedBooter.runSuitesInProcess(ForkedBooter.java:385)
	at org.apache.maven.surefire.booter.ForkedBooter.execute(ForkedBooter.java:162)
	at org.apache.maven.surefire.booter.ForkedBooter.run(ForkedBooter.java:507)
	at org.apache.maven.surefire.booter.ForkedBooter.main(ForkedBooter.java:495)
Caused by: org.springframework.beans.factory.NoSuchBeanDefinitionException: No qualifying bean of type 'com.fasterxml.jackson.databind.ObjectMapper' available: expected at least 1 bean which qualifies as autowire candidate. Dependency annotations: {@org.springframework.beans.factory.annotation.Autowired(required=true)}
	at org.springframework.beans.factory.support.DefaultListableBeanFactory.raiseNoMatchingBeanFound(DefaultListableBeanFactory.java:2304)
	at org.springframework.beans.factory.support.DefaultListableBeanFactory.doResolveDependency(DefaultListableBeanFactory.java:1732)
	at org.springframework.beans.factory.support.DefaultListableBeanFactory.resolveDependency(DefaultListableBeanFactory.java:1658)
	at org.springframework.beans.factory.annotation.AutowiredAnnotationBeanPostProcessor$AutowiredFieldElement.resolveFieldValue(AutowiredAnnotationBeanPostProcessor.java:764)
	... 88 common frames omitted
2026-08-19 22:15:56.147 WARN  [-] [main] o.s.test.context.TestContextManager      : Caught exception while allowing TestExecutionListener [org.springframework.test.context.support.DependencyInjectionTestExecutionListener] to prepare test instance [com.sdd.sdd.usuario.controller.UsuarioControllerTest@68543a35]
org.springframework.beans.factory.UnsatisfiedDependencyException: Error creating bean with name 'com.sdd.sdd.usuario.controller.UsuarioControllerTest': Unsatisfied dependency expressed through field 'objectMapper': No qualifying bean of type 'com.fasterxml.jackson.databind.ObjectMapper' available: expected at least 1 bean which qualifies as autowire candidate. Dependency annotations: {@org.springframework.beans.factory.annotation.Autowired(required=true)}
	at org.springframework.beans.factory.annotation.AutowiredAnnotationBeanPostProcessor$AutowiredFieldElement.resolveFieldValue(AutowiredAnnotationBeanPostProcessor.java:767)
	at org.springframework.beans.factory.annotation.AutowiredAnnotationBeanPostProcessor$AutowiredFieldElement.inject(AutowiredAnnotationBeanPostProcessor.java:748)
	at org.springframework.beans.factory.annotation.InjectionMetadata.inject(InjectionMetadata.java:146)
	at org.springframework.beans.factory.annotation.AutowiredAnnotationBeanPostProcessor.postProcessProperties(AutowiredAnnotationBeanPostProcessor.java:493)
	at org.springframework.beans.factory.support.AbstractAutowireCapableBeanFactory.populateBean(AbstractAutowireCapableBeanFactory.java:1444)
	at org.springframework.beans.factory.support.AbstractAutowireCapableBeanFactory.autowireBeanProperties(AbstractAutowireCapableBeanFactory.java:402)
	at org.springframework.test.context.support.DependencyInjectionTestExecutionListener.injectDependencies(DependencyInjectionTestExecutionListener.java:157)
	at org.springframework.test.context.support.DependencyInjectionTestExecutionListener.prepareTestInstance(DependencyInjectionTestExecutionListener.java:111)
	at org.springframework.test.context.TestContextManager.prepareTestInstance(TestContextManager.java:260)
	at org.springframework.test.context.junit.jupiter.SpringExtension.postProcessTestInstance(SpringExtension.java:242)
	at org.junit.jupiter.engine.descriptor.ClassBasedTestDescriptor.lambda$invokeTestInstancePostProcessors$1(ClassBasedTestDescriptor.java:423)
	at org.junit.jupiter.engine.descriptor.ClassBasedTestDescriptor.executeAndMaskThrowable(ClassBasedTestDescriptor.java:428)
	at org.junit.jupiter.engine.descriptor.ClassBasedTestDescriptor.lambda$invokeTestInstancePostProcessors$0(ClassBasedTestDescriptor.java:422)
	at java.base/java.util.stream.ForEachOps$ForEachOp$OfRef.accept(ForEachOps.java:186)
	at java.base/java.util.stream.ReferencePipeline$3$1.accept(ReferencePipeline.java:214)
	at java.base/java.util.stream.ReferencePipeline$2$1.accept(ReferencePipeline.java:197)
	at java.base/java.util.stream.ReferencePipeline$3$1.accept(ReferencePipeline.java:214)
	at java.base/java.util.ArrayList$ArrayListSpliterator.forEachRemaining(ArrayList.java:1716)
	at java.base/java.util.stream.AbstractPipeline.copyInto(AbstractPipeline.java:570)
	at java.base/java.util.stream.AbstractPipeline.wrapAndCopyInto(AbstractPipeline.java:560)
	at java.base/java.util.stream.ForEachOps$ForEachOp.evaluateSequential(ForEachOps.java:153)
	at java.base/java.util.stream.ForEachOps$ForEachOp$OfRef.evaluateSequential(ForEachOps.java:176)
	at java.base/java.util.stream.AbstractPipeline.evaluate(AbstractPipeline.java:265)
	at java.base/java.util.stream.ReferencePipeline.forEach(ReferencePipeline.java:632)
	at org.junit.jupiter.engine.descriptor.ClassBasedTestDescriptor.invokeTestInstancePostProcessors(ClassBasedTestDescriptor.java:422)
	at org.junit.jupiter.engine.descriptor.ClassBasedTestDescriptor.lambda$instantiateAndPostProcessTestInstance$0(ClassBasedTestDescriptor.java:334)
	at org.junit.platform.engine.support.hierarchical.ThrowableCollector.execute(ThrowableCollector.java:74)
	at org.junit.jupiter.engine.descriptor.ClassBasedTestDescriptor.instantiateAndPostProcessTestInstance(ClassBasedTestDescriptor.java:333)
	at org.junit.jupiter.engine.descriptor.ClassBasedTestDescriptor.lambda$testInstancesProvider$1(ClassBasedTestDescriptor.java:322)
	at java.base/java.util.Optional.orElseGet(Optional.java:364)
	at org.junit.jupiter.engine.descriptor.ClassBasedTestDescriptor.lambda$testInstancesProvider$0(ClassBasedTestDescriptor.java:321)
	at org.junit.jupiter.engine.execution.TestInstancesProvider.getTestInstances(TestInstancesProvider.java:27)
	at org.junit.jupiter.engine.descriptor.TestMethodTestDescriptor.lambda$prepare$0(TestMethodTestDescriptor.java:127)
	at org.junit.platform.engine.support.hierarchical.ThrowableCollector.execute(ThrowableCollector.java:74)
	at org.junit.jupiter.engine.descriptor.TestMethodTestDescriptor.prepare(TestMethodTestDescriptor.java:126)
	at org.junit.jupiter.engine.descriptor.TestMethodTestDescriptor.prepare(TestMethodTestDescriptor.java:70)
	at org.junit.platform.engine.support.hierarchical.NodeTestTask.lambda$prepare$0(NodeTestTask.java:144)
	at org.junit.platform.engine.support.hierarchical.ThrowableCollector.execute(ThrowableCollector.java:74)
	at org.junit.platform.engine.support.hierarchical.NodeTestTask.prepare(NodeTestTask.java:144)
	at org.junit.platform.engine.support.hierarchical.NodeTestTask.execute(NodeTestTask.java:110)
	at java.base/java.util.ArrayList.forEach(ArrayList.java:1604)
	at org.junit.platform.engine.support.hierarchical.SameThreadHierarchicalTestExecutorService.invokeAll(SameThreadHierarchicalTestExecutorService.java:42)
	at org.junit.platform.engine.support.hierarchical.NodeTestTask.lambda$executeRecursively$2(NodeTestTask.java:180)
	at org.junit.platform.engine.support.hierarchical.ThrowableCollector.execute(ThrowableCollector.java:74)
	at org.junit.platform.engine.support.hierarchical.NodeTestTask.lambda$executeRecursively$1(NodeTestTask.java:166)
	at org.junit.platform.engine.support.hierarchical.Node.around(Node.java:138)
	at org.junit.platform.engine.support.hierarchical.NodeTestTask.lambda$executeRecursively$0(NodeTestTask.java:164)
	at org.junit.platform.engine.support.hierarchical.ThrowableCollector.execute(ThrowableCollector.java:74)
	at org.junit.platform.engine.support.hierarchical.NodeTestTask.executeRecursively(NodeTestTask.java:163)
	at org.junit.platform.engine.support.hierarchical.NodeTestTask.execute(NodeTestTask.java:116)
	at java.base/java.util.ArrayList.forEach(ArrayList.java:1604)
	at org.junit.platform.engine.support.hierarchical.SameThreadHierarchicalTestExecutorService.invokeAll(SameThreadHierarchicalTestExecutorService.java:42)
	at org.junit.platform.engine.support.hierarchical.NodeTestTask.lambda$executeRecursively$2(NodeTestTask.java:180)
	at org.junit.platform.engine.support.hierarchical.ThrowableCollector.execute(ThrowableCollector.java:74)
	at org.junit.platform.engine.support.hierarchical.NodeTestTask.lambda$executeRecursively$1(NodeTestTask.java:166)
	at org.junit.platform.engine.support.hierarchical.Node.around(Node.java:138)
	at org.junit.platform.engine.support.hierarchical.NodeTestTask.lambda$executeRecursively$0(NodeTestTask.java:164)
	at org.junit.platform.engine.support.hierarchical.ThrowableCollector.execute(ThrowableCollector.java:74)
	at org.junit.platform.engine.support.hierarchical.NodeTestTask.executeRecursively(NodeTestTask.java:163)
	at org.junit.platform.engine.support.hierarchical.NodeTestTask.execute(NodeTestTask.java:116)
	at org.junit.platform.engine.support.hierarchical.SameThreadHierarchicalTestExecutorService.submit(SameThreadHierarchicalTestExecutorService.java:36)
	at org.junit.platform.engine.support.hierarchical.HierarchicalTestExecutor.execute(HierarchicalTestExecutor.java:52)
	at org.junit.platform.engine.support.hierarchical.HierarchicalTestEngine.execute(HierarchicalTestEngine.java:58)
	at org.junit.platform.launcher.core.EngineExecutionOrchestrator.executeEngine(EngineExecutionOrchestrator.java:246)
	at org.junit.platform.launcher.core.EngineExecutionOrchestrator.failOrExecuteEngine(EngineExecutionOrchestrator.java:218)
	at org.junit.platform.launcher.core.EngineExecutionOrchestrator.execute(EngineExecutionOrchestrator.java:179)
	at org.junit.platform.launcher.core.EngineExecutionOrchestrator.execute(EngineExecutionOrchestrator.java:108)
	at org.junit.platform.launcher.core.EngineExecutionOrchestrator.lambda$execute$0(EngineExecutionOrchestrator.java:66)
	at org.junit.platform.launcher.core.EngineExecutionOrchestrator.withInterceptedStreams(EngineExecutionOrchestrator.java:157)
	at org.junit.platform.launcher.core.EngineExecutionOrchestrator.execute(EngineExecutionOrchestrator.java:65)
	at org.junit.platform.launcher.core.DefaultLauncher.execute(DefaultLauncher.java:125)
	at org.junit.platform.launcher.core.DefaultLauncher.execute(DefaultLauncher.java:114)
	at org.junit.platform.launcher.core.DelegatingLauncher.execute(DelegatingLauncher.java:58)
	at org.junit.platform.launcher.core.InterceptingLauncher.lambda$execute$2(InterceptingLauncher.java:57)
	at org.junit.platform.launcher.core.ClasspathAlignmentCheckingLauncherInterceptor.intercept(ClasspathAlignmentCheckingLauncherInterceptor.java:25)
	at org.junit.platform.launcher.core.InterceptingLauncher.execute(InterceptingLauncher.java:56)
	at org.junit.platform.launcher.core.DelegatingLauncher.execute(DelegatingLauncher.java:58)
	at java.base/jdk.internal.reflect.DirectMethodHandleAccessor.invoke(DirectMethodHandleAccessor.java:104)
	at java.base/java.lang.reflect.Method.invoke(Method.java:565)
	at org.apache.maven.surefire.api.util.ReflectionUtils.invokeMethodWithArray(ReflectionUtils.java:125)
	at org.apache.maven.surefire.junitplatform.LauncherAdapter.executeWithCancellationToken(LauncherAdapter.java:68)
	at org.apache.maven.surefire.junitplatform.LauncherAdapter.execute(LauncherAdapter.java:54)
	at org.apache.maven.surefire.junitplatform.JUnitPlatformProvider.execute(JUnitPlatformProvider.java:203)
	at org.apache.maven.surefire.junitplatform.JUnitPlatformProvider.invokeAllTests(JUnitPlatformProvider.java:168)
	at org.apache.maven.surefire.junitplatform.JUnitPlatformProvider.invoke(JUnitPlatformProvider.java:136)
	at org.apache.maven.surefire.booter.ForkedBooter.runSuitesInProcess(ForkedBooter.java:385)
	at org.apache.maven.surefire.booter.ForkedBooter.execute(ForkedBooter.java:162)
	at org.apache.maven.surefire.booter.ForkedBooter.run(ForkedBooter.java:507)
	at org.apache.maven.surefire.booter.ForkedBooter.main(ForkedBooter.java:495)
Caused by: org.springframework.beans.factory.NoSuchBeanDefinitionException: No qualifying bean of type 'com.fasterxml.jackson.databind.ObjectMapper' available: expected at least 1 bean which qualifies as autowire candidate. Dependency annotations: {@org.springframework.beans.factory.annotation.Autowired(required=true)}
	at org.springframework.beans.factory.support.DefaultListableBeanFactory.raiseNoMatchingBeanFound(DefaultListableBeanFactory.java:2304)
	at org.springframework.beans.factory.support.DefaultListableBeanFactory.doResolveDependency(DefaultListableBeanFactory.java:1732)
	at org.springframework.beans.factory.support.DefaultListableBeanFactory.resolveDependency(DefaultListableBeanFactory.java:1658)
	at org.springframework.beans.factory.annotation.AutowiredAnnotationBeanPostProcessor$AutowiredFieldElement.resolveFieldValue(AutowiredAnnotationBeanPostProcessor.java:764)
	... 88 common frames omitted
2026-08-19 22:15:56.154 WARN  [-] [main] o.s.test.context.TestContextManager      : Caught exception while allowing TestExecutionListener [org.springframework.test.context.support.DependencyInjectionTestExecutionListener] to prepare test instance [com.sdd.sdd.usuario.controller.UsuarioControllerTest@4cefa0be]
org.springframework.beans.factory.UnsatisfiedDependencyException: Error creating bean with name 'com.sdd.sdd.usuario.controller.UsuarioControllerTest': Unsatisfied dependency expressed through field 'objectMapper': No qualifying bean of type 'com.fasterxml.jackson.databind.ObjectMapper' available: expected at least 1 bean which qualifies as autowire candidate. Dependency annotations: {@org.springframework.beans.factory.annotation.Autowired(required=true)}
	at org.springframework.beans.factory.annotation.AutowiredAnnotationBeanPostProcessor$AutowiredFieldElement.resolveFieldValue(AutowiredAnnotationBeanPostProcessor.java:767)
	at org.springframework.beans.factory.annotation.AutowiredAnnotationBeanPostProcessor$AutowiredFieldElement.inject(AutowiredAnnotationBeanPostProcessor.java:748)
	at org.springframework.beans.factory.annotation.InjectionMetadata.inject(InjectionMetadata.java:146)
	at org.springframework.beans.factory.annotation.AutowiredAnnotationBeanPostProcessor.postProcessProperties(AutowiredAnnotationBeanPostProcessor.java:493)
	at org.springframework.beans.factory.support.AbstractAutowireCapableBeanFactory.populateBean(AbstractAutowireCapableBeanFactory.java:1444)
	at org.springframework.beans.factory.support.AbstractAutowireCapableBeanFactory.autowireBeanProperties(AbstractAutowireCapableBeanFactory.java:402)
	at org.springframework.test.context.support.DependencyInjectionTestExecutionListener.injectDependencies(DependencyInjectionTestExecutionListener.java:157)
	at org.springframework.test.context.support.DependencyInjectionTestExecutionListener.prepareTestInstance(DependencyInjectionTestExecutionListener.java:111)
	at org.springframework.test.context.TestContextManager.prepareTestInstance(TestContextManager.java:260)
	at org.springframework.test.context.junit.jupiter.SpringExtension.postProcessTestInstance(SpringExtension.java:242)
	at org.junit.jupiter.engine.descriptor.ClassBasedTestDescriptor.lambda$invokeTestInstancePostProcessors$1(ClassBasedTestDescriptor.java:423)
	at org.junit.jupiter.engine.descriptor.ClassBasedTestDescriptor.executeAndMaskThrowable(ClassBasedTestDescriptor.java:428)
	at org.junit.jupiter.engine.descriptor.ClassBasedTestDescriptor.lambda$invokeTestInstancePostProcessors$0(ClassBasedTestDescriptor.java:422)
	at java.base/java.util.stream.ForEachOps$ForEachOp$OfRef.accept(ForEachOps.java:186)
	at java.base/java.util.stream.ReferencePipeline$3$1.accept(ReferencePipeline.java:214)
	at java.base/java.util.stream.ReferencePipeline$2$1.accept(ReferencePipeline.java:197)
	at java.base/java.util.stream.ReferencePipeline$3$1.accept(ReferencePipeline.java:214)
	at java.base/java.util.ArrayList$ArrayListSpliterator.forEachRemaining(ArrayList.java:1716)
	at java.base/java.util.stream.AbstractPipeline.copyInto(AbstractPipeline.java:570)
	at java.base/java.util.stream.AbstractPipeline.wrapAndCopyInto(AbstractPipeline.java:560)
	at java.base/java.util.stream.ForEachOps$ForEachOp.evaluateSequential(ForEachOps.java:153)
	at java.base/java.util.stream.ForEachOps$ForEachOp$OfRef.evaluateSequential(ForEachOps.java:176)
	at java.base/java.util.stream.AbstractPipeline.evaluate(AbstractPipeline.java:265)
	at java.base/java.util.stream.ReferencePipeline.forEach(ReferencePipeline.java:632)
	at org.junit.jupiter.engine.descriptor.ClassBasedTestDescriptor.invokeTestInstancePostProcessors(ClassBasedTestDescriptor.java:422)
	at org.junit.jupiter.engine.descriptor.ClassBasedTestDescriptor.lambda$instantiateAndPostProcessTestInstance$0(ClassBasedTestDescriptor.java:334)
	at org.junit.platform.engine.support.hierarchical.ThrowableCollector.execute(ThrowableCollector.java:74)
	at org.junit.jupiter.engine.descriptor.ClassBasedTestDescriptor.instantiateAndPostProcessTestInstance(ClassBasedTestDescriptor.java:333)
	at org.junit.jupiter.engine.descriptor.ClassBasedTestDescriptor.lambda$testInstancesProvider$1(ClassBasedTestDescriptor.java:322)
	at java.base/java.util.Optional.orElseGet(Optional.java:364)
	at org.junit.jupiter.engine.descriptor.ClassBasedTestDescriptor.lambda$testInstancesProvider$0(ClassBasedTestDescriptor.java:321)
	at org.junit.jupiter.engine.execution.TestInstancesProvider.getTestInstances(TestInstancesProvider.java:27)
	at org.junit.jupiter.engine.descriptor.TestMethodTestDescriptor.lambda$prepare$0(TestMethodTestDescriptor.java:127)
	at org.junit.platform.engine.support.hierarchical.ThrowableCollector.execute(ThrowableCollector.java:74)
	at org.junit.jupiter.engine.descriptor.TestMethodTestDescriptor.prepare(TestMethodTestDescriptor.java:126)
	at org.junit.jupiter.engine.descriptor.TestMethodTestDescriptor.prepare(TestMethodTestDescriptor.java:70)
	at org.junit.platform.engine.support.hierarchical.NodeTestTask.lambda$prepare$0(NodeTestTask.java:144)
	at org.junit.platform.engine.support.hierarchical.ThrowableCollector.execute(ThrowableCollector.java:74)
	at org.junit.platform.engine.support.hierarchical.NodeTestTask.prepare(NodeTestTask.java:144)
	at org.junit.platform.engine.support.hierarchical.NodeTestTask.execute(NodeTestTask.java:110)
	at java.base/java.util.ArrayList.forEach(ArrayList.java:1604)
	at org.junit.platform.engine.support.hierarchical.SameThreadHierarchicalTestExecutorService.invokeAll(SameThreadHierarchicalTestExecutorService.java:42)
	at org.junit.platform.engine.support.hierarchical.NodeTestTask.lambda$executeRecursively$2(NodeTestTask.java:180)
	at org.junit.platform.engine.support.hierarchical.ThrowableCollector.execute(ThrowableCollector.java:74)
	at org.junit.platform.engine.support.hierarchical.NodeTestTask.lambda$executeRecursively$1(NodeTestTask.java:166)
	at org.junit.platform.engine.support.hierarchical.Node.around(Node.java:138)
	at org.junit.platform.engine.support.hierarchical.NodeTestTask.lambda$executeRecursively$0(NodeTestTask.java:164)
	at org.junit.platform.engine.support.hierarchical.ThrowableCollector.execute(ThrowableCollector.java:74)
	at org.junit.platform.engine.support.hierarchical.NodeTestTask.executeRecursively(NodeTestTask.java:163)
	at org.junit.platform.engine.support.hierarchical.NodeTestTask.execute(NodeTestTask.java:116)
	at java.base/java.util.ArrayList.forEach(ArrayList.java:1604)
	at org.junit.platform.engine.support.hierarchical.SameThreadHierarchicalTestExecutorService.invokeAll(SameThreadHierarchicalTestExecutorService.java:42)
	at org.junit.platform.engine.support.hierarchical.NodeTestTask.lambda$executeRecursively$2(NodeTestTask.java:180)
	at org.junit.platform.engine.support.hierarchical.ThrowableCollector.execute(ThrowableCollector.java:74)
	at org.junit.platform.engine.support.hierarchical.NodeTestTask.lambda$executeRecursively$1(NodeTestTask.java:166)
	at org.junit.platform.engine.support.hierarchical.Node.around(Node.java:138)
	at org.junit.platform.engine.support.hierarchical.NodeTestTask.lambda$executeRecursively$0(NodeTestTask.java:164)
	at org.junit.platform.engine.support.hierarchical.ThrowableCollector.execute(ThrowableCollector.java:74)
	at org.junit.platform.engine.support.hierarchical.NodeTestTask.executeRecursively(NodeTestTask.java:163)
	at org.junit.platform.engine.support.hierarchical.NodeTestTask.execute(NodeTestTask.java:116)
	at org.junit.platform.engine.support.hierarchical.SameThreadHierarchicalTestExecutorService.submit(SameThreadHierarchicalTestExecutorService.java:36)
	at org.junit.platform.engine.support.hierarchical.HierarchicalTestExecutor.execute(HierarchicalTestExecutor.java:52)
	at org.junit.platform.engine.support.hierarchical.HierarchicalTestEngine.execute(HierarchicalTestEngine.java:58)
	at org.junit.platform.launcher.core.EngineExecutionOrchestrator.executeEngine(EngineExecutionOrchestrator.java:246)
	at org.junit.platform.launcher.core.EngineExecutionOrchestrator.failOrExecuteEngine(EngineExecutionOrchestrator.java:218)
	at org.junit.platform.launcher.core.EngineExecutionOrchestrator.execute(EngineExecutionOrchestrator.java:179)
	at org.junit.platform.launcher.core.EngineExecutionOrchestrator.execute(EngineExecutionOrchestrator.java:108)
	at org.junit.platform.launcher.core.EngineExecutionOrchestrator.lambda$execute$0(EngineExecutionOrchestrator.java:66)
	at org.junit.platform.launcher.core.EngineExecutionOrchestrator.withInterceptedStreams(EngineExecutionOrchestrator.java:157)
	at org.junit.platform.launcher.core.EngineExecutionOrchestrator.execute(EngineExecutionOrchestrator.java:65)
	at org.junit.platform.launcher.core.DefaultLauncher.execute(DefaultLauncher.java:125)
	at org.junit.platform.launcher.core.DefaultLauncher.execute(DefaultLauncher.java:114)
	at org.junit.platform.launcher.core.DelegatingLauncher.execute(DelegatingLauncher.java:58)
	at org.junit.platform.launcher.core.InterceptingLauncher.lambda$execute$2(InterceptingLauncher.java:57)
	at org.junit.platform.launcher.core.ClasspathAlignmentCheckingLauncherInterceptor.intercept(ClasspathAlignmentCheckingLauncherInterceptor.java:25)
	at org.junit.platform.launcher.core.InterceptingLauncher.execute(InterceptingLauncher.java:56)
	at org.junit.platform.launcher.core.DelegatingLauncher.execute(DelegatingLauncher.java:58)
	at java.base/jdk.internal.reflect.DirectMethodHandleAccessor.invoke(DirectMethodHandleAccessor.java:104)
	at java.base/java.lang.reflect.Method.invoke(Method.java:565)
	at org.apache.maven.surefire.api.util.ReflectionUtils.invokeMethodWithArray(ReflectionUtils.java:125)
	at org.apache.maven.surefire.junitplatform.LauncherAdapter.executeWithCancellationToken(LauncherAdapter.java:68)
	at org.apache.maven.surefire.junitplatform.LauncherAdapter.execute(LauncherAdapter.java:54)
	at org.apache.maven.surefire.junitplatform.JUnitPlatformProvider.execute(JUnitPlatformProvider.java:203)
	at org.apache.maven.surefire.junitplatform.JUnitPlatformProvider.invokeAllTests(JUnitPlatformProvider.java:168)
	at org.apache.maven.surefire.junitplatform.JUnitPlatformProvider.invoke(JUnitPlatformProvider.java:136)
	at org.apache.maven.surefire.booter.ForkedBooter.runSuitesInProcess(ForkedBooter.java:385)
	at org.apache.maven.surefire.booter.ForkedBooter.execute(ForkedBooter.java:162)
	at org.apache.maven.surefire.booter.ForkedBooter.run(ForkedBooter.java:507)
	at org.apache.maven.surefire.booter.ForkedBooter.main(ForkedBooter.java:495)
Caused by: org.springframework.beans.factory.NoSuchBeanDefinitionException: No qualifying bean of type 'com.fasterxml.jackson.databind.ObjectMapper' available: expected at least 1 bean which qualifies as autowire candidate. Dependency annotations: {@org.springframework.beans.factory.annotation.Autowired(required=true)}
	at org.springframework.beans.factory.support.DefaultListableBeanFactory.raiseNoMatchingBeanFound(DefaultListableBeanFactory.java:2304)
	at org.springframework.beans.factory.support.DefaultListableBeanFactory.doResolveDependency(DefaultListableBeanFactory.java:1732)
	at org.springframework.beans.factory.support.DefaultListableBeanFactory.resolveDependency(DefaultListableBeanFactory.java:1658)
	at org.springframework.beans.factory.annotation.AutowiredAnnotationBeanPostProcessor$AutowiredFieldElement.resolveFieldValue(AutowiredAnnotationBeanPostProcessor.java:764)
	... 88 common frames omitted
2026-08-19 22:15:56.160 WARN  [-] [main] o.s.test.context.TestContextManager      : Caught exception while allowing TestExecutionListener [org.springframework.test.context.support.DependencyInjectionTestExecutionListener] to prepare test instance [com.sdd.sdd.usuario.controller.UsuarioControllerTest@21f479cd]
org.springframework.beans.factory.UnsatisfiedDependencyException: Error creating bean with name 'com.sdd.sdd.usuario.controller.UsuarioControllerTest': Unsatisfied dependency expressed through field 'objectMapper': No qualifying bean of type 'com.fasterxml.jackson.databind.ObjectMapper' available: expected at least 1 bean which qualifies as autowire candidate. Dependency annotations: {@org.springframework.beans.factory.annotation.Autowired(required=true)}
	at org.springframework.beans.factory.annotation.AutowiredAnnotationBeanPostProcessor$AutowiredFieldElement.resolveFieldValue(AutowiredAnnotationBeanPostProcessor.java:767)
	at org.springframework.beans.factory.annotation.AutowiredAnnotationBeanPostProcessor$AutowiredFieldElement.inject(AutowiredAnnotationBeanPostProcessor.java:748)
	at org.springframework.beans.factory.annotation.InjectionMetadata.inject(InjectionMetadata.java:146)
	at org.springframework.beans.factory.annotation.AutowiredAnnotationBeanPostProcessor.postProcessProperties(AutowiredAnnotationBeanPostProcessor.java:493)
	at org.springframework.beans.factory.support.AbstractAutowireCapableBeanFactory.populateBean(AbstractAutowireCapableBeanFactory.java:1444)
	at org.springframework.beans.factory.support.AbstractAutowireCapableBeanFactory.autowireBeanProperties(AbstractAutowireCapableBeanFactory.java:402)
	at org.springframework.test.context.support.DependencyInjectionTestExecutionListener.injectDependencies(DependencyInjectionTestExecutionListener.java:157)
	at org.springframework.test.context.support.DependencyInjectionTestExecutionListener.prepareTestInstance(DependencyInjectionTestExecutionListener.java:111)
	at org.springframework.test.context.TestContextManager.prepareTestInstance(TestContextManager.java:260)
	at org.springframework.test.context.junit.jupiter.SpringExtension.postProcessTestInstance(SpringExtension.java:242)
	at org.junit.jupiter.engine.descriptor.ClassBasedTestDescriptor.lambda$invokeTestInstancePostProcessors$1(ClassBasedTestDescriptor.java:423)
	at org.junit.jupiter.engine.descriptor.ClassBasedTestDescriptor.executeAndMaskThrowable(ClassBasedTestDescriptor.java:428)
	at org.junit.jupiter.engine.descriptor.ClassBasedTestDescriptor.lambda$invokeTestInstancePostProcessors$0(ClassBasedTestDescriptor.java:422)
	at java.base/java.util.stream.ForEachOps$ForEachOp$OfRef.accept(ForEachOps.java:186)
	at java.base/java.util.stream.ReferencePipeline$3$1.accept(ReferencePipeline.java:214)
	at java.base/java.util.stream.ReferencePipeline$2$1.accept(ReferencePipeline.java:197)
	at java.base/java.util.stream.ReferencePipeline$3$1.accept(ReferencePipeline.java:214)
	at java.base/java.util.ArrayList$ArrayListSpliterator.forEachRemaining(ArrayList.java:1716)
	at java.base/java.util.stream.AbstractPipeline.copyInto(AbstractPipeline.java:570)
	at java.base/java.util.stream.AbstractPipeline.wrapAndCopyInto(AbstractPipeline.java:560)
	at java.base/java.util.stream.ForEachOps$ForEachOp.evaluateSequential(ForEachOps.java:153)
	at java.base/java.util.stream.ForEachOps$ForEachOp$OfRef.evaluateSequential(ForEachOps.java:176)
	at java.base/java.util.stream.AbstractPipeline.evaluate(AbstractPipeline.java:265)
	at java.base/java.util.stream.ReferencePipeline.forEach(ReferencePipeline.java:632)
	at org.junit.jupiter.engine.descriptor.ClassBasedTestDescriptor.invokeTestInstancePostProcessors(ClassBasedTestDescriptor.java:422)
	at org.junit.jupiter.engine.descriptor.ClassBasedTestDescriptor.lambda$instantiateAndPostProcessTestInstance$0(ClassBasedTestDescriptor.java:334)
	at org.junit.platform.engine.support.hierarchical.ThrowableCollector.execute(ThrowableCollector.java:74)
	at org.junit.jupiter.engine.descriptor.ClassBasedTestDescriptor.instantiateAndPostProcessTestInstance(ClassBasedTestDescriptor.java:333)
	at org.junit.jupiter.engine.descriptor.ClassBasedTestDescriptor.lambda$testInstancesProvider$1(ClassBasedTestDescriptor.java:322)
	at java.base/java.util.Optional.orElseGet(Optional.java:364)
	at org.junit.jupiter.engine.descriptor.ClassBasedTestDescriptor.lambda$testInstancesProvider$0(ClassBasedTestDescriptor.java:321)
	at org.junit.jupiter.engine.execution.TestInstancesProvider.getTestInstances(TestInstancesProvider.java:27)
	at org.junit.jupiter.engine.descriptor.TestMethodTestDescriptor.lambda$prepare$0(TestMethodTestDescriptor.java:127)
	at org.junit.platform.engine.support.hierarchical.ThrowableCollector.execute(ThrowableCollector.java:74)
	at org.junit.jupiter.engine.descriptor.TestMethodTestDescriptor.prepare(TestMethodTestDescriptor.java:126)
	at org.junit.jupiter.engine.descriptor.TestMethodTestDescriptor.prepare(TestMethodTestDescriptor.java:70)
	at org.junit.platform.engine.support.hierarchical.NodeTestTask.lambda$prepare$0(NodeTestTask.java:144)
	at org.junit.platform.engine.support.hierarchical.ThrowableCollector.execute(ThrowableCollector.java:74)
	at org.junit.platform.engine.support.hierarchical.NodeTestTask.prepare(NodeTestTask.java:144)
	at org.junit.platform.engine.support.hierarchical.NodeTestTask.execute(NodeTestTask.java:110)
	at java.base/java.util.ArrayList.forEach(ArrayList.java:1604)
	at org.junit.platform.engine.support.hierarchical.SameThreadHierarchicalTestExecutorService.invokeAll(SameThreadHierarchicalTestExecutorService.java:42)
	at org.junit.platform.engine.support.hierarchical.NodeTestTask.lambda$executeRecursively$2(NodeTestTask.java:180)
	at org.junit.platform.engine.support.hierarchical.ThrowableCollector.execute(ThrowableCollector.java:74)
	at org.junit.platform.engine.support.hierarchical.NodeTestTask.lambda$executeRecursively$1(NodeTestTask.java:166)
	at org.junit.platform.engine.support.hierarchical.Node.around(Node.java:138)
	at org.junit.platform.engine.support.hierarchical.NodeTestTask.lambda$executeRecursively$0(NodeTestTask.java:164)
	at org.junit.platform.engine.support.hierarchical.ThrowableCollector.execute(ThrowableCollector.java:74)
	at org.junit.platform.engine.support.hierarchical.NodeTestTask.executeRecursively(NodeTestTask.java:163)
	at org.junit.platform.engine.support.hierarchical.NodeTestTask.execute(NodeTestTask.java:116)
	at java.base/java.util.ArrayList.forEach(ArrayList.java:1604)
	at org.junit.platform.engine.support.hierarchical.SameThreadHierarchicalTestExecutorService.invokeAll(SameThreadHierarchicalTestExecutorService.java:42)
	at org.junit.platform.engine.support.hierarchical.NodeTestTask.lambda$executeRecursively$2(NodeTestTask.java:180)
	at org.junit.platform.engine.support.hierarchical.ThrowableCollector.execute(ThrowableCollector.java:74)
	at org.junit.platform.engine.support.hierarchical.NodeTestTask.lambda$executeRecursively$1(NodeTestTask.java:166)
	at org.junit.platform.engine.support.hierarchical.Node.around(Node.java:138)
	at org.junit.platform.engine.support.hierarchical.NodeTestTask.lambda$executeRecursively$0(NodeTestTask.java:164)
	at org.junit.platform.engine.support.hierarchical.ThrowableCollector.execute(ThrowableCollector.java:74)
	at org.junit.platform.engine.support.hierarchical.NodeTestTask.executeRecursively(NodeTestTask.java:163)
	at org.junit.platform.engine.support.hierarchical.NodeTestTask.execute(NodeTestTask.java:116)
	at org.junit.platform.engine.support.hierarchical.SameThreadHierarchicalTestExecutorService.submit(SameThreadHierarchicalTestExecutorService.java:36)
	at org.junit.platform.engine.support.hierarchical.HierarchicalTestExecutor.execute(HierarchicalTestExecutor.java:52)
	at org.junit.platform.engine.support.hierarchical.HierarchicalTestEngine.execute(HierarchicalTestEngine.java:58)
	at org.junit.platform.launcher.core.EngineExecutionOrchestrator.executeEngine(EngineExecutionOrchestrator.java:246)
	at org.junit.platform.launcher.core.EngineExecutionOrchestrator.failOrExecuteEngine(EngineExecutionOrchestrator.java:218)
	at org.junit.platform.launcher.core.EngineExecutionOrchestrator.execute(EngineExecutionOrchestrator.java:179)
	at org.junit.platform.launcher.core.EngineExecutionOrchestrator.execute(EngineExecutionOrchestrator.java:108)
	at org.junit.platform.launcher.core.EngineExecutionOrchestrator.lambda$execute$0(EngineExecutionOrchestrator.java:66)
	at org.junit.platform.launcher.core.EngineExecutionOrchestrator.withInterceptedStreams(EngineExecutionOrchestrator.java:157)
	at org.junit.platform.launcher.core.EngineExecutionOrchestrator.execute(EngineExecutionOrchestrator.java:65)
	at org.junit.platform.launcher.core.DefaultLauncher.execute(DefaultLauncher.java:125)
	at org.junit.platform.launcher.core.DefaultLauncher.execute(DefaultLauncher.java:114)
	at org.junit.platform.launcher.core.DelegatingLauncher.execute(DelegatingLauncher.java:58)
	at org.junit.platform.launcher.core.InterceptingLauncher.lambda$execute$2(InterceptingLauncher.java:57)
	at org.junit.platform.launcher.core.ClasspathAlignmentCheckingLauncherInterceptor.intercept(ClasspathAlignmentCheckingLauncherInterceptor.java:25)
	at org.junit.platform.launcher.core.InterceptingLauncher.execute(InterceptingLauncher.java:56)
	at org.junit.platform.launcher.core.DelegatingLauncher.execute(DelegatingLauncher.java:58)
	at java.base/jdk.internal.reflect.DirectMethodHandleAccessor.invoke(DirectMethodHandleAccessor.java:104)
	at java.base/java.lang.reflect.Method.invoke(Method.java:565)
	at org.apache.maven.surefire.api.util.ReflectionUtils.invokeMethodWithArray(ReflectionUtils.java:125)
	at org.apache.maven.surefire.junitplatform.LauncherAdapter.executeWithCancellationToken(LauncherAdapter.java:68)
	at org.apache.maven.surefire.junitplatform.LauncherAdapter.execute(LauncherAdapter.java:54)
	at org.apache.maven.surefire.junitplatform.JUnitPlatformProvider.execute(JUnitPlatformProvider.java:203)
	at org.apache.maven.surefire.junitplatform.JUnitPlatformProvider.invokeAllTests(JUnitPlatformProvider.java:168)
	at org.apache.maven.surefire.junitplatform.JUnitPlatformProvider.invoke(JUnitPlatformProvider.java:136)
	at org.apache.maven.surefire.booter.ForkedBooter.runSuitesInProcess(ForkedBooter.java:385)
	at org.apache.maven.surefire.booter.ForkedBooter.execute(ForkedBooter.java:162)
	at org.apache.maven.surefire.booter.ForkedBooter.run(ForkedBooter.java:507)
	at org.apache.maven.surefire.booter.ForkedBooter.main(ForkedBooter.java:495)
Caused by: org.springframework.beans.factory.NoSuchBeanDefinitionException: No qualifying bean of type 'com.fasterxml.jackson.databind.ObjectMapper' available: expected at least 1 bean which qualifies as autowire candidate. Dependency annotations: {@org.springframework.beans.factory.annotation.Autowired(required=true)}
	at org.springframework.beans.factory.support.DefaultListableBeanFactory.raiseNoMatchingBeanFound(DefaultListableBeanFactory.java:2304)
	at org.springframework.beans.factory.support.DefaultListableBeanFactory.doResolveDependency(DefaultListableBeanFactory.java:1732)
	at org.springframework.beans.factory.support.DefaultListableBeanFactory.resolveDependency(DefaultListableBeanFactory.java:1658)
	at org.springframework.beans.factory.annotation.AutowiredAnnotationBeanPostProcessor$AutowiredFieldElement.resolveFieldValue(AutowiredAnnotationBeanPostProcessor.java:764)
	... 88 common frames omitted
2026-08-19 22:15:56.166 WARN  [-] [main] o.s.test.context.TestContextManager      : Caught exception while allowing TestExecutionListener [org.springframework.test.context.support.DependencyInjectionTestExecutionListener] to prepare test instance [com.sdd.sdd.usuario.controller.UsuarioControllerTest@464d60fb]
org.springframework.beans.factory.UnsatisfiedDependencyException: Error creating bean with name 'com.sdd.sdd.usuario.controller.UsuarioControllerTest': Unsatisfied dependency expressed through field 'objectMapper': No qualifying bean of type 'com.fasterxml.jackson.databind.ObjectMapper' available: expected at least 1 bean which qualifies as autowire candidate. Dependency annotations: {@org.springframework.beans.factory.annotation.Autowired(required=true)}
	at org.springframework.beans.factory.annotation.AutowiredAnnotationBeanPostProcessor$AutowiredFieldElement.resolveFieldValue(AutowiredAnnotationBeanPostProcessor.java:767)
	at org.springframework.beans.factory.annotation.AutowiredAnnotationBeanPostProcessor$AutowiredFieldElement.inject(AutowiredAnnotationBeanPostProcessor.java:748)
	at org.springframework.beans.factory.annotation.InjectionMetadata.inject(InjectionMetadata.java:146)
	at org.springframework.beans.factory.annotation.AutowiredAnnotationBeanPostProcessor.postProcessProperties(AutowiredAnnotationBeanPostProcessor.java:493)
	at org.springframework.beans.factory.support.AbstractAutowireCapableBeanFactory.populateBean(AbstractAutowireCapableBeanFactory.java:1444)
	at org.springframework.beans.factory.support.AbstractAutowireCapableBeanFactory.autowireBeanProperties(AbstractAutowireCapableBeanFactory.java:402)
	at org.springframework.test.context.support.DependencyInjectionTestExecutionListener.injectDependencies(DependencyInjectionTestExecutionListener.java:157)
	at org.springframework.test.context.support.DependencyInjectionTestExecutionListener.prepareTestInstance(DependencyInjectionTestExecutionListener.java:111)
	at org.springframework.test.context.TestContextManager.prepareTestInstance(TestContextManager.java:260)
	at org.springframework.test.context.junit.jupiter.SpringExtension.postProcessTestInstance(SpringExtension.java:242)
	at org.junit.jupiter.engine.descriptor.ClassBasedTestDescriptor.lambda$invokeTestInstancePostProcessors$1(ClassBasedTestDescriptor.java:423)
	at org.junit.jupiter.engine.descriptor.ClassBasedTestDescriptor.executeAndMaskThrowable(ClassBasedTestDescriptor.java:428)
	at org.junit.jupiter.engine.descriptor.ClassBasedTestDescriptor.lambda$invokeTestInstancePostProcessors$0(ClassBasedTestDescriptor.java:422)
	at java.base/java.util.stream.ForEachOps$ForEachOp$OfRef.accept(ForEachOps.java:186)
	at java.base/java.util.stream.ReferencePipeline$3$1.accept(ReferencePipeline.java:214)
	at java.base/java.util.stream.ReferencePipeline$2$1.accept(ReferencePipeline.java:197)
	at java.base/java.util.stream.ReferencePipeline$3$1.accept(ReferencePipeline.java:214)
	at java.base/java.util.ArrayList$ArrayListSpliterator.forEachRemaining(ArrayList.java:1716)
	at java.base/java.util.stream.AbstractPipeline.copyInto(AbstractPipeline.java:570)
	at java.base/java.util.stream.AbstractPipeline.wrapAndCopyInto(AbstractPipeline.java:560)
	at java.base/java.util.stream.ForEachOps$ForEachOp.evaluateSequential(ForEachOps.java:153)
	at java.base/java.util.stream.ForEachOps$ForEachOp$OfRef.evaluateSequential(ForEachOps.java:176)
	at java.base/java.util.stream.AbstractPipeline.evaluate(AbstractPipeline.java:265)
	at java.base/java.util.stream.ReferencePipeline.forEach(ReferencePipeline.java:632)
	at org.junit.jupiter.engine.descriptor.ClassBasedTestDescriptor.invokeTestInstancePostProcessors(ClassBasedTestDescriptor.java:422)
	at org.junit.jupiter.engine.descriptor.ClassBasedTestDescriptor.lambda$instantiateAndPostProcessTestInstance$0(ClassBasedTestDescriptor.java:334)
	at org.junit.platform.engine.support.hierarchical.ThrowableCollector.execute(ThrowableCollector.java:74)
	at org.junit.jupiter.engine.descriptor.ClassBasedTestDescriptor.instantiateAndPostProcessTestInstance(ClassBasedTestDescriptor.java:333)
	at org.junit.jupiter.engine.descriptor.ClassBasedTestDescriptor.lambda$testInstancesProvider$1(ClassBasedTestDescriptor.java:322)
	at java.base/java.util.Optional.orElseGet(Optional.java:364)
	at org.junit.jupiter.engine.descriptor.ClassBasedTestDescriptor.lambda$testInstancesProvider$0(ClassBasedTestDescriptor.java:321)
	at org.junit.jupiter.engine.execution.TestInstancesProvider.getTestInstances(TestInstancesProvider.java:27)
	at org.junit.jupiter.engine.descriptor.TestMethodTestDescriptor.lambda$prepare$0(TestMethodTestDescriptor.java:127)
	at org.junit.platform.engine.support.hierarchical.ThrowableCollector.execute(ThrowableCollector.java:74)
	at org.junit.jupiter.engine.descriptor.TestMethodTestDescriptor.prepare(TestMethodTestDescriptor.java:126)
	at org.junit.jupiter.engine.descriptor.TestMethodTestDescriptor.prepare(TestMethodTestDescriptor.java:70)
	at org.junit.platform.engine.support.hierarchical.NodeTestTask.lambda$prepare$0(NodeTestTask.java:144)
	at org.junit.platform.engine.support.hierarchical.ThrowableCollector.execute(ThrowableCollector.java:74)
	at org.junit.platform.engine.support.hierarchical.NodeTestTask.prepare(NodeTestTask.java:144)
	at org.junit.platform.engine.support.hierarchical.NodeTestTask.execute(NodeTestTask.java:110)
	at java.base/java.util.ArrayList.forEach(ArrayList.java:1604)
	at org.junit.platform.engine.support.hierarchical.SameThreadHierarchicalTestExecutorService.invokeAll(SameThreadHierarchicalTestExecutorService.java:42)
	at org.junit.platform.engine.support.hierarchical.NodeTestTask.lambda$executeRecursively$2(NodeTestTask.java:180)
	at org.junit.platform.engine.support.hierarchical.ThrowableCollector.execute(ThrowableCollector.java:74)
	at org.junit.platform.engine.support.hierarchical.NodeTestTask.lambda$executeRecursively$1(NodeTestTask.java:166)
	at org.junit.platform.engine.support.hierarchical.Node.around(Node.java:138)
	at org.junit.platform.engine.support.hierarchical.NodeTestTask.lambda$executeRecursively$0(NodeTestTask.java:164)
	at org.junit.platform.engine.support.hierarchical.ThrowableCollector.execute(ThrowableCollector.java:74)
	at org.junit.platform.engine.support.hierarchical.NodeTestTask.executeRecursively(NodeTestTask.java:163)
	at org.junit.platform.engine.support.hierarchical.NodeTestTask.execute(NodeTestTask.java:116)
	at java.base/java.util.ArrayList.forEach(ArrayList.java:1604)
	at org.junit.platform.engine.support.hierarchical.SameThreadHierarchicalTestExecutorService.invokeAll(SameThreadHierarchicalTestExecutorService.java:42)
	at org.junit.platform.engine.support.hierarchical.NodeTestTask.lambda$executeRecursively$2(NodeTestTask.java:180)
	at org.junit.platform.engine.support.hierarchical.ThrowableCollector.execute(ThrowableCollector.java:74)
	at org.junit.platform.engine.support.hierarchical.NodeTestTask.lambda$executeRecursively$1(NodeTestTask.java:166)
	at org.junit.platform.engine.support.hierarchical.Node.around(Node.java:138)
	at org.junit.platform.engine.support.hierarchical.NodeTestTask.lambda$executeRecursively$0(NodeTestTask.java:164)
	at org.junit.platform.engine.support.hierarchical.ThrowableCollector.execute(ThrowableCollector.java:74)
	at org.junit.platform.engine.support.hierarchical.NodeTestTask.executeRecursively(NodeTestTask.java:163)
	at org.junit.platform.engine.support.hierarchical.NodeTestTask.execute(NodeTestTask.java:116)
	at org.junit.platform.engine.support.hierarchical.SameThreadHierarchicalTestExecutorService.submit(SameThreadHierarchicalTestExecutorService.java:36)
	at org.junit.platform.engine.support.hierarchical.HierarchicalTestExecutor.execute(HierarchicalTestExecutor.java:52)
	at org.junit.platform.engine.support.hierarchical.HierarchicalTestEngine.execute(HierarchicalTestEngine.java:58)
	at org.junit.platform.launcher.core.EngineExecutionOrchestrator.executeEngine(EngineExecutionOrchestrator.java:246)
	at org.junit.platform.launcher.core.EngineExecutionOrchestrator.failOrExecuteEngine(EngineExecutionOrchestrator.java:218)
	at org.junit.platform.launcher.core.EngineExecutionOrchestrator.execute(EngineExecutionOrchestrator.java:179)
	at org.junit.platform.launcher.core.EngineExecutionOrchestrator.execute(EngineExecutionOrchestrator.java:108)
	at org.junit.platform.launcher.core.EngineExecutionOrchestrator.lambda$execute$0(EngineExecutionOrchestrator.java:66)
	at org.junit.platform.launcher.core.EngineExecutionOrchestrator.withInterceptedStreams(EngineExecutionOrchestrator.java:157)
	at org.junit.platform.launcher.core.EngineExecutionOrchestrator.execute(EngineExecutionOrchestrator.java:65)
	at org.junit.platform.launcher.core.DefaultLauncher.execute(DefaultLauncher.java:125)
	at org.junit.platform.launcher.core.DefaultLauncher.execute(DefaultLauncher.java:114)
	at org.junit.platform.launcher.core.DelegatingLauncher.execute(DelegatingLauncher.java:58)
	at org.junit.platform.launcher.core.InterceptingLauncher.lambda$execute$2(InterceptingLauncher.java:57)
	at org.junit.platform.launcher.core.ClasspathAlignmentCheckingLauncherInterceptor.intercept(ClasspathAlignmentCheckingLauncherInterceptor.java:25)
	at org.junit.platform.launcher.core.InterceptingLauncher.execute(InterceptingLauncher.java:56)
	at org.junit.platform.launcher.core.DelegatingLauncher.execute(DelegatingLauncher.java:58)
	at java.base/jdk.internal.reflect.DirectMethodHandleAccessor.invoke(DirectMethodHandleAccessor.java:104)
	at java.base/java.lang.reflect.Method.invoke(Method.java:565)
	at org.apache.maven.surefire.api.util.ReflectionUtils.invokeMethodWithArray(ReflectionUtils.java:125)
	at org.apache.maven.surefire.junitplatform.LauncherAdapter.executeWithCancellationToken(LauncherAdapter.java:68)
	at org.apache.maven.surefire.junitplatform.LauncherAdapter.execute(LauncherAdapter.java:54)
	at org.apache.maven.surefire.junitplatform.JUnitPlatformProvider.execute(JUnitPlatformProvider.java:203)
	at org.apache.maven.surefire.junitplatform.JUnitPlatformProvider.invokeAllTests(JUnitPlatformProvider.java:168)
	at org.apache.maven.surefire.junitplatform.JUnitPlatformProvider.invoke(JUnitPlatformProvider.java:136)
	at org.apache.maven.surefire.booter.ForkedBooter.runSuitesInProcess(ForkedBooter.java:385)
	at org.apache.maven.surefire.booter.ForkedBooter.execute(ForkedBooter.java:162)
	at org.apache.maven.surefire.booter.ForkedBooter.run(ForkedBooter.java:507)
	at org.apache.maven.surefire.booter.ForkedBooter.main(ForkedBooter.java:495)
Caused by: org.springframework.beans.factory.NoSuchBeanDefinitionException: No qualifying bean of type 'com.fasterxml.jackson.databind.ObjectMapper' available: expected at least 1 bean which qualifies as autowire candidate. Dependency annotations: {@org.springframework.beans.factory.annotation.Autowired(required=true)}
	at org.springframework.beans.factory.support.DefaultListableBeanFactory.raiseNoMatchingBeanFound(DefaultListableBeanFactory.java:2304)
	at org.springframework.beans.factory.support.DefaultListableBeanFactory.doResolveDependency(DefaultListableBeanFactory.java:1732)
	at org.springframework.beans.factory.support.DefaultListableBeanFactory.resolveDependency(DefaultListableBeanFactory.java:1658)
	at org.springframework.beans.factory.annotation.AutowiredAnnotationBeanPostProcessor$AutowiredFieldElement.resolveFieldValue(AutowiredAnnotationBeanPostProcessor.java:764)
	... 88 common frames omitted
2026-08-19 22:15:56.171 WARN  [-] [main] o.s.test.context.TestContextManager      : Caught exception while allowing TestExecutionListener [org.springframework.test.context.support.DependencyInjectionTestExecutionListener] to prepare test instance [com.sdd.sdd.usuario.controller.UsuarioControllerTest@22846a1d]
org.springframework.beans.factory.UnsatisfiedDependencyException: Error creating bean with name 'com.sdd.sdd.usuario.controller.UsuarioControllerTest': Unsatisfied dependency expressed through field 'objectMapper': No qualifying bean of type 'com.fasterxml.jackson.databind.ObjectMapper' available: expected at least 1 bean which qualifies as autowire candidate. Dependency annotations: {@org.springframework.beans.factory.annotation.Autowired(required=true)}
	at org.springframework.beans.factory.annotation.AutowiredAnnotationBeanPostProcessor$AutowiredFieldElement.resolveFieldValue(AutowiredAnnotationBeanPostProcessor.java:767)
	at org.springframework.beans.factory.annotation.AutowiredAnnotationBeanPostProcessor$AutowiredFieldElement.inject(AutowiredAnnotationBeanPostProcessor.java:748)
	at org.springframework.beans.factory.annotation.InjectionMetadata.inject(InjectionMetadata.java:146)
	at org.springframework.beans.factory.annotation.AutowiredAnnotationBeanPostProcessor.postProcessProperties(AutowiredAnnotationBeanPostProcessor.java:493)
	at org.springframework.beans.factory.support.AbstractAutowireCapableBeanFactory.populateBean(AbstractAutowireCapableBeanFactory.java:1444)
	at org.springframework.beans.factory.support.AbstractAutowireCapableBeanFactory.autowireBeanProperties(AbstractAutowireCapableBeanFactory.java:402)
	at org.springframework.test.context.support.DependencyInjectionTestExecutionListener.injectDependencies(DependencyInjectionTestExecutionListener.java:157)
	at org.springframework.test.context.support.DependencyInjectionTestExecutionListener.prepareTestInstance(DependencyInjectionTestExecutionListener.java:111)
	at org.springframework.test.context.TestContextManager.prepareTestInstance(TestContextManager.java:260)
	at org.springframework.test.context.junit.jupiter.SpringExtension.postProcessTestInstance(SpringExtension.java:242)
	at org.junit.jupiter.engine.descriptor.ClassBasedTestDescriptor.lambda$invokeTestInstancePostProcessors$1(ClassBasedTestDescriptor.java:423)
	at org.junit.jupiter.engine.descriptor.ClassBasedTestDescriptor.executeAndMaskThrowable(ClassBasedTestDescriptor.java:428)
	at org.junit.jupiter.engine.descriptor.ClassBasedTestDescriptor.lambda$invokeTestInstancePostProcessors$0(ClassBasedTestDescriptor.java:422)
	at java.base/java.util.stream.ForEachOps$ForEachOp$OfRef.accept(ForEachOps.java:186)
	at java.base/java.util.stream.ReferencePipeline$3$1.accept(ReferencePipeline.java:214)
	at java.base/java.util.stream.ReferencePipeline$2$1.accept(ReferencePipeline.java:197)
	at java.base/java.util.stream.ReferencePipeline$3$1.accept(ReferencePipeline.java:214)
	at java.base/java.util.ArrayList$ArrayListSpliterator.forEachRemaining(ArrayList.java:1716)
	at java.base/java.util.stream.AbstractPipeline.copyInto(AbstractPipeline.java:570)
	at java.base/java.util.stream.AbstractPipeline.wrapAndCopyInto(AbstractPipeline.java:560)
	at java.base/java.util.stream.ForEachOps$ForEachOp.evaluateSequential(ForEachOps.java:153)
	at java.base/java.util.stream.ForEachOps$ForEachOp$OfRef.evaluateSequential(ForEachOps.java:176)
	at java.base/java.util.stream.AbstractPipeline.evaluate(AbstractPipeline.java:265)
	at java.base/java.util.stream.ReferencePipeline.forEach(ReferencePipeline.java:632)
	at org.junit.jupiter.engine.descriptor.ClassBasedTestDescriptor.invokeTestInstancePostProcessors(ClassBasedTestDescriptor.java:422)
	at org.junit.jupiter.engine.descriptor.ClassBasedTestDescriptor.lambda$instantiateAndPostProcessTestInstance$0(ClassBasedTestDescriptor.java:334)
	at org.junit.platform.engine.support.hierarchical.ThrowableCollector.execute(ThrowableCollector.java:74)
	at org.junit.jupiter.engine.descriptor.ClassBasedTestDescriptor.instantiateAndPostProcessTestInstance(ClassBasedTestDescriptor.java:333)
	at org.junit.jupiter.engine.descriptor.ClassBasedTestDescriptor.lambda$testInstancesProvider$1(ClassBasedTestDescriptor.java:322)
	at java.base/java.util.Optional.orElseGet(Optional.java:364)
	at org.junit.jupiter.engine.descriptor.ClassBasedTestDescriptor.lambda$testInstancesProvider$0(ClassBasedTestDescriptor.java:321)
	at org.junit.jupiter.engine.execution.TestInstancesProvider.getTestInstances(TestInstancesProvider.java:27)
	at org.junit.jupiter.engine.descriptor.TestMethodTestDescriptor.lambda$prepare$0(TestMethodTestDescriptor.java:127)
	at org.junit.platform.engine.support.hierarchical.ThrowableCollector.execute(ThrowableCollector.java:74)
	at org.junit.jupiter.engine.descriptor.TestMethodTestDescriptor.prepare(TestMethodTestDescriptor.java:126)
	at org.junit.jupiter.engine.descriptor.TestMethodTestDescriptor.prepare(TestMethodTestDescriptor.java:70)
	at org.junit.platform.engine.support.hierarchical.NodeTestTask.lambda$prepare$0(NodeTestTask.java:144)
	at org.junit.platform.engine.support.hierarchical.ThrowableCollector.execute(ThrowableCollector.java:74)
	at org.junit.platform.engine.support.hierarchical.NodeTestTask.prepare(NodeTestTask.java:144)
	at org.junit.platform.engine.support.hierarchical.NodeTestTask.execute(NodeTestTask.java:110)
	at java.base/java.util.ArrayList.forEach(ArrayList.java:1604)
	at org.junit.platform.engine.support.hierarchical.SameThreadHierarchicalTestExecutorService.invokeAll(SameThreadHierarchicalTestExecutorService.java:42)
	at org.junit.platform.engine.support.hierarchical.NodeTestTask.lambda$executeRecursively$2(NodeTestTask.java:180)
	at org.junit.platform.engine.support.hierarchical.ThrowableCollector.execute(ThrowableCollector.java:74)
	at org.junit.platform.engine.support.hierarchical.NodeTestTask.lambda$executeRecursively$1(NodeTestTask.java:166)
	at org.junit.platform.engine.support.hierarchical.Node.around(Node.java:138)
	at org.junit.platform.engine.support.hierarchical.NodeTestTask.lambda$executeRecursively$0(NodeTestTask.java:164)
	at org.junit.platform.engine.support.hierarchical.ThrowableCollector.execute(ThrowableCollector.java:74)
	at org.junit.platform.engine.support.hierarchical.NodeTestTask.executeRecursively(NodeTestTask.java:163)
	at org.junit.platform.engine.support.hierarchical.NodeTestTask.execute(NodeTestTask.java:116)
	at java.base/java.util.ArrayList.forEach(ArrayList.java:1604)
	at org.junit.platform.engine.support.hierarchical.SameThreadHierarchicalTestExecutorService.invokeAll(SameThreadHierarchicalTestExecutorService.java:42)
	at org.junit.platform.engine.support.hierarchical.NodeTestTask.lambda$executeRecursively$2(NodeTestTask.java:180)
	at org.junit.platform.engine.support.hierarchical.ThrowableCollector.execute(ThrowableCollector.java:74)
	at org.junit.platform.engine.support.hierarchical.NodeTestTask.lambda$executeRecursively$1(NodeTestTask.java:166)
	at org.junit.platform.engine.support.hierarchical.Node.around(Node.java:138)
	at org.junit.platform.engine.support.hierarchical.NodeTestTask.lambda$executeRecursively$0(NodeTestTask.java:164)
	at org.junit.platform.engine.support.hierarchical.ThrowableCollector.execute(ThrowableCollector.java:74)
	at org.junit.platform.engine.support.hierarchical.NodeTestTask.executeRecursively(NodeTestTask.java:163)
	at org.junit.platform.engine.support.hierarchical.NodeTestTask.execute(NodeTestTask.java:116)
	at org.junit.platform.engine.support.hierarchical.SameThreadHierarchicalTestExecutorService.submit(SameThreadHierarchicalTestExecutorService.java:36)
	at org.junit.platform.engine.support.hierarchical.HierarchicalTestExecutor.execute(HierarchicalTestExecutor.java:52)
	at org.junit.platform.engine.support.hierarchical.HierarchicalTestEngine.execute(HierarchicalTestEngine.java:58)
	at org.junit.platform.launcher.core.EngineExecutionOrchestrator.executeEngine(EngineExecutionOrchestrator.java:246)
	at org.junit.platform.launcher.core.EngineExecutionOrchestrator.failOrExecuteEngine(EngineExecutionOrchestrator.java:218)
	at org.junit.platform.launcher.core.EngineExecutionOrchestrator.execute(EngineExecutionOrchestrator.java:179)
	at org.junit.platform.launcher.core.EngineExecutionOrchestrator.execute(EngineExecutionOrchestrator.java:108)
	at org.junit.platform.launcher.core.EngineExecutionOrchestrator.lambda$execute$0(EngineExecutionOrchestrator.java:66)
	at org.junit.platform.launcher.core.EngineExecutionOrchestrator.withInterceptedStreams(EngineExecutionOrchestrator.java:157)
	at org.junit.platform.launcher.core.EngineExecutionOrchestrator.execute(EngineExecutionOrchestrator.java:65)
	at org.junit.platform.launcher.core.DefaultLauncher.execute(DefaultLauncher.java:125)
	at org.junit.platform.launcher.core.DefaultLauncher.execute(DefaultLauncher.java:114)
	at org.junit.platform.launcher.core.DelegatingLauncher.execute(DelegatingLauncher.java:58)
	at org.junit.platform.launcher.core.InterceptingLauncher.lambda$execute$2(InterceptingLauncher.java:57)
	at org.junit.platform.launcher.core.ClasspathAlignmentCheckingLauncherInterceptor.intercept(ClasspathAlignmentCheckingLauncherInterceptor.java:25)
	at org.junit.platform.launcher.core.InterceptingLauncher.execute(InterceptingLauncher.java:56)
	at org.junit.platform.launcher.core.DelegatingLauncher.execute(DelegatingLauncher.java:58)
	at java.base/jdk.internal.reflect.DirectMethodHandleAccessor.invoke(DirectMethodHandleAccessor.java:104)
	at java.base/java.lang.reflect.Method.invoke(Method.java:565)
	at org.apache.maven.surefire.api.util.ReflectionUtils.invokeMethodWithArray(ReflectionUtils.java:125)
	at org.apache.maven.surefire.junitplatform.LauncherAdapter.executeWithCancellationToken(LauncherAdapter.java:68)
	at org.apache.maven.surefire.junitplatform.LauncherAdapter.execute(LauncherAdapter.java:54)
	at org.apache.maven.surefire.junitplatform.JUnitPlatformProvider.execute(JUnitPlatformProvider.java:203)
	at org.apache.maven.surefire.junitplatform.JUnitPlatformProvider.invokeAllTests(JUnitPlatformProvider.java:168)
	at org.apache.maven.surefire.junitplatform.JUnitPlatformProvider.invoke(JUnitPlatformProvider.java:136)
	at org.apache.maven.surefire.booter.ForkedBooter.runSuitesInProcess(ForkedBooter.java:385)
	at org.apache.maven.surefire.booter.ForkedBooter.execute(ForkedBooter.java:162)
	at org.apache.maven.surefire.booter.ForkedBooter.run(ForkedBooter.java:507)
	at org.apache.maven.surefire.booter.ForkedBooter.main(ForkedBooter.java:495)
Caused by: org.springframework.beans.factory.NoSuchBeanDefinitionException: No qualifying bean of type 'com.fasterxml.jackson.databind.ObjectMapper' available: expected at least 1 bean which qualifies as autowire candidate. Dependency annotations: {@org.springframework.beans.factory.annotation.Autowired(required=true)}
	at org.springframework.beans.factory.support.DefaultListableBeanFactory.raiseNoMatchingBeanFound(DefaultListableBeanFactory.java:2304)
	at org.springframework.beans.factory.support.DefaultListableBeanFactory.doResolveDependency(DefaultListableBeanFactory.java:1732)
	at org.springframework.beans.factory.support.DefaultListableBeanFactory.resolveDependency(DefaultListableBeanFactory.java:1658)
	at org.springframework.beans.factory.annotation.AutowiredAnnotationBeanPostProcessor$AutowiredFieldElement.resolveFieldValue(AutowiredAnnotationBeanPostProcessor.java:764)
	... 88 common frames omitted
2026-08-19 22:15:56.176 WARN  [-] [main] o.s.test.context.TestContextManager      : Caught exception while allowing TestExecutionListener [org.springframework.test.context.support.DependencyInjectionTestExecutionListener] to prepare test instance [com.sdd.sdd.usuario.controller.UsuarioControllerTest@2cbc2db2]
org.springframework.beans.factory.UnsatisfiedDependencyException: Error creating bean with name 'com.sdd.sdd.usuario.controller.UsuarioControllerTest': Unsatisfied dependency expressed through field 'objectMapper': No qualifying bean of type 'com.fasterxml.jackson.databind.ObjectMapper' available: expected at least 1 bean which qualifies as autowire candidate. Dependency annotations: {@org.springframework.beans.factory.annotation.Autowired(required=true)}
	at org.springframework.beans.factory.annotation.AutowiredAnnotationBeanPostProcessor$AutowiredFieldElement.resolveFieldValue(AutowiredAnnotationBeanPostProcessor.java:767)
	at org.springframework.beans.factory.annotation.AutowiredAnnotationBeanPostProcessor$AutowiredFieldElement.inject(AutowiredAnnotationBeanPostProcessor.java:748)
	at org.springframework.beans.factory.annotation.InjectionMetadata.inject(InjectionMetadata.java:146)
	at org.springframework.beans.factory.annotation.AutowiredAnnotationBeanPostProcessor.postProcessProperties(AutowiredAnnotationBeanPostProcessor.java:493)
	at org.springframework.beans.factory.support.AbstractAutowireCapableBeanFactory.populateBean(AbstractAutowireCapableBeanFactory.java:1444)
	at org.springframework.beans.factory.support.AbstractAutowireCapableBeanFactory.autowireBeanProperties(AbstractAutowireCapableBeanFactory.java:402)
	at org.springframework.test.context.support.DependencyInjectionTestExecutionListener.injectDependencies(DependencyInjectionTestExecutionListener.java:157)
	at org.springframework.test.context.support.DependencyInjectionTestExecutionListener.prepareTestInstance(DependencyInjectionTestExecutionListener.java:111)
	at org.springframework.test.context.TestContextManager.prepareTestInstance(TestContextManager.java:260)
	at org.springframework.test.context.junit.jupiter.SpringExtension.postProcessTestInstance(SpringExtension.java:242)
	at org.junit.jupiter.engine.descriptor.ClassBasedTestDescriptor.lambda$invokeTestInstancePostProcessors$1(ClassBasedTestDescriptor.java:423)
	at org.junit.jupiter.engine.descriptor.ClassBasedTestDescriptor.executeAndMaskThrowable(ClassBasedTestDescriptor.java:428)
	at org.junit.jupiter.engine.descriptor.ClassBasedTestDescriptor.lambda$invokeTestInstancePostProcessors$0(ClassBasedTestDescriptor.java:422)
	at java.base/java.util.stream.ForEachOps$ForEachOp$OfRef.accept(ForEachOps.java:186)
	at java.base/java.util.stream.ReferencePipeline$3$1.accept(ReferencePipeline.java:214)
	at java.base/java.util.stream.ReferencePipeline$2$1.accept(ReferencePipeline.java:197)
	at java.base/java.util.stream.ReferencePipeline$3$1.accept(ReferencePipeline.java:214)
	at java.base/java.util.ArrayList$ArrayListSpliterator.forEachRemaining(ArrayList.java:1716)
	at java.base/java.util.stream.AbstractPipeline.copyInto(AbstractPipeline.java:570)
	at java.base/java.util.stream.AbstractPipeline.wrapAndCopyInto(AbstractPipeline.java:560)
	at java.base/java.util.stream.ForEachOps$ForEachOp.evaluateSequential(ForEachOps.java:153)
	at java.base/java.util.stream.ForEachOps$ForEachOp$OfRef.evaluateSequential(ForEachOps.java:176)
	at java.base/java.util.stream.AbstractPipeline.evaluate(AbstractPipeline.java:265)
	at java.base/java.util.stream.ReferencePipeline.forEach(ReferencePipeline.java:632)
	at org.junit.jupiter.engine.descriptor.ClassBasedTestDescriptor.invokeTestInstancePostProcessors(ClassBasedTestDescriptor.java:422)
	at org.junit.jupiter.engine.descriptor.ClassBasedTestDescriptor.lambda$instantiateAndPostProcessTestInstance$0(ClassBasedTestDescriptor.java:334)
	at org.junit.platform.engine.support.hierarchical.ThrowableCollector.execute(ThrowableCollector.java:74)
	at org.junit.jupiter.engine.descriptor.ClassBasedTestDescriptor.instantiateAndPostProcessTestInstance(ClassBasedTestDescriptor.java:333)
	at org.junit.jupiter.engine.descriptor.ClassBasedTestDescriptor.lambda$testInstancesProvider$1(ClassBasedTestDescriptor.java:322)
	at java.base/java.util.Optional.orElseGet(Optional.java:364)
	at org.junit.jupiter.engine.descriptor.ClassBasedTestDescriptor.lambda$testInstancesProvider$0(ClassBasedTestDescriptor.java:321)
	at org.junit.jupiter.engine.execution.TestInstancesProvider.getTestInstances(TestInstancesProvider.java:27)
	at org.junit.jupiter.engine.descriptor.TestMethodTestDescriptor.lambda$prepare$0(TestMethodTestDescriptor.java:127)
	at org.junit.platform.engine.support.hierarchical.ThrowableCollector.execute(ThrowableCollector.java:74)
	at org.junit.jupiter.engine.descriptor.TestMethodTestDescriptor.prepare(TestMethodTestDescriptor.java:126)
	at org.junit.jupiter.engine.descriptor.TestMethodTestDescriptor.prepare(TestMethodTestDescriptor.java:70)
	at org.junit.platform.engine.support.hierarchical.NodeTestTask.lambda$prepare$0(NodeTestTask.java:144)
	at org.junit.platform.engine.support.hierarchical.ThrowableCollector.execute(ThrowableCollector.java:74)
	at org.junit.platform.engine.support.hierarchical.NodeTestTask.prepare(NodeTestTask.java:144)
	at org.junit.platform.engine.support.hierarchical.NodeTestTask.execute(NodeTestTask.java:110)
	at java.base/java.util.ArrayList.forEach(ArrayList.java:1604)
	at org.junit.platform.engine.support.hierarchical.SameThreadHierarchicalTestExecutorService.invokeAll(SameThreadHierarchicalTestExecutorService.java:42)
	at org.junit.platform.engine.support.hierarchical.NodeTestTask.lambda$executeRecursively$2(NodeTestTask.java:180)
	at org.junit.platform.engine.support.hierarchical.ThrowableCollector.execute(ThrowableCollector.java:74)
	at org.junit.platform.engine.support.hierarchical.NodeTestTask.lambda$executeRecursively$1(NodeTestTask.java:166)
	at org.junit.platform.engine.support.hierarchical.Node.around(Node.java:138)
	at org.junit.platform.engine.support.hierarchical.NodeTestTask.lambda$executeRecursively$0(NodeTestTask.java:164)
	at org.junit.platform.engine.support.hierarchical.ThrowableCollector.execute(ThrowableCollector.java:74)
	at org.junit.platform.engine.support.hierarchical.NodeTestTask.executeRecursively(NodeTestTask.java:163)
	at org.junit.platform.engine.support.hierarchical.NodeTestTask.execute(NodeTestTask.java:116)
	at java.base/java.util.ArrayList.forEach(ArrayList.java:1604)
	at org.junit.platform.engine.support.hierarchical.SameThreadHierarchicalTestExecutorService.invokeAll(SameThreadHierarchicalTestExecutorService.java:42)
	at org.junit.platform.engine.support.hierarchical.NodeTestTask.lambda$executeRecursively$2(NodeTestTask.java:180)
	at org.junit.platform.engine.support.hierarchical.ThrowableCollector.execute(ThrowableCollector.java:74)
	at org.junit.platform.engine.support.hierarchical.NodeTestTask.lambda$executeRecursively$1(NodeTestTask.java:166)
	at org.junit.platform.engine.support.hierarchical.Node.around(Node.java:138)
	at org.junit.platform.engine.support.hierarchical.NodeTestTask.lambda$executeRecursively$0(NodeTestTask.java:164)
	at org.junit.platform.engine.support.hierarchical.ThrowableCollector.execute(ThrowableCollector.java:74)
	at org.junit.platform.engine.support.hierarchical.NodeTestTask.executeRecursively(NodeTestTask.java:163)
	at org.junit.platform.engine.support.hierarchical.NodeTestTask.execute(NodeTestTask.java:116)
	at org.junit.platform.engine.support.hierarchical.SameThreadHierarchicalTestExecutorService.submit(SameThreadHierarchicalTestExecutorService.java:36)
	at org.junit.platform.engine.support.hierarchical.HierarchicalTestExecutor.execute(HierarchicalTestExecutor.java:52)
	at org.junit.platform.engine.support.hierarchical.HierarchicalTestEngine.execute(HierarchicalTestEngine.java:58)
	at org.junit.platform.launcher.core.EngineExecutionOrchestrator.executeEngine(EngineExecutionOrchestrator.java:246)
	at org.junit.platform.launcher.core.EngineExecutionOrchestrator.failOrExecuteEngine(EngineExecutionOrchestrator.java:218)
	at org.junit.platform.launcher.core.EngineExecutionOrchestrator.execute(EngineExecutionOrchestrator.java:179)
	at org.junit.platform.launcher.core.EngineExecutionOrchestrator.execute(EngineExecutionOrchestrator.java:108)
	at org.junit.platform.launcher.core.EngineExecutionOrchestrator.lambda$execute$0(EngineExecutionOrchestrator.java:66)
	at org.junit.platform.launcher.core.EngineExecutionOrchestrator.withInterceptedStreams(EngineExecutionOrchestrator.java:157)
	at org.junit.platform.launcher.core.EngineExecutionOrchestrator.execute(EngineExecutionOrchestrator.java:65)
	at org.junit.platform.launcher.core.DefaultLauncher.execute(DefaultLauncher.java:125)
	at org.junit.platform.launcher.core.DefaultLauncher.execute(DefaultLauncher.java:114)
	at org.junit.platform.launcher.core.DelegatingLauncher.execute(DelegatingLauncher.java:58)
	at org.junit.platform.launcher.core.InterceptingLauncher.lambda$execute$2(InterceptingLauncher.java:57)
	at org.junit.platform.launcher.core.ClasspathAlignmentCheckingLauncherInterceptor.intercept(ClasspathAlignmentCheckingLauncherInterceptor.java:25)
	at org.junit.platform.launcher.core.InterceptingLauncher.execute(InterceptingLauncher.java:56)
	at org.junit.platform.launcher.core.DelegatingLauncher.execute(DelegatingLauncher.java:58)
	at java.base/jdk.internal.reflect.DirectMethodHandleAccessor.invoke(DirectMethodHandleAccessor.java:104)
	at java.base/java.lang.reflect.Method.invoke(Method.java:565)
	at org.apache.maven.surefire.api.util.ReflectionUtils.invokeMethodWithArray(ReflectionUtils.java:125)
	at org.apache.maven.surefire.junitplatform.LauncherAdapter.executeWithCancellationToken(LauncherAdapter.java:68)
	at org.apache.maven.surefire.junitplatform.LauncherAdapter.execute(LauncherAdapter.java:54)
	at org.apache.maven.surefire.junitplatform.JUnitPlatformProvider.execute(JUnitPlatformProvider.java:203)
	at org.apache.maven.surefire.junitplatform.JUnitPlatformProvider.invokeAllTests(JUnitPlatformProvider.java:168)
	at org.apache.maven.surefire.junitplatform.JUnitPlatformProvider.invoke(JUnitPlatformProvider.java:136)
	at org.apache.maven.surefire.booter.ForkedBooter.runSuitesInProcess(ForkedBooter.java:385)
	at org.apache.maven.surefire.booter.ForkedBooter.execute(ForkedBooter.java:162)
	at org.apache.maven.surefire.booter.ForkedBooter.run(ForkedBooter.java:507)
	at org.apache.maven.surefire.booter.ForkedBooter.main(ForkedBooter.java:495)
Caused by: org.springframework.beans.factory.NoSuchBeanDefinitionException: No qualifying bean of type 'com.fasterxml.jackson.databind.ObjectMapper' available: expected at least 1 bean which qualifies as autowire candidate. Dependency annotations: {@org.springframework.beans.factory.annotation.Autowired(required=true)}
	at org.springframework.beans.factory.support.DefaultListableBeanFactory.raiseNoMatchingBeanFound(DefaultListableBeanFactory.java:2304)
	at org.springframework.beans.factory.support.DefaultListableBeanFactory.doResolveDependency(DefaultListableBeanFactory.java:1732)
	at org.springframework.beans.factory.support.DefaultListableBeanFactory.resolveDependency(DefaultListableBeanFactory.java:1658)
	at org.springframework.beans.factory.annotation.AutowiredAnnotationBeanPostProcessor$AutowiredFieldElement.resolveFieldValue(AutowiredAnnotationBeanPostProcessor.java:764)
	... 88 common frames omitted
2026-08-19 22:15:56.181 WARN  [-] [main] o.s.test.context.TestContextManager      : Caught exception while allowing TestExecutionListener [org.springframework.test.context.support.DependencyInjectionTestExecutionListener] to prepare test instance [com.sdd.sdd.usuario.controller.UsuarioControllerTest@2c7c898a]
org.springframework.beans.factory.UnsatisfiedDependencyException: Error creating bean with name 'com.sdd.sdd.usuario.controller.UsuarioControllerTest': Unsatisfied dependency expressed through field 'objectMapper': No qualifying bean of type 'com.fasterxml.jackson.databind.ObjectMapper' available: expected at least 1 bean which qualifies as autowire candidate. Dependency annotations: {@org.springframework.beans.factory.annotation.Autowired(required=true)}
	at org.springframework.beans.factory.annotation.AutowiredAnnotationBeanPostProcessor$AutowiredFieldElement.resolveFieldValue(AutowiredAnnotationBeanPostProcessor.java:767)
	at org.springframework.beans.factory.annotation.AutowiredAnnotationBeanPostProcessor$AutowiredFieldElement.inject(AutowiredAnnotationBeanPostProcessor.java:748)
	at org.springframework.beans.factory.annotation.InjectionMetadata.inject(InjectionMetadata.java:146)
	at org.springframework.beans.factory.annotation.AutowiredAnnotationBeanPostProcessor.postProcessProperties(AutowiredAnnotationBeanPostProcessor.java:493)
	at org.springframework.beans.factory.support.AbstractAutowireCapableBeanFactory.populateBean(AbstractAutowireCapableBeanFactory.java:1444)
	at org.springframework.beans.factory.support.AbstractAutowireCapableBeanFactory.autowireBeanProperties(AbstractAutowireCapableBeanFactory.java:402)
	at org.springframework.test.context.support.DependencyInjectionTestExecutionListener.injectDependencies(DependencyInjectionTestExecutionListener.java:157)
	at org.springframework.test.context.support.DependencyInjectionTestExecutionListener.prepareTestInstance(DependencyInjectionTestExecutionListener.java:111)
	at org.springframework.test.context.TestContextManager.prepareTestInstance(TestContextManager.java:260)
	at org.springframework.test.context.junit.jupiter.SpringExtension.postProcessTestInstance(SpringExtension.java:242)
	at org.junit.jupiter.engine.descriptor.ClassBasedTestDescriptor.lambda$invokeTestInstancePostProcessors$1(ClassBasedTestDescriptor.java:423)
	at org.junit.jupiter.engine.descriptor.ClassBasedTestDescriptor.executeAndMaskThrowable(ClassBasedTestDescriptor.java:428)
	at org.junit.jupiter.engine.descriptor.ClassBasedTestDescriptor.lambda$invokeTestInstancePostProcessors$0(ClassBasedTestDescriptor.java:422)
	at java.base/java.util.stream.ForEachOps$ForEachOp$OfRef.accept(ForEachOps.java:186)
	at java.base/java.util.stream.ReferencePipeline$3$1.accept(ReferencePipeline.java:214)
	at java.base/java.util.stream.ReferencePipeline$2$1.accept(ReferencePipeline.java:197)
	at java.base/java.util.stream.ReferencePipeline$3$1.accept(ReferencePipeline.java:214)
	at java.base/java.util.ArrayList$ArrayListSpliterator.forEachRemaining(ArrayList.java:1716)
	at java.base/java.util.stream.AbstractPipeline.copyInto(AbstractPipeline.java:570)
	at java.base/java.util.stream.AbstractPipeline.wrapAndCopyInto(AbstractPipeline.java:560)
	at java.base/java.util.stream.ForEachOps$ForEachOp.evaluateSequential(ForEachOps.java:153)
	at java.base/java.util.stream.ForEachOps$ForEachOp$OfRef.evaluateSequential(ForEachOps.java:176)
	at java.base/java.util.stream.AbstractPipeline.evaluate(AbstractPipeline.java:265)
	at java.base/java.util.stream.ReferencePipeline.forEach(ReferencePipeline.java:632)
	at org.junit.jupiter.engine.descriptor.ClassBasedTestDescriptor.invokeTestInstancePostProcessors(ClassBasedTestDescriptor.java:422)
	at org.junit.jupiter.engine.descriptor.ClassBasedTestDescriptor.lambda$instantiateAndPostProcessTestInstance$0(ClassBasedTestDescriptor.java:334)
	at org.junit.platform.engine.support.hierarchical.ThrowableCollector.execute(ThrowableCollector.java:74)
	at org.junit.jupiter.engine.descriptor.ClassBasedTestDescriptor.instantiateAndPostProcessTestInstance(ClassBasedTestDescriptor.java:333)
	at org.junit.jupiter.engine.descriptor.ClassBasedTestDescriptor.lambda$testInstancesProvider$1(ClassBasedTestDescriptor.java:322)
	at java.base/java.util.Optional.orElseGet(Optional.java:364)
	at org.junit.jupiter.engine.descriptor.ClassBasedTestDescriptor.lambda$testInstancesProvider$0(ClassBasedTestDescriptor.java:321)
	at org.junit.jupiter.engine.execution.TestInstancesProvider.getTestInstances(TestInstancesProvider.java:27)
	at org.junit.jupiter.engine.descriptor.TestMethodTestDescriptor.lambda$prepare$0(TestMethodTestDescriptor.java:127)
	at org.junit.platform.engine.support.hierarchical.ThrowableCollector.execute(ThrowableCollector.java:74)
	at org.junit.jupiter.engine.descriptor.TestMethodTestDescriptor.prepare(TestMethodTestDescriptor.java:126)
	at org.junit.jupiter.engine.descriptor.TestMethodTestDescriptor.prepare(TestMethodTestDescriptor.java:70)
	at org.junit.platform.engine.support.hierarchical.NodeTestTask.lambda$prepare$0(NodeTestTask.java:144)
	at org.junit.platform.engine.support.hierarchical.ThrowableCollector.execute(ThrowableCollector.java:74)
	at org.junit.platform.engine.support.hierarchical.NodeTestTask.prepare(NodeTestTask.java:144)
	at org.junit.platform.engine.support.hierarchical.NodeTestTask.execute(NodeTestTask.java:110)
	at java.base/java.util.ArrayList.forEach(ArrayList.java:1604)
	at org.junit.platform.engine.support.hierarchical.SameThreadHierarchicalTestExecutorService.invokeAll(SameThreadHierarchicalTestExecutorService.java:42)
	at org.junit.platform.engine.support.hierarchical.NodeTestTask.lambda$executeRecursively$2(NodeTestTask.java:180)
	at org.junit.platform.engine.support.hierarchical.ThrowableCollector.execute(ThrowableCollector.java:74)
	at org.junit.platform.engine.support.hierarchical.NodeTestTask.lambda$executeRecursively$1(NodeTestTask.java:166)
	at org.junit.platform.engine.support.hierarchical.Node.around(Node.java:138)
	at org.junit.platform.engine.support.hierarchical.NodeTestTask.lambda$executeRecursively$0(NodeTestTask.java:164)
	at org.junit.platform.engine.support.hierarchical.ThrowableCollector.execute(ThrowableCollector.java:74)
	at org.junit.platform.engine.support.hierarchical.NodeTestTask.executeRecursively(NodeTestTask.java:163)
	at org.junit.platform.engine.support.hierarchical.NodeTestTask.execute(NodeTestTask.java:116)
	at java.base/java.util.ArrayList.forEach(ArrayList.java:1604)
	at org.junit.platform.engine.support.hierarchical.SameThreadHierarchicalTestExecutorService.invokeAll(SameThreadHierarchicalTestExecutorService.java:42)
	at org.junit.platform.engine.support.hierarchical.NodeTestTask.lambda$executeRecursively$2(NodeTestTask.java:180)
	at org.junit.platform.engine.support.hierarchical.ThrowableCollector.execute(ThrowableCollector.java:74)
	at org.junit.platform.engine.support.hierarchical.NodeTestTask.lambda$executeRecursively$1(NodeTestTask.java:166)
	at org.junit.platform.engine.support.hierarchical.Node.around(Node.java:138)
	at org.junit.platform.engine.support.hierarchical.NodeTestTask.lambda$executeRecursively$0(NodeTestTask.java:164)
	at org.junit.platform.engine.support.hierarchical.ThrowableCollector.execute(ThrowableCollector.java:74)
	at org.junit.platform.engine.support.hierarchical.NodeTestTask.executeRecursively(NodeTestTask.java:163)
	at org.junit.platform.engine.support.hierarchical.NodeTestTask.execute(NodeTestTask.java:116)
	at org.junit.platform.engine.support.hierarchical.SameThreadHierarchicalTestExecutorService.submit(SameThreadHierarchicalTestExecutorService.java:36)
	at org.junit.platform.engine.support.hierarchical.HierarchicalTestExecutor.execute(HierarchicalTestExecutor.java:52)
	at org.junit.platform.engine.support.hierarchical.HierarchicalTestEngine.execute(HierarchicalTestEngine.java:58)
	at org.junit.platform.launcher.core.EngineExecutionOrchestrator.executeEngine(EngineExecutionOrchestrator.java:246)
	at org.junit.platform.launcher.core.EngineExecutionOrchestrator.failOrExecuteEngine(EngineExecutionOrchestrator.java:218)
	at org.junit.platform.launcher.core.EngineExecutionOrchestrator.execute(EngineExecutionOrchestrator.java:179)
	at org.junit.platform.launcher.core.EngineExecutionOrchestrator.execute(EngineExecutionOrchestrator.java:108)
	at org.junit.platform.launcher.core.EngineExecutionOrchestrator.lambda$execute$0(EngineExecutionOrchestrator.java:66)
	at org.junit.platform.launcher.core.EngineExecutionOrchestrator.withInterceptedStreams(EngineExecutionOrchestrator.java:157)
	at org.junit.platform.launcher.core.EngineExecutionOrchestrator.execute(EngineExecutionOrchestrator.java:65)
	at org.junit.platform.launcher.core.DefaultLauncher.execute(DefaultLauncher.java:125)
	at org.junit.platform.launcher.core.DefaultLauncher.execute(DefaultLauncher.java:114)
	at org.junit.platform.launcher.core.DelegatingLauncher.execute(DelegatingLauncher.java:58)
	at org.junit.platform.launcher.core.InterceptingLauncher.lambda$execute$2(InterceptingLauncher.java:57)
	at org.junit.platform.launcher.core.ClasspathAlignmentCheckingLauncherInterceptor.intercept(ClasspathAlignmentCheckingLauncherInterceptor.java:25)
	at org.junit.platform.launcher.core.InterceptingLauncher.execute(InterceptingLauncher.java:56)
	at org.junit.platform.launcher.core.DelegatingLauncher.execute(DelegatingLauncher.java:58)
	at java.base/jdk.internal.reflect.DirectMethodHandleAccessor.invoke(DirectMethodHandleAccessor.java:104)
	at java.base/java.lang.reflect.Method.invoke(Method.java:565)
	at org.apache.maven.surefire.api.util.ReflectionUtils.invokeMethodWithArray(ReflectionUtils.java:125)
	at org.apache.maven.surefire.junitplatform.LauncherAdapter.executeWithCancellationToken(LauncherAdapter.java:68)
	at org.apache.maven.surefire.junitplatform.LauncherAdapter.execute(LauncherAdapter.java:54)
	at org.apache.maven.surefire.junitplatform.JUnitPlatformProvider.execute(JUnitPlatformProvider.java:203)
	at org.apache.maven.surefire.junitplatform.JUnitPlatformProvider.invokeAllTests(JUnitPlatformProvider.java:168)
	at org.apache.maven.surefire.junitplatform.JUnitPlatformProvider.invoke(JUnitPlatformProvider.java:136)
	at org.apache.maven.surefire.booter.ForkedBooter.runSuitesInProcess(ForkedBooter.java:385)
	at org.apache.maven.surefire.booter.ForkedBooter.execute(ForkedBooter.java:162)
	at org.apache.maven.surefire.booter.ForkedBooter.run(ForkedBooter.java:507)
	at org.apache.maven.surefire.booter.ForkedBooter.main(ForkedBooter.java:495)
Caused by: org.springframework.beans.factory.NoSuchBeanDefinitionException: No qualifying bean of type 'com.fasterxml.jackson.databind.ObjectMapper' available: expected at least 1 bean which qualifies as autowire candidate. Dependency annotations: {@org.springframework.beans.factory.annotation.Autowired(required=true)}
	at org.springframework.beans.factory.support.DefaultListableBeanFactory.raiseNoMatchingBeanFound(DefaultListableBeanFactory.java:2304)
	at org.springframework.beans.factory.support.DefaultListableBeanFactory.doResolveDependency(DefaultListableBeanFactory.java:1732)
	at org.springframework.beans.factory.support.DefaultListableBeanFactory.resolveDependency(DefaultListableBeanFactory.java:1658)
	at org.springframework.beans.factory.annotation.AutowiredAnnotationBeanPostProcessor$AutowiredFieldElement.resolveFieldValue(AutowiredAnnotationBeanPostProcessor.java:764)
	... 88 common frames omitted
2026-08-19 22:15:56.186 WARN  [-] [main] o.s.test.context.TestContextManager      : Caught exception while allowing TestExecutionListener [org.springframework.test.context.support.DependencyInjectionTestExecutionListener] to prepare test instance [com.sdd.sdd.usuario.controller.UsuarioControllerTest@5a654e05]
org.springframework.beans.factory.UnsatisfiedDependencyException: Error creating bean with name 'com.sdd.sdd.usuario.controller.UsuarioControllerTest': Unsatisfied dependency expressed through field 'objectMapper': No qualifying bean of type 'com.fasterxml.jackson.databind.ObjectMapper' available: expected at least 1 bean which qualifies as autowire candidate. Dependency annotations: {@org.springframework.beans.factory.annotation.Autowired(required=true)}
	at org.springframework.beans.factory.annotation.AutowiredAnnotationBeanPostProcessor$AutowiredFieldElement.resolveFieldValue(AutowiredAnnotationBeanPostProcessor.java:767)
	at org.springframework.beans.factory.annotation.AutowiredAnnotationBeanPostProcessor$AutowiredFieldElement.inject(AutowiredAnnotationBeanPostProcessor.java:748)
	at org.springframework.beans.factory.annotation.InjectionMetadata.inject(InjectionMetadata.java:146)
	at org.springframework.beans.factory.annotation.AutowiredAnnotationBeanPostProcessor.postProcessProperties(AutowiredAnnotationBeanPostProcessor.java:493)
	at org.springframework.beans.factory.support.AbstractAutowireCapableBeanFactory.populateBean(AbstractAutowireCapableBeanFactory.java:1444)
	at org.springframework.beans.factory.support.AbstractAutowireCapableBeanFactory.autowireBeanProperties(AbstractAutowireCapableBeanFactory.java:402)
	at org.springframework.test.context.support.DependencyInjectionTestExecutionListener.injectDependencies(DependencyInjectionTestExecutionListener.java:157)
	at org.springframework.test.context.support.DependencyInjectionTestExecutionListener.prepareTestInstance(DependencyInjectionTestExecutionListener.java:111)
	at org.springframework.test.context.TestContextManager.prepareTestInstance(TestContextManager.java:260)
	at org.springframework.test.context.junit.jupiter.SpringExtension.postProcessTestInstance(SpringExtension.java:242)
	at org.junit.jupiter.engine.descriptor.ClassBasedTestDescriptor.lambda$invokeTestInstancePostProcessors$1(ClassBasedTestDescriptor.java:423)
	at org.junit.jupiter.engine.descriptor.ClassBasedTestDescriptor.executeAndMaskThrowable(ClassBasedTestDescriptor.java:428)
	at org.junit.jupiter.engine.descriptor.ClassBasedTestDescriptor.lambda$invokeTestInstancePostProcessors$0(ClassBasedTestDescriptor.java:422)
	at java.base/java.util.stream.ForEachOps$ForEachOp$OfRef.accept(ForEachOps.java:186)
	at java.base/java.util.stream.ReferencePipeline$3$1.accept(ReferencePipeline.java:214)
	at java.base/java.util.stream.ReferencePipeline$2$1.accept(ReferencePipeline.java:197)
	at java.base/java.util.stream.ReferencePipeline$3$1.accept(ReferencePipeline.java:214)
	at java.base/java.util.ArrayList$ArrayListSpliterator.forEachRemaining(ArrayList.java:1716)
	at java.base/java.util.stream.AbstractPipeline.copyInto(AbstractPipeline.java:570)
	at java.base/java.util.stream.AbstractPipeline.wrapAndCopyInto(AbstractPipeline.java:560)
	at java.base/java.util.stream.ForEachOps$ForEachOp.evaluateSequential(ForEachOps.java:153)
	at java.base/java.util.stream.ForEachOps$ForEachOp$OfRef.evaluateSequential(ForEachOps.java:176)
	at java.base/java.util.stream.AbstractPipeline.evaluate(AbstractPipeline.java:265)
	at java.base/java.util.stream.ReferencePipeline.forEach(ReferencePipeline.java:632)
	at org.junit.jupiter.engine.descriptor.ClassBasedTestDescriptor.invokeTestInstancePostProcessors(ClassBasedTestDescriptor.java:422)
	at org.junit.jupiter.engine.descriptor.ClassBasedTestDescriptor.lambda$instantiateAndPostProcessTestInstance$0(ClassBasedTestDescriptor.java:334)
	at org.junit.platform.engine.support.hierarchical.ThrowableCollector.execute(ThrowableCollector.java:74)
	at org.junit.jupiter.engine.descriptor.ClassBasedTestDescriptor.instantiateAndPostProcessTestInstance(ClassBasedTestDescriptor.java:333)
	at org.junit.jupiter.engine.descriptor.ClassBasedTestDescriptor.lambda$testInstancesProvider$1(ClassBasedTestDescriptor.java:322)
	at java.base/java.util.Optional.orElseGet(Optional.java:364)
	at org.junit.jupiter.engine.descriptor.ClassBasedTestDescriptor.lambda$testInstancesProvider$0(ClassBasedTestDescriptor.java:321)
	at org.junit.jupiter.engine.execution.TestInstancesProvider.getTestInstances(TestInstancesProvider.java:27)
	at org.junit.jupiter.engine.descriptor.TestMethodTestDescriptor.lambda$prepare$0(TestMethodTestDescriptor.java:127)
	at org.junit.platform.engine.support.hierarchical.ThrowableCollector.execute(ThrowableCollector.java:74)
	at org.junit.jupiter.engine.descriptor.TestMethodTestDescriptor.prepare(TestMethodTestDescriptor.java:126)
	at org.junit.jupiter.engine.descriptor.TestMethodTestDescriptor.prepare(TestMethodTestDescriptor.java:70)
	at org.junit.platform.engine.support.hierarchical.NodeTestTask.lambda$prepare$0(NodeTestTask.java:144)
	at org.junit.platform.engine.support.hierarchical.ThrowableCollector.execute(ThrowableCollector.java:74)
	at org.junit.platform.engine.support.hierarchical.NodeTestTask.prepare(NodeTestTask.java:144)
	at org.junit.platform.engine.support.hierarchical.NodeTestTask.execute(NodeTestTask.java:110)
	at java.base/java.util.ArrayList.forEach(ArrayList.java:1604)
	at org.junit.platform.engine.support.hierarchical.SameThreadHierarchicalTestExecutorService.invokeAll(SameThreadHierarchicalTestExecutorService.java:42)
	at org.junit.platform.engine.support.hierarchical.NodeTestTask.lambda$executeRecursively$2(NodeTestTask.java:180)
	at org.junit.platform.engine.support.hierarchical.ThrowableCollector.execute(ThrowableCollector.java:74)
	at org.junit.platform.engine.support.hierarchical.NodeTestTask.lambda$executeRecursively$1(NodeTestTask.java:166)
	at org.junit.platform.engine.support.hierarchical.Node.around(Node.java:138)
	at org.junit.platform.engine.support.hierarchical.NodeTestTask.lambda$executeRecursively$0(NodeTestTask.java:164)
	at org.junit.platform.engine.support.hierarchical.ThrowableCollector.execute(ThrowableCollector.java:74)
	at org.junit.platform.engine.support.hierarchical.NodeTestTask.executeRecursively(NodeTestTask.java:163)
	at org.junit.platform.engine.support.hierarchical.NodeTestTask.execute(NodeTestTask.java:116)
	at java.base/java.util.ArrayList.forEach(ArrayList.java:1604)
	at org.junit.platform.engine.support.hierarchical.SameThreadHierarchicalTestExecutorService.invokeAll(SameThreadHierarchicalTestExecutorService.java:42)
	at org.junit.platform.engine.support.hierarchical.NodeTestTask.lambda$executeRecursively$2(NodeTestTask.java:180)
	at org.junit.platform.engine.support.hierarchical.ThrowableCollector.execute(ThrowableCollector.java:74)
	at org.junit.platform.engine.support.hierarchical.NodeTestTask.lambda$executeRecursively$1(NodeTestTask.java:166)
	at org.junit.platform.engine.support.hierarchical.Node.around(Node.java:138)
	at org.junit.platform.engine.support.hierarchical.NodeTestTask.lambda$executeRecursively$0(NodeTestTask.java:164)
	at org.junit.platform.engine.support.hierarchical.ThrowableCollector.execute(ThrowableCollector.java:74)
	at org.junit.platform.engine.support.hierarchical.NodeTestTask.executeRecursively(NodeTestTask.java:163)
	at org.junit.platform.engine.support.hierarchical.NodeTestTask.execute(NodeTestTask.java:116)
	at org.junit.platform.engine.support.hierarchical.SameThreadHierarchicalTestExecutorService.submit(SameThreadHierarchicalTestExecutorService.java:36)
	at org.junit.platform.engine.support.hierarchical.HierarchicalTestExecutor.execute(HierarchicalTestExecutor.java:52)
	at org.junit.platform.engine.support.hierarchical.HierarchicalTestEngine.execute(HierarchicalTestEngine.java:58)
	at org.junit.platform.launcher.core.EngineExecutionOrchestrator.executeEngine(EngineExecutionOrchestrator.java:246)
	at org.junit.platform.launcher.core.EngineExecutionOrchestrator.failOrExecuteEngine(EngineExecutionOrchestrator.java:218)
	at org.junit.platform.launcher.core.EngineExecutionOrchestrator.execute(EngineExecutionOrchestrator.java:179)
	at org.junit.platform.launcher.core.EngineExecutionOrchestrator.execute(EngineExecutionOrchestrator.java:108)
	at org.junit.platform.launcher.core.EngineExecutionOrchestrator.lambda$execute$0(EngineExecutionOrchestrator.java:66)
	at org.junit.platform.launcher.core.EngineExecutionOrchestrator.withInterceptedStreams(EngineExecutionOrchestrator.java:157)
	at org.junit.platform.launcher.core.EngineExecutionOrchestrator.execute(EngineExecutionOrchestrator.java:65)
	at org.junit.platform.launcher.core.DefaultLauncher.execute(DefaultLauncher.java:125)
	at org.junit.platform.launcher.core.DefaultLauncher.execute(DefaultLauncher.java:114)
	at org.junit.platform.launcher.core.DelegatingLauncher.execute(DelegatingLauncher.java:58)
	at org.junit.platform.launcher.core.InterceptingLauncher.lambda$execute$2(InterceptingLauncher.java:57)
	at org.junit.platform.launcher.core.ClasspathAlignmentCheckingLauncherInterceptor.intercept(ClasspathAlignmentCheckingLauncherInterceptor.java:25)
	at org.junit.platform.launcher.core.InterceptingLauncher.execute(InterceptingLauncher.java:56)
	at org.junit.platform.launcher.core.DelegatingLauncher.execute(DelegatingLauncher.java:58)
	at java.base/jdk.internal.reflect.DirectMethodHandleAccessor.invoke(DirectMethodHandleAccessor.java:104)
	at java.base/java.lang.reflect.Method.invoke(Method.java:565)
	at org.apache.maven.surefire.api.util.ReflectionUtils.invokeMethodWithArray(ReflectionUtils.java:125)
	at org.apache.maven.surefire.junitplatform.LauncherAdapter.executeWithCancellationToken(LauncherAdapter.java:68)
	at org.apache.maven.surefire.junitplatform.LauncherAdapter.execute(LauncherAdapter.java:54)
	at org.apache.maven.surefire.junitplatform.JUnitPlatformProvider.execute(JUnitPlatformProvider.java:203)
	at org.apache.maven.surefire.junitplatform.JUnitPlatformProvider.invokeAllTests(JUnitPlatformProvider.java:168)
	at org.apache.maven.surefire.junitplatform.JUnitPlatformProvider.invoke(JUnitPlatformProvider.java:136)
	at org.apache.maven.surefire.booter.ForkedBooter.runSuitesInProcess(ForkedBooter.java:385)
	at org.apache.maven.surefire.booter.ForkedBooter.execute(ForkedBooter.java:162)
	at org.apache.maven.surefire.booter.ForkedBooter.run(ForkedBooter.java:507)
	at org.apache.maven.surefire.booter.ForkedBooter.main(ForkedBooter.java:495)
Caused by: org.springframework.beans.factory.NoSuchBeanDefinitionException: No qualifying bean of type 'com.fasterxml.jackson.databind.ObjectMapper' available: expected at least 1 bean which qualifies as autowire candidate. Dependency annotations: {@org.springframework.beans.factory.annotation.Autowired(required=true)}
	at org.springframework.beans.factory.support.DefaultListableBeanFactory.raiseNoMatchingBeanFound(DefaultListableBeanFactory.java:2304)
	at org.springframework.beans.factory.support.DefaultListableBeanFactory.doResolveDependency(DefaultListableBeanFactory.java:1732)
	at org.springframework.beans.factory.support.DefaultListableBeanFactory.resolveDependency(DefaultListableBeanFactory.java:1658)
	at org.springframework.beans.factory.annotation.AutowiredAnnotationBeanPostProcessor$AutowiredFieldElement.resolveFieldValue(AutowiredAnnotationBeanPostProcessor.java:764)
	... 88 common frames omitted
2026-08-19 22:15:56.191 WARN  [-] [main] o.s.test.context.TestContextManager      : Caught exception while allowing TestExecutionListener [org.springframework.test.context.support.DependencyInjectionTestExecutionListener] to prepare test instance [com.sdd.sdd.usuario.controller.UsuarioControllerTest@23dc70c1]
org.springframework.beans.factory.UnsatisfiedDependencyException: Error creating bean with name 'com.sdd.sdd.usuario.controller.UsuarioControllerTest': Unsatisfied dependency expressed through field 'objectMapper': No qualifying bean of type 'com.fasterxml.jackson.databind.ObjectMapper' available: expected at least 1 bean which qualifies as autowire candidate. Dependency annotations: {@org.springframework.beans.factory.annotation.Autowired(required=true)}
	at org.springframework.beans.factory.annotation.AutowiredAnnotationBeanPostProcessor$AutowiredFieldElement.resolveFieldValue(AutowiredAnnotationBeanPostProcessor.java:767)
	at org.springframework.beans.factory.annotation.AutowiredAnnotationBeanPostProcessor$AutowiredFieldElement.inject(AutowiredAnnotationBeanPostProcessor.java:748)
	at org.springframework.beans.factory.annotation.InjectionMetadata.inject(InjectionMetadata.java:146)
	at org.springframework.beans.factory.annotation.AutowiredAnnotationBeanPostProcessor.postProcessProperties(AutowiredAnnotationBeanPostProcessor.java:493)
	at org.springframework.beans.factory.support.AbstractAutowireCapableBeanFactory.populateBean(AbstractAutowireCapableBeanFactory.java:1444)
	at org.springframework.beans.factory.support.AbstractAutowireCapableBeanFactory.autowireBeanProperties(AbstractAutowireCapableBeanFactory.java:402)
	at org.springframework.test.context.support.DependencyInjectionTestExecutionListener.injectDependencies(DependencyInjectionTestExecutionListener.java:157)
	at org.springframework.test.context.support.DependencyInjectionTestExecutionListener.prepareTestInstance(DependencyInjectionTestExecutionListener.java:111)
	at org.springframework.test.context.TestContextManager.prepareTestInstance(TestContextManager.java:260)
	at org.springframework.test.context.junit.jupiter.SpringExtension.postProcessTestInstance(SpringExtension.java:242)
	at org.junit.jupiter.engine.descriptor.ClassBasedTestDescriptor.lambda$invokeTestInstancePostProcessors$1(ClassBasedTestDescriptor.java:423)
	at org.junit.jupiter.engine.descriptor.ClassBasedTestDescriptor.executeAndMaskThrowable(ClassBasedTestDescriptor.java:428)
	at org.junit.jupiter.engine.descriptor.ClassBasedTestDescriptor.lambda$invokeTestInstancePostProcessors$0(ClassBasedTestDescriptor.java:422)
	at java.base/java.util.stream.ForEachOps$ForEachOp$OfRef.accept(ForEachOps.java:186)
	at java.base/java.util.stream.ReferencePipeline$3$1.accept(ReferencePipeline.java:214)
	at java.base/java.util.stream.ReferencePipeline$2$1.accept(ReferencePipeline.java:197)
	at java.base/java.util.stream.ReferencePipeline$3$1.accept(ReferencePipeline.java:214)
	at java.base/java.util.ArrayList$ArrayListSpliterator.forEachRemaining(ArrayList.java:1716)
	at java.base/java.util.stream.AbstractPipeline.copyInto(AbstractPipeline.java:570)
	at java.base/java.util.stream.AbstractPipeline.wrapAndCopyInto(AbstractPipeline.java:560)
	at java.base/java.util.stream.ForEachOps$ForEachOp.evaluateSequential(ForEachOps.java:153)
	at java.base/java.util.stream.ForEachOps$ForEachOp$OfRef.evaluateSequential(ForEachOps.java:176)
	at java.base/java.util.stream.AbstractPipeline.evaluate(AbstractPipeline.java:265)
	at java.base/java.util.stream.ReferencePipeline.forEach(ReferencePipeline.java:632)
	at org.junit.jupiter.engine.descriptor.ClassBasedTestDescriptor.invokeTestInstancePostProcessors(ClassBasedTestDescriptor.java:422)
	at org.junit.jupiter.engine.descriptor.ClassBasedTestDescriptor.lambda$instantiateAndPostProcessTestInstance$0(ClassBasedTestDescriptor.java:334)
	at org.junit.platform.engine.support.hierarchical.ThrowableCollector.execute(ThrowableCollector.java:74)
	at org.junit.jupiter.engine.descriptor.ClassBasedTestDescriptor.instantiateAndPostProcessTestInstance(ClassBasedTestDescriptor.java:333)
	at org.junit.jupiter.engine.descriptor.ClassBasedTestDescriptor.lambda$testInstancesProvider$1(ClassBasedTestDescriptor.java:322)
	at java.base/java.util.Optional.orElseGet(Optional.java:364)
	at org.junit.jupiter.engine.descriptor.ClassBasedTestDescriptor.lambda$testInstancesProvider$0(ClassBasedTestDescriptor.java:321)
	at org.junit.jupiter.engine.execution.TestInstancesProvider.getTestInstances(TestInstancesProvider.java:27)
	at org.junit.jupiter.engine.descriptor.TestMethodTestDescriptor.lambda$prepare$0(TestMethodTestDescriptor.java:127)
	at org.junit.platform.engine.support.hierarchical.ThrowableCollector.execute(ThrowableCollector.java:74)
	at org.junit.jupiter.engine.descriptor.TestMethodTestDescriptor.prepare(TestMethodTestDescriptor.java:126)
	at org.junit.jupiter.engine.descriptor.TestMethodTestDescriptor.prepare(TestMethodTestDescriptor.java:70)
	at org.junit.platform.engine.support.hierarchical.NodeTestTask.lambda$prepare$0(NodeTestTask.java:144)
	at org.junit.platform.engine.support.hierarchical.ThrowableCollector.execute(ThrowableCollector.java:74)
	at org.junit.platform.engine.support.hierarchical.NodeTestTask.prepare(NodeTestTask.java:144)
	at org.junit.platform.engine.support.hierarchical.NodeTestTask.execute(NodeTestTask.java:110)
	at java.base/java.util.ArrayList.forEach(ArrayList.java:1604)
	at org.junit.platform.engine.support.hierarchical.SameThreadHierarchicalTestExecutorService.invokeAll(SameThreadHierarchicalTestExecutorService.java:42)
	at org.junit.platform.engine.support.hierarchical.NodeTestTask.lambda$executeRecursively$2(NodeTestTask.java:180)
	at org.junit.platform.engine.support.hierarchical.ThrowableCollector.execute(ThrowableCollector.java:74)
	at org.junit.platform.engine.support.hierarchical.NodeTestTask.lambda$executeRecursively$1(NodeTestTask.java:166)
	at org.junit.platform.engine.support.hierarchical.Node.around(Node.java:138)
	at org.junit.platform.engine.support.hierarchical.NodeTestTask.lambda$executeRecursively$0(NodeTestTask.java:164)
	at org.junit.platform.engine.support.hierarchical.ThrowableCollector.execute(ThrowableCollector.java:74)
	at org.junit.platform.engine.support.hierarchical.NodeTestTask.executeRecursively(NodeTestTask.java:163)
	at org.junit.platform.engine.support.hierarchical.NodeTestTask.execute(NodeTestTask.java:116)
	at java.base/java.util.ArrayList.forEach(ArrayList.java:1604)
	at org.junit.platform.engine.support.hierarchical.SameThreadHierarchicalTestExecutorService.invokeAll(SameThreadHierarchicalTestExecutorService.java:42)
	at org.junit.platform.engine.support.hierarchical.NodeTestTask.lambda$executeRecursively$2(NodeTestTask.java:180)
	at org.junit.platform.engine.support.hierarchical.ThrowableCollector.execute(ThrowableCollector.java:74)
	at org.junit.platform.engine.support.hierarchical.NodeTestTask.lambda$executeRecursively$1(NodeTestTask.java:166)
	at org.junit.platform.engine.support.hierarchical.Node.around(Node.java:138)
	at org.junit.platform.engine.support.hierarchical.NodeTestTask.lambda$executeRecursively$0(NodeTestTask.java:164)
	at org.junit.platform.engine.support.hierarchical.ThrowableCollector.execute(ThrowableCollector.java:74)
	at org.junit.platform.engine.support.hierarchical.NodeTestTask.executeRecursively(NodeTestTask.java:163)
	at org.junit.platform.engine.support.hierarchical.NodeTestTask.execute(NodeTestTask.java:116)
	at org.junit.platform.engine.support.hierarchical.SameThreadHierarchicalTestExecutorService.submit(SameThreadHierarchicalTestExecutorService.java:36)
	at org.junit.platform.engine.support.hierarchical.HierarchicalTestExecutor.execute(HierarchicalTestExecutor.java:52)
	at org.junit.platform.engine.support.hierarchical.HierarchicalTestEngine.execute(HierarchicalTestEngine.java:58)
	at org.junit.platform.launcher.core.EngineExecutionOrchestrator.executeEngine(EngineExecutionOrchestrator.java:246)
	at org.junit.platform.launcher.core.EngineExecutionOrchestrator.failOrExecuteEngine(EngineExecutionOrchestrator.java:218)
	at org.junit.platform.launcher.core.EngineExecutionOrchestrator.execute(EngineExecutionOrchestrator.java:179)
	at org.junit.platform.launcher.core.EngineExecutionOrchestrator.execute(EngineExecutionOrchestrator.java:108)
	at org.junit.platform.launcher.core.EngineExecutionOrchestrator.lambda$execute$0(EngineExecutionOrchestrator.java:66)
	at org.junit.platform.launcher.core.EngineExecutionOrchestrator.withInterceptedStreams(EngineExecutionOrchestrator.java:157)
	at org.junit.platform.launcher.core.EngineExecutionOrchestrator.execute(EngineExecutionOrchestrator.java:65)
	at org.junit.platform.launcher.core.DefaultLauncher.execute(DefaultLauncher.java:125)
	at org.junit.platform.launcher.core.DefaultLauncher.execute(DefaultLauncher.java:114)
	at org.junit.platform.launcher.core.DelegatingLauncher.execute(DelegatingLauncher.java:58)
	at org.junit.platform.launcher.core.InterceptingLauncher.lambda$execute$2(InterceptingLauncher.java:57)
	at org.junit.platform.launcher.core.ClasspathAlignmentCheckingLauncherInterceptor.intercept(ClasspathAlignmentCheckingLauncherInterceptor.java:25)
	at org.junit.platform.launcher.core.InterceptingLauncher.execute(InterceptingLauncher.java:56)
	at org.junit.platform.launcher.core.DelegatingLauncher.execute(DelegatingLauncher.java:58)
	at java.base/jdk.internal.reflect.DirectMethodHandleAccessor.invoke(DirectMethodHandleAccessor.java:104)
	at java.base/java.lang.reflect.Method.invoke(Method.java:565)
	at org.apache.maven.surefire.api.util.ReflectionUtils.invokeMethodWithArray(ReflectionUtils.java:125)
	at org.apache.maven.surefire.junitplatform.LauncherAdapter.executeWithCancellationToken(LauncherAdapter.java:68)
	at org.apache.maven.surefire.junitplatform.LauncherAdapter.execute(LauncherAdapter.java:54)
	at org.apache.maven.surefire.junitplatform.JUnitPlatformProvider.execute(JUnitPlatformProvider.java:203)
	at org.apache.maven.surefire.junitplatform.JUnitPlatformProvider.invokeAllTests(JUnitPlatformProvider.java:168)
	at org.apache.maven.surefire.junitplatform.JUnitPlatformProvider.invoke(JUnitPlatformProvider.java:136)
	at org.apache.maven.surefire.booter.ForkedBooter.runSuitesInProcess(ForkedBooter.java:385)
	at org.apache.maven.surefire.booter.ForkedBooter.execute(ForkedBooter.java:162)
	at org.apache.maven.surefire.booter.ForkedBooter.run(ForkedBooter.java:507)
	at org.apache.maven.surefire.booter.ForkedBooter.main(ForkedBooter.java:495)
Caused by: org.springframework.beans.factory.NoSuchBeanDefinitionException: No qualifying bean of type 'com.fasterxml.jackson.databind.ObjectMapper' available: expected at least 1 bean which qualifies as autowire candidate. Dependency annotations: {@org.springframework.beans.factory.annotation.Autowired(required=true)}
	at org.springframework.beans.factory.support.DefaultListableBeanFactory.raiseNoMatchingBeanFound(DefaultListableBeanFactory.java:2304)
	at org.springframework.beans.factory.support.DefaultListableBeanFactory.doResolveDependency(DefaultListableBeanFactory.java:1732)
	at org.springframework.beans.factory.support.DefaultListableBeanFactory.resolveDependency(DefaultListableBeanFactory.java:1658)
	at org.springframework.beans.factory.annotation.AutowiredAnnotationBeanPostProcessor$AutowiredFieldElement.resolveFieldValue(AutowiredAnnotationBeanPostProcessor.java:764)
	... 88 common frames omitted
2026-08-19 22:15:56.197 WARN  [-] [main] o.s.test.context.TestContextManager      : Caught exception while allowing TestExecutionListener [org.springframework.test.context.support.DependencyInjectionTestExecutionListener] to prepare test instance [com.sdd.sdd.usuario.controller.UsuarioControllerTest@6296e4bf]
org.springframework.beans.factory.UnsatisfiedDependencyException: Error creating bean with name 'com.sdd.sdd.usuario.controller.UsuarioControllerTest': Unsatisfied dependency expressed through field 'objectMapper': No qualifying bean of type 'com.fasterxml.jackson.databind.ObjectMapper' available: expected at least 1 bean which qualifies as autowire candidate. Dependency annotations: {@org.springframework.beans.factory.annotation.Autowired(required=true)}
	at org.springframework.beans.factory.annotation.AutowiredAnnotationBeanPostProcessor$AutowiredFieldElement.resolveFieldValue(AutowiredAnnotationBeanPostProcessor.java:767)
	at org.springframework.beans.factory.annotation.AutowiredAnnotationBeanPostProcessor$AutowiredFieldElement.inject(AutowiredAnnotationBeanPostProcessor.java:748)
	at org.springframework.beans.factory.annotation.InjectionMetadata.inject(InjectionMetadata.java:146)
	at org.springframework.beans.factory.annotation.AutowiredAnnotationBeanPostProcessor.postProcessProperties(AutowiredAnnotationBeanPostProcessor.java:493)
	at org.springframework.beans.factory.support.AbstractAutowireCapableBeanFactory.populateBean(AbstractAutowireCapableBeanFactory.java:1444)
	at org.springframework.beans.factory.support.AbstractAutowireCapableBeanFactory.autowireBeanProperties(AbstractAutowireCapableBeanFactory.java:402)
	at org.springframework.test.context.support.DependencyInjectionTestExecutionListener.injectDependencies(DependencyInjectionTestExecutionListener.java:157)
	at org.springframework.test.context.support.DependencyInjectionTestExecutionListener.prepareTestInstance(DependencyInjectionTestExecutionListener.java:111)
	at org.springframework.test.context.TestContextManager.prepareTestInstance(TestContextManager.java:260)
	at org.springframework.test.context.junit.jupiter.SpringExtension.postProcessTestInstance(SpringExtension.java:242)
	at org.junit.jupiter.engine.descriptor.ClassBasedTestDescriptor.lambda$invokeTestInstancePostProcessors$1(ClassBasedTestDescriptor.java:423)
	at org.junit.jupiter.engine.descriptor.ClassBasedTestDescriptor.executeAndMaskThrowable(ClassBasedTestDescriptor.java:428)
	at org.junit.jupiter.engine.descriptor.ClassBasedTestDescriptor.lambda$invokeTestInstancePostProcessors$0(ClassBasedTestDescriptor.java:422)
	at java.base/java.util.stream.ForEachOps$ForEachOp$OfRef.accept(ForEachOps.java:186)
	at java.base/java.util.stream.ReferencePipeline$3$1.accept(ReferencePipeline.java:214)
	at java.base/java.util.stream.ReferencePipeline$2$1.accept(ReferencePipeline.java:197)
	at java.base/java.util.stream.ReferencePipeline$3$1.accept(ReferencePipeline.java:214)
	at java.base/java.util.ArrayList$ArrayListSpliterator.forEachRemaining(ArrayList.java:1716)
	at java.base/java.util.stream.AbstractPipeline.copyInto(AbstractPipeline.java:570)
	at java.base/java.util.stream.AbstractPipeline.wrapAndCopyInto(AbstractPipeline.java:560)
	at java.base/java.util.stream.ForEachOps$ForEachOp.evaluateSequential(ForEachOps.java:153)
	at java.base/java.util.stream.ForEachOps$ForEachOp$OfRef.evaluateSequential(ForEachOps.java:176)
	at java.base/java.util.stream.AbstractPipeline.evaluate(AbstractPipeline.java:265)
	at java.base/java.util.stream.ReferencePipeline.forEach(ReferencePipeline.java:632)
	at org.junit.jupiter.engine.descriptor.ClassBasedTestDescriptor.invokeTestInstancePostProcessors(ClassBasedTestDescriptor.java:422)
	at org.junit.jupiter.engine.descriptor.ClassBasedTestDescriptor.lambda$instantiateAndPostProcessTestInstance$0(ClassBasedTestDescriptor.java:334)
	at org.junit.platform.engine.support.hierarchical.ThrowableCollector.execute(ThrowableCollector.java:74)
	at org.junit.jupiter.engine.descriptor.ClassBasedTestDescriptor.instantiateAndPostProcessTestInstance(ClassBasedTestDescriptor.java:333)
	at org.junit.jupiter.engine.descriptor.ClassBasedTestDescriptor.lambda$testInstancesProvider$1(ClassBasedTestDescriptor.java:322)
	at java.base/java.util.Optional.orElseGet(Optional.java:364)
	at org.junit.jupiter.engine.descriptor.ClassBasedTestDescriptor.lambda$testInstancesProvider$0(ClassBasedTestDescriptor.java:321)
	at org.junit.jupiter.engine.execution.TestInstancesProvider.getTestInstances(TestInstancesProvider.java:27)
	at org.junit.jupiter.engine.descriptor.TestMethodTestDescriptor.lambda$prepare$0(TestMethodTestDescriptor.java:127)
	at org.junit.platform.engine.support.hierarchical.ThrowableCollector.execute(ThrowableCollector.java:74)
	at org.junit.jupiter.engine.descriptor.TestMethodTestDescriptor.prepare(TestMethodTestDescriptor.java:126)
	at org.junit.jupiter.engine.descriptor.TestMethodTestDescriptor.prepare(TestMethodTestDescriptor.java:70)
	at org.junit.platform.engine.support.hierarchical.NodeTestTask.lambda$prepare$0(NodeTestTask.java:144)
	at org.junit.platform.engine.support.hierarchical.ThrowableCollector.execute(ThrowableCollector.java:74)
	at org.junit.platform.engine.support.hierarchical.NodeTestTask.prepare(NodeTestTask.java:144)
	at org.junit.platform.engine.support.hierarchical.NodeTestTask.execute(NodeTestTask.java:110)
	at java.base/java.util.ArrayList.forEach(ArrayList.java:1604)
	at org.junit.platform.engine.support.hierarchical.SameThreadHierarchicalTestExecutorService.invokeAll(SameThreadHierarchicalTestExecutorService.java:42)
	at org.junit.platform.engine.support.hierarchical.NodeTestTask.lambda$executeRecursively$2(NodeTestTask.java:180)
	at org.junit.platform.engine.support.hierarchical.ThrowableCollector.execute(ThrowableCollector.java:74)
	at org.junit.platform.engine.support.hierarchical.NodeTestTask.lambda$executeRecursively$1(NodeTestTask.java:166)
	at org.junit.platform.engine.support.hierarchical.Node.around(Node.java:138)
	at org.junit.platform.engine.support.hierarchical.NodeTestTask.lambda$executeRecursively$0(NodeTestTask.java:164)
	at org.junit.platform.engine.support.hierarchical.ThrowableCollector.execute(ThrowableCollector.java:74)
	at org.junit.platform.engine.support.hierarchical.NodeTestTask.executeRecursively(NodeTestTask.java:163)
	at org.junit.platform.engine.support.hierarchical.NodeTestTask.execute(NodeTestTask.java:116)
	at java.base/java.util.ArrayList.forEach(ArrayList.java:1604)
	at org.junit.platform.engine.support.hierarchical.SameThreadHierarchicalTestExecutorService.invokeAll(SameThreadHierarchicalTestExecutorService.java:42)
	at org.junit.platform.engine.support.hierarchical.NodeTestTask.lambda$executeRecursively$2(NodeTestTask.java:180)
	at org.junit.platform.engine.support.hierarchical.ThrowableCollector.execute(ThrowableCollector.java:74)
	at org.junit.platform.engine.support.hierarchical.NodeTestTask.lambda$executeRecursively$1(NodeTestTask.java:166)
	at org.junit.platform.engine.support.hierarchical.Node.around(Node.java:138)
	at org.junit.platform.engine.support.hierarchical.NodeTestTask.lambda$executeRecursively$0(NodeTestTask.java:164)
	at org.junit.platform.engine.support.hierarchical.ThrowableCollector.execute(ThrowableCollector.java:74)
	at org.junit.platform.engine.support.hierarchical.NodeTestTask.executeRecursively(NodeTestTask.java:163)
	at org.junit.platform.engine.support.hierarchical.NodeTestTask.execute(NodeTestTask.java:116)
	at org.junit.platform.engine.support.hierarchical.SameThreadHierarchicalTestExecutorService.submit(SameThreadHierarchicalTestExecutorService.java:36)
	at org.junit.platform.engine.support.hierarchical.HierarchicalTestExecutor.execute(HierarchicalTestExecutor.java:52)
	at org.junit.platform.engine.support.hierarchical.HierarchicalTestEngine.execute(HierarchicalTestEngine.java:58)
	at org.junit.platform.launcher.core.EngineExecutionOrchestrator.executeEngine(EngineExecutionOrchestrator.java:246)
	at org.junit.platform.launcher.core.EngineExecutionOrchestrator.failOrExecuteEngine(EngineExecutionOrchestrator.java:218)
	at org.junit.platform.launcher.core.EngineExecutionOrchestrator.execute(EngineExecutionOrchestrator.java:179)
	at org.junit.platform.launcher.core.EngineExecutionOrchestrator.execute(EngineExecutionOrchestrator.java:108)
	at org.junit.platform.launcher.core.EngineExecutionOrchestrator.lambda$execute$0(EngineExecutionOrchestrator.java:66)
	at org.junit.platform.launcher.core.EngineExecutionOrchestrator.withInterceptedStreams(EngineExecutionOrchestrator.java:157)
	at org.junit.platform.launcher.core.EngineExecutionOrchestrator.execute(EngineExecutionOrchestrator.java:65)
	at org.junit.platform.launcher.core.DefaultLauncher.execute(DefaultLauncher.java:125)
	at org.junit.platform.launcher.core.DefaultLauncher.execute(DefaultLauncher.java:114)
	at org.junit.platform.launcher.core.DelegatingLauncher.execute(DelegatingLauncher.java:58)
	at org.junit.platform.launcher.core.InterceptingLauncher.lambda$execute$2(InterceptingLauncher.java:57)
	at org.junit.platform.launcher.core.ClasspathAlignmentCheckingLauncherInterceptor.intercept(ClasspathAlignmentCheckingLauncherInterceptor.java:25)
	at org.junit.platform.launcher.core.InterceptingLauncher.execute(InterceptingLauncher.java:56)
	at org.junit.platform.launcher.core.DelegatingLauncher.execute(DelegatingLauncher.java:58)
	at java.base/jdk.internal.reflect.DirectMethodHandleAccessor.invoke(DirectMethodHandleAccessor.java:104)
	at java.base/java.lang.reflect.Method.invoke(Method.java:565)
	at org.apache.maven.surefire.api.util.ReflectionUtils.invokeMethodWithArray(ReflectionUtils.java:125)
	at org.apache.maven.surefire.junitplatform.LauncherAdapter.executeWithCancellationToken(LauncherAdapter.java:68)
	at org.apache.maven.surefire.junitplatform.LauncherAdapter.execute(LauncherAdapter.java:54)
	at org.apache.maven.surefire.junitplatform.JUnitPlatformProvider.execute(JUnitPlatformProvider.java:203)
	at org.apache.maven.surefire.junitplatform.JUnitPlatformProvider.invokeAllTests(JUnitPlatformProvider.java:168)
	at org.apache.maven.surefire.junitplatform.JUnitPlatformProvider.invoke(JUnitPlatformProvider.java:136)
	at org.apache.maven.surefire.booter.ForkedBooter.runSuitesInProcess(ForkedBooter.java:385)
	at org.apache.maven.surefire.booter.ForkedBooter.execute(ForkedBooter.java:162)
	at org.apache.maven.surefire.booter.ForkedBooter.run(ForkedBooter.java:507)
	at org.apache.maven.surefire.booter.ForkedBooter.main(ForkedBooter.java:495)
Caused by: org.springframework.beans.factory.NoSuchBeanDefinitionException: No qualifying bean of type 'com.fasterxml.jackson.databind.ObjectMapper' available: expected at least 1 bean which qualifies as autowire candidate. Dependency annotations: {@org.springframework.beans.factory.annotation.Autowired(required=true)}
	at org.springframework.beans.factory.support.DefaultListableBeanFactory.raiseNoMatchingBeanFound(DefaultListableBeanFactory.java:2304)
	at org.springframework.beans.factory.support.DefaultListableBeanFactory.doResolveDependency(DefaultListableBeanFactory.java:1732)
	at org.springframework.beans.factory.support.DefaultListableBeanFactory.resolveDependency(DefaultListableBeanFactory.java:1658)
	at org.springframework.beans.factory.annotation.AutowiredAnnotationBeanPostProcessor$AutowiredFieldElement.resolveFieldValue(AutowiredAnnotationBeanPostProcessor.java:764)
	... 88 common frames omitted
2026-08-19 22:15:56.203 WARN  [-] [main] o.s.test.context.TestContextManager      : Caught exception while allowing TestExecutionListener [org.springframework.test.context.support.DependencyInjectionTestExecutionListener] to prepare test instance [com.sdd.sdd.usuario.controller.UsuarioControllerTest@4d3990a5]
org.springframework.beans.factory.UnsatisfiedDependencyException: Error creating bean with name 'com.sdd.sdd.usuario.controller.UsuarioControllerTest': Unsatisfied dependency expressed through field 'objectMapper': No qualifying bean of type 'com.fasterxml.jackson.databind.ObjectMapper' available: expected at least 1 bean which qualifies as autowire candidate. Dependency annotations: {@org.springframework.beans.factory.annotation.Autowired(required=true)}
	at org.springframework.beans.factory.annotation.AutowiredAnnotationBeanPostProcessor$AutowiredFieldElement.resolveFieldValue(AutowiredAnnotationBeanPostProcessor.java:767)
	at org.springframework.beans.factory.annotation.AutowiredAnnotationBeanPostProcessor$AutowiredFieldElement.inject(AutowiredAnnotationBeanPostProcessor.java:748)
	at org.springframework.beans.factory.annotation.InjectionMetadata.inject(InjectionMetadata.java:146)
	at org.springframework.beans.factory.annotation.AutowiredAnnotationBeanPostProcessor.postProcessProperties(AutowiredAnnotationBeanPostProcessor.java:493)
	at org.springframework.beans.factory.support.AbstractAutowireCapableBeanFactory.populateBean(AbstractAutowireCapableBeanFactory.java:1444)
	at org.springframework.beans.factory.support.AbstractAutowireCapableBeanFactory.autowireBeanProperties(AbstractAutowireCapableBeanFactory.java:402)
	at org.springframework.test.context.support.DependencyInjectionTestExecutionListener.injectDependencies(DependencyInjectionTestExecutionListener.java:157)
	at org.springframework.test.context.support.DependencyInjectionTestExecutionListener.prepareTestInstance(DependencyInjectionTestExecutionListener.java:111)
	at org.springframework.test.context.TestContextManager.prepareTestInstance(TestContextManager.java:260)
	at org.springframework.test.context.junit.jupiter.SpringExtension.postProcessTestInstance(SpringExtension.java:242)
	at org.junit.jupiter.engine.descriptor.ClassBasedTestDescriptor.lambda$invokeTestInstancePostProcessors$1(ClassBasedTestDescriptor.java:423)
	at org.junit.jupiter.engine.descriptor.ClassBasedTestDescriptor.executeAndMaskThrowable(ClassBasedTestDescriptor.java:428)
	at org.junit.jupiter.engine.descriptor.ClassBasedTestDescriptor.lambda$invokeTestInstancePostProcessors$0(ClassBasedTestDescriptor.java:422)
	at java.base/java.util.stream.ForEachOps$ForEachOp$OfRef.accept(ForEachOps.java:186)
	at java.base/java.util.stream.ReferencePipeline$3$1.accept(ReferencePipeline.java:214)
	at java.base/java.util.stream.ReferencePipeline$2$1.accept(ReferencePipeline.java:197)
	at java.base/java.util.stream.ReferencePipeline$3$1.accept(ReferencePipeline.java:214)
	at java.base/java.util.ArrayList$ArrayListSpliterator.forEachRemaining(ArrayList.java:1716)
	at java.base/java.util.stream.AbstractPipeline.copyInto(AbstractPipeline.java:570)
	at java.base/java.util.stream.AbstractPipeline.wrapAndCopyInto(AbstractPipeline.java:560)
	at java.base/java.util.stream.ForEachOps$ForEachOp.evaluateSequential(ForEachOps.java:153)
	at java.base/java.util.stream.ForEachOps$ForEachOp$OfRef.evaluateSequential(ForEachOps.java:176)
	at java.base/java.util.stream.AbstractPipeline.evaluate(AbstractPipeline.java:265)
	at java.base/java.util.stream.ReferencePipeline.forEach(ReferencePipeline.java:632)
	at org.junit.jupiter.engine.descriptor.ClassBasedTestDescriptor.invokeTestInstancePostProcessors(ClassBasedTestDescriptor.java:422)
	at org.junit.jupiter.engine.descriptor.ClassBasedTestDescriptor.lambda$instantiateAndPostProcessTestInstance$0(ClassBasedTestDescriptor.java:334)
	at org.junit.platform.engine.support.hierarchical.ThrowableCollector.execute(ThrowableCollector.java:74)
	at org.junit.jupiter.engine.descriptor.ClassBasedTestDescriptor.instantiateAndPostProcessTestInstance(ClassBasedTestDescriptor.java:333)
	at org.junit.jupiter.engine.descriptor.ClassBasedTestDescriptor.lambda$testInstancesProvider$1(ClassBasedTestDescriptor.java:322)
	at java.base/java.util.Optional.orElseGet(Optional.java:364)
	at org.junit.jupiter.engine.descriptor.ClassBasedTestDescriptor.lambda$testInstancesProvider$0(ClassBasedTestDescriptor.java:321)
	at org.junit.jupiter.engine.execution.TestInstancesProvider.getTestInstances(TestInstancesProvider.java:27)
	at org.junit.jupiter.engine.descriptor.TestMethodTestDescriptor.lambda$prepare$0(TestMethodTestDescriptor.java:127)
	at org.junit.platform.engine.support.hierarchical.ThrowableCollector.execute(ThrowableCollector.java:74)
	at org.junit.jupiter.engine.descriptor.TestMethodTestDescriptor.prepare(TestMethodTestDescriptor.java:126)
	at org.junit.jupiter.engine.descriptor.TestMethodTestDescriptor.prepare(TestMethodTestDescriptor.java:70)
	at org.junit.platform.engine.support.hierarchical.NodeTestTask.lambda$prepare$0(NodeTestTask.java:144)
	at org.junit.platform.engine.support.hierarchical.ThrowableCollector.execute(ThrowableCollector.java:74)
	at org.junit.platform.engine.support.hierarchical.NodeTestTask.prepare(NodeTestTask.java:144)
	at org.junit.platform.engine.support.hierarchical.NodeTestTask.execute(NodeTestTask.java:110)
	at java.base/java.util.ArrayList.forEach(ArrayList.java:1604)
	at org.junit.platform.engine.support.hierarchical.SameThreadHierarchicalTestExecutorService.invokeAll(SameThreadHierarchicalTestExecutorService.java:42)
	at org.junit.platform.engine.support.hierarchical.NodeTestTask.lambda$executeRecursively$2(NodeTestTask.java:180)
	at org.junit.platform.engine.support.hierarchical.ThrowableCollector.execute(ThrowableCollector.java:74)
	at org.junit.platform.engine.support.hierarchical.NodeTestTask.lambda$executeRecursively$1(NodeTestTask.java:166)
	at org.junit.platform.engine.support.hierarchical.Node.around(Node.java:138)
	at org.junit.platform.engine.support.hierarchical.NodeTestTask.lambda$executeRecursively$0(NodeTestTask.java:164)
	at org.junit.platform.engine.support.hierarchical.ThrowableCollector.execute(ThrowableCollector.java:74)
	at org.junit.platform.engine.support.hierarchical.NodeTestTask.executeRecursively(NodeTestTask.java:163)
	at org.junit.platform.engine.support.hierarchical.NodeTestTask.execute(NodeTestTask.java:116)
	at java.base/java.util.ArrayList.forEach(ArrayList.java:1604)
	at org.junit.platform.engine.support.hierarchical.SameThreadHierarchicalTestExecutorService.invokeAll(SameThreadHierarchicalTestExecutorService.java:42)
	at org.junit.platform.engine.support.hierarchical.NodeTestTask.lambda$executeRecursively$2(NodeTestTask.java:180)
	at org.junit.platform.engine.support.hierarchical.ThrowableCollector.execute(ThrowableCollector.java:74)
	at org.junit.platform.engine.support.hierarchical.NodeTestTask.lambda$executeRecursively$1(NodeTestTask.java:166)
	at org.junit.platform.engine.support.hierarchical.Node.around(Node.java:138)
	at org.junit.platform.engine.support.hierarchical.NodeTestTask.lambda$executeRecursively$0(NodeTestTask.java:164)
	at org.junit.platform.engine.support.hierarchical.ThrowableCollector.execute(ThrowableCollector.java:74)
	at org.junit.platform.engine.support.hierarchical.NodeTestTask.executeRecursively(NodeTestTask.java:163)
	at org.junit.platform.engine.support.hierarchical.NodeTestTask.execute(NodeTestTask.java:116)
	at org.junit.platform.engine.support.hierarchical.SameThreadHierarchicalTestExecutorService.submit(SameThreadHierarchicalTestExecutorService.java:36)
	at org.junit.platform.engine.support.hierarchical.HierarchicalTestExecutor.execute(HierarchicalTestExecutor.java:52)
	at org.junit.platform.engine.support.hierarchical.HierarchicalTestEngine.execute(HierarchicalTestEngine.java:58)
	at org.junit.platform.launcher.core.EngineExecutionOrchestrator.executeEngine(EngineExecutionOrchestrator.java:246)
	at org.junit.platform.launcher.core.EngineExecutionOrchestrator.failOrExecuteEngine(EngineExecutionOrchestrator.java:218)
	at org.junit.platform.launcher.core.EngineExecutionOrchestrator.execute(EngineExecutionOrchestrator.java:179)
	at org.junit.platform.launcher.core.EngineExecutionOrchestrator.execute(EngineExecutionOrchestrator.java:108)
	at org.junit.platform.launcher.core.EngineExecutionOrchestrator.lambda$execute$0(EngineExecutionOrchestrator.java:66)
	at org.junit.platform.launcher.core.EngineExecutionOrchestrator.withInterceptedStreams(EngineExecutionOrchestrator.java:157)
	at org.junit.platform.launcher.core.EngineExecutionOrchestrator.execute(EngineExecutionOrchestrator.java:65)
	at org.junit.platform.launcher.core.DefaultLauncher.execute(DefaultLauncher.java:125)
	at org.junit.platform.launcher.core.DefaultLauncher.execute(DefaultLauncher.java:114)
	at org.junit.platform.launcher.core.DelegatingLauncher.execute(DelegatingLauncher.java:58)
	at org.junit.platform.launcher.core.InterceptingLauncher.lambda$execute$2(InterceptingLauncher.java:57)
	at org.junit.platform.launcher.core.ClasspathAlignmentCheckingLauncherInterceptor.intercept(ClasspathAlignmentCheckingLauncherInterceptor.java:25)
	at org.junit.platform.launcher.core.InterceptingLauncher.execute(InterceptingLauncher.java:56)
	at org.junit.platform.launcher.core.DelegatingLauncher.execute(DelegatingLauncher.java:58)
	at java.base/jdk.internal.reflect.DirectMethodHandleAccessor.invoke(DirectMethodHandleAccessor.java:104)
	at java.base/java.lang.reflect.Method.invoke(Method.java:565)
	at org.apache.maven.surefire.api.util.ReflectionUtils.invokeMethodWithArray(ReflectionUtils.java:125)
	at org.apache.maven.surefire.junitplatform.LauncherAdapter.executeWithCancellationToken(LauncherAdapter.java:68)
	at org.apache.maven.surefire.junitplatform.LauncherAdapter.execute(LauncherAdapter.java:54)
	at org.apache.maven.surefire.junitplatform.JUnitPlatformProvider.execute(JUnitPlatformProvider.java:203)
	at org.apache.maven.surefire.junitplatform.JUnitPlatformProvider.invokeAllTests(JUnitPlatformProvider.java:168)
	at org.apache.maven.surefire.junitplatform.JUnitPlatformProvider.invoke(JUnitPlatformProvider.java:136)
	at org.apache.maven.surefire.booter.ForkedBooter.runSuitesInProcess(ForkedBooter.java:385)
	at org.apache.maven.surefire.booter.ForkedBooter.execute(ForkedBooter.java:162)
	at org.apache.maven.surefire.booter.ForkedBooter.run(ForkedBooter.java:507)
	at org.apache.maven.surefire.booter.ForkedBooter.main(ForkedBooter.java:495)
Caused by: org.springframework.beans.factory.NoSuchBeanDefinitionException: No qualifying bean of type 'com.fasterxml.jackson.databind.ObjectMapper' available: expected at least 1 bean which qualifies as autowire candidate. Dependency annotations: {@org.springframework.beans.factory.annotation.Autowired(required=true)}
	at org.springframework.beans.factory.support.DefaultListableBeanFactory.raiseNoMatchingBeanFound(DefaultListableBeanFactory.java:2304)
	at org.springframework.beans.factory.support.DefaultListableBeanFactory.doResolveDependency(DefaultListableBeanFactory.java:1732)
	at org.springframework.beans.factory.support.DefaultListableBeanFactory.resolveDependency(DefaultListableBeanFactory.java:1658)
	at org.springframework.beans.factory.annotation.AutowiredAnnotationBeanPostProcessor$AutowiredFieldElement.resolveFieldValue(AutowiredAnnotationBeanPostProcessor.java:764)
	... 88 common frames omitted
2026-08-19 22:15:56.208 WARN  [-] [main] o.s.test.context.TestContextManager      : Caught exception while allowing TestExecutionListener [org.springframework.test.context.support.DependencyInjectionTestExecutionListener] to prepare test instance [com.sdd.sdd.usuario.controller.UsuarioControllerTest@61d8a491]
org.springframework.beans.factory.UnsatisfiedDependencyException: Error creating bean with name 'com.sdd.sdd.usuario.controller.UsuarioControllerTest': Unsatisfied dependency expressed through field 'objectMapper': No qualifying bean of type 'com.fasterxml.jackson.databind.ObjectMapper' available: expected at least 1 bean which qualifies as autowire candidate. Dependency annotations: {@org.springframework.beans.factory.annotation.Autowired(required=true)}
	at org.springframework.beans.factory.annotation.AutowiredAnnotationBeanPostProcessor$AutowiredFieldElement.resolveFieldValue(AutowiredAnnotationBeanPostProcessor.java:767)
	at org.springframework.beans.factory.annotation.AutowiredAnnotationBeanPostProcessor$AutowiredFieldElement.inject(AutowiredAnnotationBeanPostProcessor.java:748)
	at org.springframework.beans.factory.annotation.InjectionMetadata.inject(InjectionMetadata.java:146)
	at org.springframework.beans.factory.annotation.AutowiredAnnotationBeanPostProcessor.postProcessProperties(AutowiredAnnotationBeanPostProcessor.java:493)
	at org.springframework.beans.factory.support.AbstractAutowireCapableBeanFactory.populateBean(AbstractAutowireCapableBeanFactory.java:1444)
	at org.springframework.beans.factory.support.AbstractAutowireCapableBeanFactory.autowireBeanProperties(AbstractAutowireCapableBeanFactory.java:402)
	at org.springframework.test.context.support.DependencyInjectionTestExecutionListener.injectDependencies(DependencyInjectionTestExecutionListener.java:157)
	at org.springframework.test.context.support.DependencyInjectionTestExecutionListener.prepareTestInstance(DependencyInjectionTestExecutionListener.java:111)
	at org.springframework.test.context.TestContextManager.prepareTestInstance(TestContextManager.java:260)
	at org.springframework.test.context.junit.jupiter.SpringExtension.postProcessTestInstance(SpringExtension.java:242)
	at org.junit.jupiter.engine.descriptor.ClassBasedTestDescriptor.lambda$invokeTestInstancePostProcessors$1(ClassBasedTestDescriptor.java:423)
	at org.junit.jupiter.engine.descriptor.ClassBasedTestDescriptor.executeAndMaskThrowable(ClassBasedTestDescriptor.java:428)
	at org.junit.jupiter.engine.descriptor.ClassBasedTestDescriptor.lambda$invokeTestInstancePostProcessors$0(ClassBasedTestDescriptor.java:422)
	at java.base/java.util.stream.ForEachOps$ForEachOp$OfRef.accept(ForEachOps.java:186)
	at java.base/java.util.stream.ReferencePipeline$3$1.accept(ReferencePipeline.java:214)
	at java.base/java.util.stream.ReferencePipeline$2$1.accept(ReferencePipeline.java:197)
	at java.base/java.util.stream.ReferencePipeline$3$1.accept(ReferencePipeline.java:214)
	at java.base/java.util.ArrayList$ArrayListSpliterator.forEachRemaining(ArrayList.java:1716)
	at java.base/java.util.stream.AbstractPipeline.copyInto(AbstractPipeline.java:570)
	at java.base/java.util.stream.AbstractPipeline.wrapAndCopyInto(AbstractPipeline.java:560)
	at java.base/java.util.stream.ForEachOps$ForEachOp.evaluateSequential(ForEachOps.java:153)
	at java.base/java.util.stream.ForEachOps$ForEachOp$OfRef.evaluateSequential(ForEachOps.java:176)
	at java.base/java.util.stream.AbstractPipeline.evaluate(AbstractPipeline.java:265)
	at java.base/java.util.stream.ReferencePipeline.forEach(ReferencePipeline.java:632)
	at org.junit.jupiter.engine.descriptor.ClassBasedTestDescriptor.invokeTestInstancePostProcessors(ClassBasedTestDescriptor.java:422)
	at org.junit.jupiter.engine.descriptor.ClassBasedTestDescriptor.lambda$instantiateAndPostProcessTestInstance$0(ClassBasedTestDescriptor.java:334)
	at org.junit.platform.engine.support.hierarchical.ThrowableCollector.execute(ThrowableCollector.java:74)
	at org.junit.jupiter.engine.descriptor.ClassBasedTestDescriptor.instantiateAndPostProcessTestInstance(ClassBasedTestDescriptor.java:333)
	at org.junit.jupiter.engine.descriptor.ClassBasedTestDescriptor.lambda$testInstancesProvider$1(ClassBasedTestDescriptor.java:322)
	at java.base/java.util.Optional.orElseGet(Optional.java:364)
	at org.junit.jupiter.engine.descriptor.ClassBasedTestDescriptor.lambda$testInstancesProvider$0(ClassBasedTestDescriptor.java:321)
	at org.junit.jupiter.engine.execution.TestInstancesProvider.getTestInstances(TestInstancesProvider.java:27)
	at org.junit.jupiter.engine.descriptor.TestMethodTestDescriptor.lambda$prepare$0(TestMethodTestDescriptor.java:127)
	at org.junit.platform.engine.support.hierarchical.ThrowableCollector.execute(ThrowableCollector.java:74)
	at org.junit.jupiter.engine.descriptor.TestMethodTestDescriptor.prepare(TestMethodTestDescriptor.java:126)
	at org.junit.jupiter.engine.descriptor.TestMethodTestDescriptor.prepare(TestMethodTestDescriptor.java:70)
	at org.junit.platform.engine.support.hierarchical.NodeTestTask.lambda$prepare$0(NodeTestTask.java:144)
	at org.junit.platform.engine.support.hierarchical.ThrowableCollector.execute(ThrowableCollector.java:74)
	at org.junit.platform.engine.support.hierarchical.NodeTestTask.prepare(NodeTestTask.java:144)
	at org.junit.platform.engine.support.hierarchical.NodeTestTask.execute(NodeTestTask.java:110)
	at java.base/java.util.ArrayList.forEach(ArrayList.java:1604)
	at org.junit.platform.engine.support.hierarchical.SameThreadHierarchicalTestExecutorService.invokeAll(SameThreadHierarchicalTestExecutorService.java:42)
	at org.junit.platform.engine.support.hierarchical.NodeTestTask.lambda$executeRecursively$2(NodeTestTask.java:180)
	at org.junit.platform.engine.support.hierarchical.ThrowableCollector.execute(ThrowableCollector.java:74)
	at org.junit.platform.engine.support.hierarchical.NodeTestTask.lambda$executeRecursively$1(NodeTestTask.java:166)
	at org.junit.platform.engine.support.hierarchical.Node.around(Node.java:138)
	at org.junit.platform.engine.support.hierarchical.NodeTestTask.lambda$executeRecursively$0(NodeTestTask.java:164)
	at org.junit.platform.engine.support.hierarchical.ThrowableCollector.execute(ThrowableCollector.java:74)
	at org.junit.platform.engine.support.hierarchical.NodeTestTask.executeRecursively(NodeTestTask.java:163)
	at org.junit.platform.engine.support.hierarchical.NodeTestTask.execute(NodeTestTask.java:116)
	at java.base/java.util.ArrayList.forEach(ArrayList.java:1604)
	at org.junit.platform.engine.support.hierarchical.SameThreadHierarchicalTestExecutorService.invokeAll(SameThreadHierarchicalTestExecutorService.java:42)
	at org.junit.platform.engine.support.hierarchical.NodeTestTask.lambda$executeRecursively$2(NodeTestTask.java:180)
	at org.junit.platform.engine.support.hierarchical.ThrowableCollector.execute(ThrowableCollector.java:74)
	at org.junit.platform.engine.support.hierarchical.NodeTestTask.lambda$executeRecursively$1(NodeTestTask.java:166)
	at org.junit.platform.engine.support.hierarchical.Node.around(Node.java:138)
	at org.junit.platform.engine.support.hierarchical.NodeTestTask.lambda$executeRecursively$0(NodeTestTask.java:164)
	at org.junit.platform.engine.support.hierarchical.ThrowableCollector.execute(ThrowableCollector.java:74)
	at org.junit.platform.engine.support.hierarchical.NodeTestTask.executeRecursively(NodeTestTask.java:163)
	at org.junit.platform.engine.support.hierarchical.NodeTestTask.execute(NodeTestTask.java:116)
	at org.junit.platform.engine.support.hierarchical.SameThreadHierarchicalTestExecutorService.submit(SameThreadHierarchicalTestExecutorService.java:36)
	at org.junit.platform.engine.support.hierarchical.HierarchicalTestExecutor.execute(HierarchicalTestExecutor.java:52)
	at org.junit.platform.engine.support.hierarchical.HierarchicalTestEngine.execute(HierarchicalTestEngine.java:58)
	at org.junit.platform.launcher.core.EngineExecutionOrchestrator.executeEngine(EngineExecutionOrchestrator.java:246)
	at org.junit.platform.launcher.core.EngineExecutionOrchestrator.failOrExecuteEngine(EngineExecutionOrchestrator.java:218)
	at org.junit.platform.launcher.core.EngineExecutionOrchestrator.execute(EngineExecutionOrchestrator.java:179)
	at org.junit.platform.launcher.core.EngineExecutionOrchestrator.execute(EngineExecutionOrchestrator.java:108)
	at org.junit.platform.launcher.core.EngineExecutionOrchestrator.lambda$execute$0(EngineExecutionOrchestrator.java:66)
	at org.junit.platform.launcher.core.EngineExecutionOrchestrator.withInterceptedStreams(EngineExecutionOrchestrator.java:157)
	at org.junit.platform.launcher.core.EngineExecutionOrchestrator.execute(EngineExecutionOrchestrator.java:65)
	at org.junit.platform.launcher.core.DefaultLauncher.execute(DefaultLauncher.java:125)
	at org.junit.platform.launcher.core.DefaultLauncher.execute(DefaultLauncher.java:114)
	at org.junit.platform.launcher.core.DelegatingLauncher.execute(DelegatingLauncher.java:58)
	at org.junit.platform.launcher.core.InterceptingLauncher.lambda$execute$2(InterceptingLauncher.java:57)
	at org.junit.platform.launcher.core.ClasspathAlignmentCheckingLauncherInterceptor.intercept(ClasspathAlignmentCheckingLauncherInterceptor.java:25)
	at org.junit.platform.launcher.core.InterceptingLauncher.execute(InterceptingLauncher.java:56)
	at org.junit.platform.launcher.core.DelegatingLauncher.execute(DelegatingLauncher.java:58)
	at java.base/jdk.internal.reflect.DirectMethodHandleAccessor.invoke(DirectMethodHandleAccessor.java:104)
	at java.base/java.lang.reflect.Method.invoke(Method.java:565)
	at org.apache.maven.surefire.api.util.ReflectionUtils.invokeMethodWithArray(ReflectionUtils.java:125)
	at org.apache.maven.surefire.junitplatform.LauncherAdapter.executeWithCancellationToken(LauncherAdapter.java:68)
	at org.apache.maven.surefire.junitplatform.LauncherAdapter.execute(LauncherAdapter.java:54)
	at org.apache.maven.surefire.junitplatform.JUnitPlatformProvider.execute(JUnitPlatformProvider.java:203)
	at org.apache.maven.surefire.junitplatform.JUnitPlatformProvider.invokeAllTests(JUnitPlatformProvider.java:168)
	at org.apache.maven.surefire.junitplatform.JUnitPlatformProvider.invoke(JUnitPlatformProvider.java:136)
	at org.apache.maven.surefire.booter.ForkedBooter.runSuitesInProcess(ForkedBooter.java:385)
	at org.apache.maven.surefire.booter.ForkedBooter.execute(ForkedBooter.java:162)
	at org.apache.maven.surefire.booter.ForkedBooter.run(ForkedBooter.java:507)
	at org.apache.maven.surefire.booter.ForkedBooter.main(ForkedBooter.java:495)
Caused by: org.springframework.beans.factory.NoSuchBeanDefinitionException: No qualifying bean of type 'com.fasterxml.jackson.databind.ObjectMapper' available: expected at least 1 bean which qualifies as autowire candidate. Dependency annotations: {@org.springframework.beans.factory.annotation.Autowired(required=true)}
	at org.springframework.beans.factory.support.DefaultListableBeanFactory.raiseNoMatchingBeanFound(DefaultListableBeanFactory.java:2304)
	at org.springframework.beans.factory.support.DefaultListableBeanFactory.doResolveDependency(DefaultListableBeanFactory.java:1732)
	at org.springframework.beans.factory.support.DefaultListableBeanFactory.resolveDependency(DefaultListableBeanFactory.java:1658)
	at org.springframework.beans.factory.annotation.AutowiredAnnotationBeanPostProcessor$AutowiredFieldElement.resolveFieldValue(AutowiredAnnotationBeanPostProcessor.java:764)
	... 88 common frames omitted
2026-08-19 22:15:56.213 WARN  [-] [main] o.s.test.context.TestContextManager      : Caught exception while allowing TestExecutionListener [org.springframework.test.context.support.DependencyInjectionTestExecutionListener] to prepare test instance [com.sdd.sdd.usuario.controller.UsuarioControllerTest@71d78cac]
org.springframework.beans.factory.UnsatisfiedDependencyException: Error creating bean with name 'com.sdd.sdd.usuario.controller.UsuarioControllerTest': Unsatisfied dependency expressed through field 'objectMapper': No qualifying bean of type 'com.fasterxml.jackson.databind.ObjectMapper' available: expected at least 1 bean which qualifies as autowire candidate. Dependency annotations: {@org.springframework.beans.factory.annotation.Autowired(required=true)}
	at org.springframework.beans.factory.annotation.AutowiredAnnotationBeanPostProcessor$AutowiredFieldElement.resolveFieldValue(AutowiredAnnotationBeanPostProcessor.java:767)
	at org.springframework.beans.factory.annotation.AutowiredAnnotationBeanPostProcessor$AutowiredFieldElement.inject(AutowiredAnnotationBeanPostProcessor.java:748)
	at org.springframework.beans.factory.annotation.InjectionMetadata.inject(InjectionMetadata.java:146)
	at org.springframework.beans.factory.annotation.AutowiredAnnotationBeanPostProcessor.postProcessProperties(AutowiredAnnotationBeanPostProcessor.java:493)
	at org.springframework.beans.factory.support.AbstractAutowireCapableBeanFactory.populateBean(AbstractAutowireCapableBeanFactory.java:1444)
	at org.springframework.beans.factory.support.AbstractAutowireCapableBeanFactory.autowireBeanProperties(AbstractAutowireCapableBeanFactory.java:402)
	at org.springframework.test.context.support.DependencyInjectionTestExecutionListener.injectDependencies(DependencyInjectionTestExecutionListener.java:157)
	at org.springframework.test.context.support.DependencyInjectionTestExecutionListener.prepareTestInstance(DependencyInjectionTestExecutionListener.java:111)
	at org.springframework.test.context.TestContextManager.prepareTestInstance(TestContextManager.java:260)
	at org.springframework.test.context.junit.jupiter.SpringExtension.postProcessTestInstance(SpringExtension.java:242)
	at org.junit.jupiter.engine.descriptor.ClassBasedTestDescriptor.lambda$invokeTestInstancePostProcessors$1(ClassBasedTestDescriptor.java:423)
	at org.junit.jupiter.engine.descriptor.ClassBasedTestDescriptor.executeAndMaskThrowable(ClassBasedTestDescriptor.java:428)
	at org.junit.jupiter.engine.descriptor.ClassBasedTestDescriptor.lambda$invokeTestInstancePostProcessors$0(ClassBasedTestDescriptor.java:422)
	at java.base/java.util.stream.ForEachOps$ForEachOp$OfRef.accept(ForEachOps.java:186)
	at java.base/java.util.stream.ReferencePipeline$3$1.accept(ReferencePipeline.java:214)
	at java.base/java.util.stream.ReferencePipeline$2$1.accept(ReferencePipeline.java:197)
	at java.base/java.util.stream.ReferencePipeline$3$1.accept(ReferencePipeline.java:214)
	at java.base/java.util.ArrayList$ArrayListSpliterator.forEachRemaining(ArrayList.java:1716)
	at java.base/java.util.stream.AbstractPipeline.copyInto(AbstractPipeline.java:570)
	at java.base/java.util.stream.AbstractPipeline.wrapAndCopyInto(AbstractPipeline.java:560)
	at java.base/java.util.stream.ForEachOps$ForEachOp.evaluateSequential(ForEachOps.java:153)
	at java.base/java.util.stream.ForEachOps$ForEachOp$OfRef.evaluateSequential(ForEachOps.java:176)
	at java.base/java.util.stream.AbstractPipeline.evaluate(AbstractPipeline.java:265)
	at java.base/java.util.stream.ReferencePipeline.forEach(ReferencePipeline.java:632)
	at org.junit.jupiter.engine.descriptor.ClassBasedTestDescriptor.invokeTestInstancePostProcessors(ClassBasedTestDescriptor.java:422)
	at org.junit.jupiter.engine.descriptor.ClassBasedTestDescriptor.lambda$instantiateAndPostProcessTestInstance$0(ClassBasedTestDescriptor.java:334)
	at org.junit.platform.engine.support.hierarchical.ThrowableCollector.execute(ThrowableCollector.java:74)
	at org.junit.jupiter.engine.descriptor.ClassBasedTestDescriptor.instantiateAndPostProcessTestInstance(ClassBasedTestDescriptor.java:333)
	at org.junit.jupiter.engine.descriptor.ClassBasedTestDescriptor.lambda$testInstancesProvider$1(ClassBasedTestDescriptor.java:322)
	at java.base/java.util.Optional.orElseGet(Optional.java:364)
	at org.junit.jupiter.engine.descriptor.ClassBasedTestDescriptor.lambda$testInstancesProvider$0(ClassBasedTestDescriptor.java:321)
	at org.junit.jupiter.engine.execution.TestInstancesProvider.getTestInstances(TestInstancesProvider.java:27)
	at org.junit.jupiter.engine.descriptor.TestMethodTestDescriptor.lambda$prepare$0(TestMethodTestDescriptor.java:127)
	at org.junit.platform.engine.support.hierarchical.ThrowableCollector.execute(ThrowableCollector.java:74)
	at org.junit.jupiter.engine.descriptor.TestMethodTestDescriptor.prepare(TestMethodTestDescriptor.java:126)
	at org.junit.jupiter.engine.descriptor.TestMethodTestDescriptor.prepare(TestMethodTestDescriptor.java:70)
	at org.junit.platform.engine.support.hierarchical.NodeTestTask.lambda$prepare$0(NodeTestTask.java:144)
	at org.junit.platform.engine.support.hierarchical.ThrowableCollector.execute(ThrowableCollector.java:74)
	at org.junit.platform.engine.support.hierarchical.NodeTestTask.prepare(NodeTestTask.java:144)
	at org.junit.platform.engine.support.hierarchical.NodeTestTask.execute(NodeTestTask.java:110)
	at java.base/java.util.ArrayList.forEach(ArrayList.java:1604)
	at org.junit.platform.engine.support.hierarchical.SameThreadHierarchicalTestExecutorService.invokeAll(SameThreadHierarchicalTestExecutorService.java:42)
	at org.junit.platform.engine.support.hierarchical.NodeTestTask.lambda$executeRecursively$2(NodeTestTask.java:180)
	at org.junit.platform.engine.support.hierarchical.ThrowableCollector.execute(ThrowableCollector.java:74)
	at org.junit.platform.engine.support.hierarchical.NodeTestTask.lambda$executeRecursively$1(NodeTestTask.java:166)
	at org.junit.platform.engine.support.hierarchical.Node.around(Node.java:138)
	at org.junit.platform.engine.support.hierarchical.NodeTestTask.lambda$executeRecursively$0(NodeTestTask.java:164)
	at org.junit.platform.engine.support.hierarchical.ThrowableCollector.execute(ThrowableCollector.java:74)
	at org.junit.platform.engine.support.hierarchical.NodeTestTask.executeRecursively(NodeTestTask.java:163)
	at org.junit.platform.engine.support.hierarchical.NodeTestTask.execute(NodeTestTask.java:116)
	at java.base/java.util.ArrayList.forEach(ArrayList.java:1604)
	at org.junit.platform.engine.support.hierarchical.SameThreadHierarchicalTestExecutorService.invokeAll(SameThreadHierarchicalTestExecutorService.java:42)
	at org.junit.platform.engine.support.hierarchical.NodeTestTask.lambda$executeRecursively$2(NodeTestTask.java:180)
	at org.junit.platform.engine.support.hierarchical.ThrowableCollector.execute(ThrowableCollector.java:74)
	at org.junit.platform.engine.support.hierarchical.NodeTestTask.lambda$executeRecursively$1(NodeTestTask.java:166)
	at org.junit.platform.engine.support.hierarchical.Node.around(Node.java:138)
	at org.junit.platform.engine.support.hierarchical.NodeTestTask.lambda$executeRecursively$0(NodeTestTask.java:164)
	at org.junit.platform.engine.support.hierarchical.ThrowableCollector.execute(ThrowableCollector.java:74)
	at org.junit.platform.engine.support.hierarchical.NodeTestTask.executeRecursively(NodeTestTask.java:163)
	at org.junit.platform.engine.support.hierarchical.NodeTestTask.execute(NodeTestTask.java:116)
	at org.junit.platform.engine.support.hierarchical.SameThreadHierarchicalTestExecutorService.submit(SameThreadHierarchicalTestExecutorService.java:36)
	at org.junit.platform.engine.support.hierarchical.HierarchicalTestExecutor.execute(HierarchicalTestExecutor.java:52)
	at org.junit.platform.engine.support.hierarchical.HierarchicalTestEngine.execute(HierarchicalTestEngine.java:58)
	at org.junit.platform.launcher.core.EngineExecutionOrchestrator.executeEngine(EngineExecutionOrchestrator.java:246)
	at org.junit.platform.launcher.core.EngineExecutionOrchestrator.failOrExecuteEngine(EngineExecutionOrchestrator.java:218)
	at org.junit.platform.launcher.core.EngineExecutionOrchestrator.execute(EngineExecutionOrchestrator.java:179)
	at org.junit.platform.launcher.core.EngineExecutionOrchestrator.execute(EngineExecutionOrchestrator.java:108)
	at org.junit.platform.launcher.core.EngineExecutionOrchestrator.lambda$execute$0(EngineExecutionOrchestrator.java:66)
	at org.junit.platform.launcher.core.EngineExecutionOrchestrator.withInterceptedStreams(EngineExecutionOrchestrator.java:157)
	at org.junit.platform.launcher.core.EngineExecutionOrchestrator.execute(EngineExecutionOrchestrator.java:65)
	at org.junit.platform.launcher.core.DefaultLauncher.execute(DefaultLauncher.java:125)
	at org.junit.platform.launcher.core.DefaultLauncher.execute(DefaultLauncher.java:114)
	at org.junit.platform.launcher.core.DelegatingLauncher.execute(DelegatingLauncher.java:58)
	at org.junit.platform.launcher.core.InterceptingLauncher.lambda$execute$2(InterceptingLauncher.java:57)
	at org.junit.platform.launcher.core.ClasspathAlignmentCheckingLauncherInterceptor.intercept(ClasspathAlignmentCheckingLauncherInterceptor.java:25)
	at org.junit.platform.launcher.core.InterceptingLauncher.execute(InterceptingLauncher.java:56)
	at org.junit.platform.launcher.core.DelegatingLauncher.execute(DelegatingLauncher.java:58)
	at java.base/jdk.internal.reflect.DirectMethodHandleAccessor.invoke(DirectMethodHandleAccessor.java:104)
	at java.base/java.lang.reflect.Method.invoke(Method.java:565)
	at org.apache.maven.surefire.api.util.ReflectionUtils.invokeMethodWithArray(ReflectionUtils.java:125)
	at org.apache.maven.surefire.junitplatform.LauncherAdapter.executeWithCancellationToken(LauncherAdapter.java:68)
	at org.apache.maven.surefire.junitplatform.LauncherAdapter.execute(LauncherAdapter.java:54)
	at org.apache.maven.surefire.junitplatform.JUnitPlatformProvider.execute(JUnitPlatformProvider.java:203)
	at org.apache.maven.surefire.junitplatform.JUnitPlatformProvider.invokeAllTests(JUnitPlatformProvider.java:168)
	at org.apache.maven.surefire.junitplatform.JUnitPlatformProvider.invoke(JUnitPlatformProvider.java:136)
	at org.apache.maven.surefire.booter.ForkedBooter.runSuitesInProcess(ForkedBooter.java:385)
	at org.apache.maven.surefire.booter.ForkedBooter.execute(ForkedBooter.java:162)
	at org.apache.maven.surefire.booter.ForkedBooter.run(ForkedBooter.java:507)
	at org.apache.maven.surefire.booter.ForkedBooter.main(ForkedBooter.java:495)
Caused by: org.springframework.beans.factory.NoSuchBeanDefinitionException: No qualifying bean of type 'com.fasterxml.jackson.databind.ObjectMapper' available: expected at least 1 bean which qualifies as autowire candidate. Dependency annotations: {@org.springframework.beans.factory.annotation.Autowired(required=true)}
	at org.springframework.beans.factory.support.DefaultListableBeanFactory.raiseNoMatchingBeanFound(DefaultListableBeanFactory.java:2304)
	at org.springframework.beans.factory.support.DefaultListableBeanFactory.doResolveDependency(DefaultListableBeanFactory.java:1732)
	at org.springframework.beans.factory.support.DefaultListableBeanFactory.resolveDependency(DefaultListableBeanFactory.java:1658)
	at org.springframework.beans.factory.annotation.AutowiredAnnotationBeanPostProcessor$AutowiredFieldElement.resolveFieldValue(AutowiredAnnotationBeanPostProcessor.java:764)
	... 88 common frames omitted
2026-08-19 22:15:56.478 WARN  [-] [main] c.s.s.u.service.UsuarioServiceImpl       : Intento de registro con email duplicado: email=juan@example.com
2026-08-19 22:15:56.507 INFO  [-] [main] c.s.s.u.service.UsuarioServiceImpl       : Usuario desactivado (eliminacion logica) id=1
2026-08-19 22:15:56.517 WARN  [-] [main] c.s.s.u.service.UsuarioServiceImpl       : Intento de eliminacion de usuario inexistente id=99
2026-08-19 22:15:56.524 WARN  [-] [main] c.s.s.u.service.UsuarioServiceImpl       : Usuario no encontrado username=noexiste
2026-08-19 22:15:56.536 WARN  [-] [main] c.s.s.u.service.UsuarioServiceImpl       : Usuario no encontrado id=99
2026-08-19 22:15:56.540 WARN  [-] [main] c.s.s.u.service.UsuarioServiceImpl       : Intento de actualizacion de usuario inexistente id=99
2026-08-19 22:15:56.548 INFO  [-] [main] c.s.s.u.service.UsuarioServiceImpl       : Usuario actualizado correctamente id=1
2026-08-19 22:15:56.554 WARN  [-] [main] c.s.s.u.service.UsuarioServiceImpl       : Intento de actualizacion con email duplicado id=1 email=juan.nuevo@example.com
2026-08-19 22:15:56.557 WARN  [-] [main] c.s.s.u.service.UsuarioServiceImpl       : Intento de registro con username duplicado: username=jperez
2026-08-19 22:15:56.562 INFO  [-] [main] c.s.s.u.service.UsuarioServiceImpl       : Usuario creado correctamente id=1 username=jperez
2026-08-19 22:17:32.988 INFO  [-] [background-preinit] o.h.validator.internal.util.Version      : HV000001: Hibernate Validator 9.1.0.Final
2026-08-19 22:17:33.018 INFO  [-] [main] c.s.s.c.logging.CorrelationIdFilterTest  : Starting CorrelationIdFilterTest using Java 25.0.4 with PID 31704 (started by RYZEN 7 2026 in D:\SDD-MOD4)
2026-08-19 22:17:33.018 INFO  [-] [main] c.s.s.c.logging.CorrelationIdFilterTest  : No active profile set, falling back to 1 default profile: "default"
2026-08-19 22:17:34.748 INFO  [-] [main] o.s.b.t.m.w.SpringBootMockServletContext : Initializing Spring TestDispatcherServlet ''
2026-08-19 22:17:34.748 INFO  [-] [main] o.s.t.web.servlet.TestDispatcherServlet  : Initializing Servlet ''
2026-08-19 22:17:34.750 INFO  [-] [main] o.s.t.web.servlet.TestDispatcherServlet  : Completed initialization in 0 ms
2026-08-19 22:17:34.770 INFO  [-] [main] c.s.s.c.logging.CorrelationIdFilterTest  : Started CorrelationIdFilterTest in 2.134 seconds (process running for 3.011)
2026-08-19 22:17:34.830 INFO  [test-correlation-abc-123] [main] c.s.s.common.logging.HttpLoggingFilter   : HTTP GET /api/usuarios - iniciando
2026-08-19 22:17:34.906 INFO  [test-correlation-abc-123] [main] c.s.s.common.logging.HttpLoggingFilter   : HTTP GET /api/usuarios - completado status=200 duration=76ms
2026-08-19 22:17:34.975 INFO  [bab6d5e3-f2f5-49d4-ae23-c7083762e910] [main] c.s.s.common.logging.HttpLoggingFilter   : HTTP GET /api/usuarios - iniciando
2026-08-19 22:17:34.977 INFO  [bab6d5e3-f2f5-49d4-ae23-c7083762e910] [main] c.s.s.common.logging.HttpLoggingFilter   : HTTP GET /api/usuarios - completado status=200 duration=2ms
2026-08-19 22:17:34.979 INFO  [00a0ab3f-5839-495a-9246-b8eeed4fac56] [main] c.s.s.common.logging.HttpLoggingFilter   : HTTP GET /api/usuarios - iniciando
2026-08-19 22:17:34.982 INFO  [00a0ab3f-5839-495a-9246-b8eeed4fac56] [main] c.s.s.common.logging.HttpLoggingFilter   : HTTP GET /api/usuarios - completado status=200 duration=3ms
2026-08-19 22:17:34.990 INFO  [25b31608-d7ed-4eb1-a611-65e0b2f752c4] [main] c.s.s.common.logging.HttpLoggingFilter   : HTTP GET /api/usuarios - iniciando
2026-08-19 22:17:34.993 INFO  [25b31608-d7ed-4eb1-a611-65e0b2f752c4] [main] c.s.s.common.logging.HttpLoggingFilter   : HTTP GET /api/usuarios - completado status=200 duration=3ms
2026-08-19 22:17:35.003 INFO  [c5c13c36-2c50-4ff7-875c-879c55a7ec79] [main] c.s.s.common.logging.HttpLoggingFilter   : HTTP GET /api/usuarios - iniciando
2026-08-19 22:17:35.005 INFO  [c5c13c36-2c50-4ff7-875c-879c55a7ec79] [main] c.s.s.common.logging.HttpLoggingFilter   : HTTP GET /api/usuarios - completado status=200 duration=2ms
2026-08-19 22:17:35.049 INFO  [-] [main] .b.t.c.SpringBootTestContextBootstrapper : Found @SpringBootConfiguration com.sdd.sdd.SddApplication for test class com.sdd.sdd.usuario.controller.UsuarioControllerTest
2026-08-19 22:17:35.060 INFO  [-] [main] .b.t.c.SpringBootTestContextBootstrapper : Found @SpringBootConfiguration com.sdd.sdd.SddApplication for test class com.sdd.sdd.usuario.controller.UsuarioControllerTest
2026-08-19 22:17:35.125 INFO  [-] [main] c.s.s.u.c.UsuarioControllerTest          : Starting UsuarioControllerTest using Java 25.0.4 with PID 31704 (started by RYZEN 7 2026 in D:\SDD-MOD4)
2026-08-19 22:17:35.126 INFO  [-] [main] c.s.s.u.c.UsuarioControllerTest          : No active profile set, falling back to 1 default profile: "default"
2026-08-19 22:17:35.472 INFO  [-] [main] o.s.b.t.m.w.SpringBootMockServletContext : Initializing Spring TestDispatcherServlet ''
2026-08-19 22:17:35.472 INFO  [-] [main] o.s.t.web.servlet.TestDispatcherServlet  : Initializing Servlet ''
2026-08-19 22:17:35.472 INFO  [-] [main] o.s.t.web.servlet.TestDispatcherServlet  : Completed initialization in 0 ms
2026-08-19 22:17:35.479 INFO  [-] [main] c.s.s.u.c.UsuarioControllerTest          : Started UsuarioControllerTest in 0.406 seconds (process running for 3.719)
2026-08-19 22:17:35.493 INFO  [c6ddbbda-d127-4437-9ffb-b1237250424d] [main] c.s.s.common.logging.HttpLoggingFilter   : HTTP GET /api/usuarios/99 - iniciando
2026-08-19 22:17:35.499 WARN  [c6ddbbda-d127-4437-9ffb-b1237250424d] [main] c.s.s.c.e.GlobalExceptionHandler         : Recurso no encontrado uri=/api/usuarios/99 mensaje=Usuario con id 99 no encontrado.
2026-08-19 22:17:35.503 WARN  [c6ddbbda-d127-4437-9ffb-b1237250424d] [main] c.s.s.common.logging.HttpLoggingFilter   : HTTP GET /api/usuarios/99 - completado status=404 duration=10ms
2026-08-19 22:17:35.536 INFO  [4119a640-93e2-44f3-ab61-54069c8de154] [main] c.s.s.common.logging.HttpLoggingFilter   : HTTP GET /api/usuarios/1 - iniciando
2026-08-19 22:17:35.539 INFO  [4119a640-93e2-44f3-ab61-54069c8de154] [main] c.s.s.common.logging.HttpLoggingFilter   : HTTP GET /api/usuarios/1 - completado status=200 duration=3ms
2026-08-19 22:17:35.576 INFO  [d9fde7a7-423b-49e5-9888-727d3bf231e1] [main] c.s.s.common.logging.HttpLoggingFilter   : HTTP POST /api/usuarios - iniciando
2026-08-19 22:17:35.687 WARN  [d9fde7a7-423b-49e5-9888-727d3bf231e1] [main] c.s.s.c.e.GlobalExceptionHandler         : Validacion fallida uri=/api/usuarios campos=[username: size must be between 3 and 50, email: must not be blank, username: must match "^[a-zA-Z0-9_-]{3,50}$", password: must not be blank, apellidos: must not be blank, username: must not be blank, nombres: must not be blank]
2026-08-19 22:17:35.691 WARN  [d9fde7a7-423b-49e5-9888-727d3bf231e1] [main] c.s.s.common.logging.HttpLoggingFilter   : HTTP POST /api/usuarios - completado status=400 duration=115ms
2026-08-19 22:17:35.700 INFO  [0a432d61-89a4-44b5-a309-4205b15dbe42] [main] c.s.s.common.logging.HttpLoggingFilter   : HTTP GET /api/usuarios/username/fantasma - iniciando
2026-08-19 22:17:35.705 WARN  [0a432d61-89a4-44b5-a309-4205b15dbe42] [main] c.s.s.c.e.GlobalExceptionHandler         : Recurso no encontrado uri=/api/usuarios/username/fantasma mensaje=Usuario 'fantasma' no encontrado.
2026-08-19 22:17:35.706 WARN  [0a432d61-89a4-44b5-a309-4205b15dbe42] [main] c.s.s.common.logging.HttpLoggingFilter   : HTTP GET /api/usuarios/username/fantasma - completado status=404 duration=6ms
2026-08-19 22:17:35.718 INFO  [74353c6c-84b0-4b52-97a3-9048b3cf3fbc] [main] c.s.s.common.logging.HttpLoggingFilter   : HTTP PUT /api/usuarios/99 - iniciando
2026-08-19 22:17:35.737 INFO  [74353c6c-84b0-4b52-97a3-9048b3cf3fbc] [main] c.s.s.u.controller.UsuarioController     : Actualizando usuario id=99
2026-08-19 22:17:35.738 WARN  [74353c6c-84b0-4b52-97a3-9048b3cf3fbc] [main] c.s.s.c.e.GlobalExceptionHandler         : Recurso no encontrado uri=/api/usuarios/99 mensaje=Usuario con id 99 no encontrado.
2026-08-19 22:17:35.739 WARN  [74353c6c-84b0-4b52-97a3-9048b3cf3fbc] [main] c.s.s.common.logging.HttpLoggingFilter   : HTTP PUT /api/usuarios/99 - completado status=404 duration=21ms
2026-08-19 22:17:35.746 INFO  [d3b8a1e6-4989-4354-b406-5e3365dacf7e] [main] c.s.s.common.logging.HttpLoggingFilter   : HTTP POST /api/usuarios - iniciando
2026-08-19 22:17:35.748 WARN  [d3b8a1e6-4989-4354-b406-5e3365dacf7e] [main] c.s.s.c.e.GlobalExceptionHandler         : Validacion fallida uri=/api/usuarios campos=[password: must not be blank]
2026-08-19 22:17:35.748 WARN  [d3b8a1e6-4989-4354-b406-5e3365dacf7e] [main] c.s.s.common.logging.HttpLoggingFilter   : HTTP POST /api/usuarios - completado status=400 duration=2ms
2026-08-19 22:17:35.758 INFO  [0c56220d-7fa1-45b2-baa3-f058d75adb1d] [main] c.s.s.common.logging.HttpLoggingFilter   : HTTP PUT /api/usuarios/1 - iniciando
2026-08-19 22:17:35.760 INFO  [0c56220d-7fa1-45b2-baa3-f058d75adb1d] [main] c.s.s.u.controller.UsuarioController     : Actualizando usuario id=1
2026-08-19 22:17:35.760 WARN  [0c56220d-7fa1-45b2-baa3-f058d75adb1d] [main] c.s.s.c.e.GlobalExceptionHandler         : Conflicto de datos uri=/api/usuarios/1 mensaje=El email 'nuevo@example.com' ya esta en uso.
2026-08-19 22:17:35.761 WARN  [0c56220d-7fa1-45b2-baa3-f058d75adb1d] [main] c.s.s.common.logging.HttpLoggingFilter   : HTTP PUT /api/usuarios/1 - completado status=409 duration=3ms
2026-08-19 22:17:35.767 INFO  [afe77ad0-46d0-461b-805e-21e366e76f94] [main] c.s.s.common.logging.HttpLoggingFilter   : HTTP PUT /api/usuarios/1 - iniciando
2026-08-19 22:17:35.768 INFO  [afe77ad0-46d0-461b-805e-21e366e76f94] [main] c.s.s.u.controller.UsuarioController     : Actualizando usuario id=1
2026-08-19 22:17:35.768 INFO  [afe77ad0-46d0-461b-805e-21e366e76f94] [main] c.s.s.u.controller.UsuarioController     : Usuario actualizado exitosamente id=1
2026-08-19 22:17:35.769 INFO  [afe77ad0-46d0-461b-805e-21e366e76f94] [main] c.s.s.common.logging.HttpLoggingFilter   : HTTP PUT /api/usuarios/1 - completado status=200 duration=2ms
2026-08-19 22:17:35.777 INFO  [46a4a1ae-7648-4ec8-b433-212111987b69] [main] c.s.s.common.logging.HttpLoggingFilter   : HTTP GET /api/usuarios - iniciando
2026-08-19 22:17:35.782 INFO  [46a4a1ae-7648-4ec8-b433-212111987b69] [main] c.s.s.common.logging.HttpLoggingFilter   : HTTP GET /api/usuarios - completado status=200 duration=5ms
2026-08-19 22:17:35.789 INFO  [701a3554-47e4-4552-abc3-55514d642342] [main] c.s.s.common.logging.HttpLoggingFilter   : HTTP POST /api/usuarios - iniciando
2026-08-19 22:17:35.791 WARN  [701a3554-47e4-4552-abc3-55514d642342] [main] c.s.s.c.e.GlobalExceptionHandler         : Validacion fallida uri=/api/usuarios campos=[password: must not be blank]
2026-08-19 22:17:35.792 WARN  [701a3554-47e4-4552-abc3-55514d642342] [main] c.s.s.common.logging.HttpLoggingFilter   : HTTP POST /api/usuarios - completado status=400 duration=3ms
2026-08-19 22:17:35.801 INFO  [946f23ed-1fcc-434c-a508-bf158e78fd6e] [main] c.s.s.common.logging.HttpLoggingFilter   : HTTP POST /api/usuarios - iniciando
2026-08-19 22:17:35.803 WARN  [946f23ed-1fcc-434c-a508-bf158e78fd6e] [main] c.s.s.c.e.GlobalExceptionHandler         : Validacion fallida uri=/api/usuarios campos=[password: must not be blank]
2026-08-19 22:17:35.804 WARN  [946f23ed-1fcc-434c-a508-bf158e78fd6e] [main] c.s.s.common.logging.HttpLoggingFilter   : HTTP POST /api/usuarios - completado status=400 duration=3ms
2026-08-19 22:17:35.813 INFO  [d913cfa1-fd88-4e82-9a85-3679657f3763] [main] c.s.s.common.logging.HttpLoggingFilter   : HTTP POST /api/usuarios - iniciando
2026-08-19 22:17:35.815 WARN  [d913cfa1-fd88-4e82-9a85-3679657f3763] [main] c.s.s.c.e.GlobalExceptionHandler         : Validacion fallida uri=/api/usuarios campos=[email: must be a well-formed email address, password: must not be blank]
2026-08-19 22:17:35.816 WARN  [d913cfa1-fd88-4e82-9a85-3679657f3763] [main] c.s.s.common.logging.HttpLoggingFilter   : HTTP POST /api/usuarios - completado status=400 duration=3ms
2026-08-19 22:17:35.824 INFO  [07248b9f-fc26-4879-8c2c-6b38e4230e05] [main] c.s.s.common.logging.HttpLoggingFilter   : HTTP DELETE /api/usuarios/99 - iniciando
2026-08-19 22:17:35.824 INFO  [07248b9f-fc26-4879-8c2c-6b38e4230e05] [main] c.s.s.u.controller.UsuarioController     : Eliminacion logica solicitada id=99
2026-08-19 22:17:35.826 WARN  [07248b9f-fc26-4879-8c2c-6b38e4230e05] [main] c.s.s.c.e.GlobalExceptionHandler         : Recurso no encontrado uri=/api/usuarios/99 mensaje=Usuario con id 99 no encontrado.
2026-08-19 22:17:35.827 WARN  [07248b9f-fc26-4879-8c2c-6b38e4230e05] [main] c.s.s.common.logging.HttpLoggingFilter   : HTTP DELETE /api/usuarios/99 - completado status=404 duration=3ms
2026-08-19 22:17:35.835 INFO  [00959fec-2b99-4420-a118-b59309d5fc6f] [main] c.s.s.common.logging.HttpLoggingFilter   : HTTP GET /api/usuarios/username/jperez - iniciando
2026-08-19 22:17:35.836 INFO  [00959fec-2b99-4420-a118-b59309d5fc6f] [main] c.s.s.common.logging.HttpLoggingFilter   : HTTP GET /api/usuarios/username/jperez - completado status=200 duration=1ms
2026-08-19 22:17:35.842 INFO  [f2329f33-f7b5-4ba3-84ff-3905a8a6c058] [main] c.s.s.common.logging.HttpLoggingFilter   : HTTP DELETE /api/usuarios/1 - iniciando
2026-08-19 22:17:35.844 INFO  [f2329f33-f7b5-4ba3-84ff-3905a8a6c058] [main] c.s.s.u.controller.UsuarioController     : Eliminacion logica solicitada id=1
2026-08-19 22:17:35.844 INFO  [f2329f33-f7b5-4ba3-84ff-3905a8a6c058] [main] c.s.s.u.controller.UsuarioController     : Usuario desactivado exitosamente id=1
2026-08-19 22:17:35.845 INFO  [f2329f33-f7b5-4ba3-84ff-3905a8a6c058] [main] c.s.s.common.logging.HttpLoggingFilter   : HTTP DELETE /api/usuarios/1 - completado status=204 duration=3ms
2026-08-19 22:17:35.850 INFO  [95e52771-e595-4ee5-977d-112f8d0c73d3] [main] c.s.s.common.logging.HttpLoggingFilter   : HTTP GET /api/usuarios - iniciando
2026-08-19 22:17:35.853 INFO  [95e52771-e595-4ee5-977d-112f8d0c73d3] [main] c.s.s.common.logging.HttpLoggingFilter   : HTTP GET /api/usuarios - completado status=200 duration=3ms
2026-08-19 22:17:36.072 WARN  [-] [main] c.s.s.u.service.UsuarioServiceImpl       : Intento de registro con email duplicado: email=juan@example.com
2026-08-19 22:17:36.096 INFO  [-] [main] c.s.s.u.service.UsuarioServiceImpl       : Usuario desactivado (eliminacion logica) id=1
2026-08-19 22:17:36.105 WARN  [-] [main] c.s.s.u.service.UsuarioServiceImpl       : Intento de eliminacion de usuario inexistente id=99
2026-08-19 22:17:36.111 WARN  [-] [main] c.s.s.u.service.UsuarioServiceImpl       : Usuario no encontrado username=noexiste
2026-08-19 22:17:36.120 WARN  [-] [main] c.s.s.u.service.UsuarioServiceImpl       : Usuario no encontrado id=99
2026-08-19 22:17:36.124 WARN  [-] [main] c.s.s.u.service.UsuarioServiceImpl       : Intento de actualizacion de usuario inexistente id=99
2026-08-19 22:17:36.132 INFO  [-] [main] c.s.s.u.service.UsuarioServiceImpl       : Usuario actualizado correctamente id=1
2026-08-19 22:17:36.136 WARN  [-] [main] c.s.s.u.service.UsuarioServiceImpl       : Intento de actualizacion con email duplicado id=1 email=juan.nuevo@example.com
2026-08-19 22:17:36.140 WARN  [-] [main] c.s.s.u.service.UsuarioServiceImpl       : Intento de registro con username duplicado: username=jperez
2026-08-19 22:17:36.144 INFO  [-] [main] c.s.s.u.service.UsuarioServiceImpl       : Usuario creado correctamente id=1 username=jperez
2026-08-19 22:17:50.184 INFO  [-] [background-preinit] o.h.validator.internal.util.Version      : HV000001: Hibernate Validator 9.1.0.Final
2026-08-19 22:17:50.215 INFO  [-] [main] c.s.s.u.c.UsuarioControllerTest          : Starting UsuarioControllerTest using Java 25.0.4 with PID 29628 (started by RYZEN 7 2026 in D:\SDD-MOD4)
2026-08-19 22:17:50.216 INFO  [-] [main] c.s.s.u.c.UsuarioControllerTest          : No active profile set, falling back to 1 default profile: "default"
2026-08-19 22:17:52.048 INFO  [-] [main] o.s.b.t.m.w.SpringBootMockServletContext : Initializing Spring TestDispatcherServlet ''
2026-08-19 22:17:52.049 INFO  [-] [main] o.s.t.web.servlet.TestDispatcherServlet  : Initializing Servlet ''
2026-08-19 22:17:52.050 INFO  [-] [main] o.s.t.web.servlet.TestDispatcherServlet  : Completed initialization in 1 ms
2026-08-19 22:17:52.074 INFO  [-] [main] c.s.s.u.c.UsuarioControllerTest          : Started UsuarioControllerTest in 2.234 seconds (process running for 3.104)
2026-08-19 22:17:52.163 INFO  [d1b5bbdf-be1b-4a42-a0f2-6d2c9d83faa0] [main] c.s.s.common.logging.HttpLoggingFilter   : HTTP POST /api/usuarios - iniciando
2026-08-19 22:17:52.308 WARN  [d1b5bbdf-be1b-4a42-a0f2-6d2c9d83faa0] [main] c.s.s.c.e.GlobalExceptionHandler         : Validacion fallida uri=/api/usuarios campos=[password: must not be blank]
2026-08-19 22:17:52.333 WARN  [d1b5bbdf-be1b-4a42-a0f2-6d2c9d83faa0] [main] c.s.s.common.logging.HttpLoggingFilter   : HTTP POST /api/usuarios - completado status=400 duration=170ms
2026-08-19 22:18:55.967 INFO  [-] [background-preinit] o.h.validator.internal.util.Version      : HV000001: Hibernate Validator 9.1.0.Final
2026-08-19 22:18:56.000 INFO  [-] [main] c.s.s.c.logging.CorrelationIdFilterTest  : Starting CorrelationIdFilterTest using Java 25.0.4 with PID 37144 (started by RYZEN 7 2026 in D:\SDD-MOD4)
2026-08-19 22:18:56.001 INFO  [-] [main] c.s.s.c.logging.CorrelationIdFilterTest  : No active profile set, falling back to 1 default profile: "default"
2026-08-19 22:18:57.789 INFO  [-] [main] o.s.b.t.m.w.SpringBootMockServletContext : Initializing Spring TestDispatcherServlet ''
2026-08-19 22:18:57.789 INFO  [-] [main] o.s.t.web.servlet.TestDispatcherServlet  : Initializing Servlet ''
2026-08-19 22:18:57.792 INFO  [-] [main] o.s.t.web.servlet.TestDispatcherServlet  : Completed initialization in 3 ms
2026-08-19 22:18:57.813 INFO  [-] [main] c.s.s.c.logging.CorrelationIdFilterTest  : Started CorrelationIdFilterTest in 2.194 seconds (process running for 3.06)
2026-08-19 22:18:57.868 INFO  [test-correlation-abc-123] [main] c.s.s.common.logging.HttpLoggingFilter   : HTTP GET /api/usuarios - iniciando
2026-08-19 22:18:57.945 INFO  [test-correlation-abc-123] [main] c.s.s.common.logging.HttpLoggingFilter   : HTTP GET /api/usuarios - completado status=200 duration=77ms
2026-08-19 22:18:58.011 INFO  [362f66d6-528c-412a-ad1e-dbdc4daacb15] [main] c.s.s.common.logging.HttpLoggingFilter   : HTTP GET /api/usuarios - iniciando
2026-08-19 22:18:58.014 INFO  [362f66d6-528c-412a-ad1e-dbdc4daacb15] [main] c.s.s.common.logging.HttpLoggingFilter   : HTTP GET /api/usuarios - completado status=200 duration=3ms
2026-08-19 22:18:58.015 INFO  [25bb30b8-b764-4722-9175-b1605575e2b1] [main] c.s.s.common.logging.HttpLoggingFilter   : HTTP GET /api/usuarios - iniciando
2026-08-19 22:18:58.018 INFO  [25bb30b8-b764-4722-9175-b1605575e2b1] [main] c.s.s.common.logging.HttpLoggingFilter   : HTTP GET /api/usuarios - completado status=200 duration=3ms
2026-08-19 22:18:58.028 INFO  [70fc2c9e-4a53-4774-ba1e-aa8b0b5eb1dd] [main] c.s.s.common.logging.HttpLoggingFilter   : HTTP GET /api/usuarios - iniciando
2026-08-19 22:18:58.031 INFO  [70fc2c9e-4a53-4774-ba1e-aa8b0b5eb1dd] [main] c.s.s.common.logging.HttpLoggingFilter   : HTTP GET /api/usuarios - completado status=200 duration=3ms
2026-08-19 22:18:58.042 INFO  [694ae51e-7b35-4efe-aa77-aaf5a50b0ed3] [main] c.s.s.common.logging.HttpLoggingFilter   : HTTP GET /api/usuarios - iniciando
2026-08-19 22:18:58.043 INFO  [694ae51e-7b35-4efe-aa77-aaf5a50b0ed3] [main] c.s.s.common.logging.HttpLoggingFilter   : HTTP GET /api/usuarios - completado status=200 duration=1ms
2026-08-19 22:18:58.081 INFO  [-] [main] .b.t.c.SpringBootTestContextBootstrapper : Found @SpringBootConfiguration com.sdd.sdd.SddApplication for test class com.sdd.sdd.usuario.controller.UsuarioControllerTest
2026-08-19 22:18:58.091 INFO  [-] [main] .b.t.c.SpringBootTestContextBootstrapper : Found @SpringBootConfiguration com.sdd.sdd.SddApplication for test class com.sdd.sdd.usuario.controller.UsuarioControllerTest
2026-08-19 22:18:58.148 INFO  [-] [main] c.s.s.u.c.UsuarioControllerTest          : Starting UsuarioControllerTest using Java 25.0.4 with PID 37144 (started by RYZEN 7 2026 in D:\SDD-MOD4)
2026-08-19 22:18:58.148 INFO  [-] [main] c.s.s.u.c.UsuarioControllerTest          : No active profile set, falling back to 1 default profile: "default"
2026-08-19 22:18:58.459 INFO  [-] [main] o.s.b.t.m.w.SpringBootMockServletContext : Initializing Spring TestDispatcherServlet ''
2026-08-19 22:18:58.459 INFO  [-] [main] o.s.t.web.servlet.TestDispatcherServlet  : Initializing Servlet ''
2026-08-19 22:18:58.459 INFO  [-] [main] o.s.t.web.servlet.TestDispatcherServlet  : Completed initialization in 0 ms
2026-08-19 22:18:58.465 INFO  [-] [main] c.s.s.u.c.UsuarioControllerTest          : Started UsuarioControllerTest in 0.364 seconds (process running for 3.711)
2026-08-19 22:18:58.473 INFO  [2aedc67c-c8f4-4367-afcd-aad201ff9e17] [main] c.s.s.common.logging.HttpLoggingFilter   : HTTP GET /api/usuarios/99 - iniciando
2026-08-19 22:18:58.480 WARN  [2aedc67c-c8f4-4367-afcd-aad201ff9e17] [main] c.s.s.c.e.GlobalExceptionHandler         : Recurso no encontrado uri=/api/usuarios/99 mensaje=Usuario con id 99 no encontrado.
2026-08-19 22:18:58.485 WARN  [2aedc67c-c8f4-4367-afcd-aad201ff9e17] [main] c.s.s.common.logging.HttpLoggingFilter   : HTTP GET /api/usuarios/99 - completado status=404 duration=12ms
2026-08-19 22:18:58.514 INFO  [571e25cf-e3cf-4ccc-863b-51ea8487875c] [main] c.s.s.common.logging.HttpLoggingFilter   : HTTP GET /api/usuarios/1 - iniciando
2026-08-19 22:18:58.519 INFO  [571e25cf-e3cf-4ccc-863b-51ea8487875c] [main] c.s.s.common.logging.HttpLoggingFilter   : HTTP GET /api/usuarios/1 - completado status=200 duration=5ms
2026-08-19 22:18:58.557 INFO  [16739a94-86a5-4daf-899b-077bcbe89296] [main] c.s.s.common.logging.HttpLoggingFilter   : HTTP POST /api/usuarios - iniciando
2026-08-19 22:18:58.651 WARN  [16739a94-86a5-4daf-899b-077bcbe89296] [main] c.s.s.c.e.GlobalExceptionHandler         : Validacion fallida uri=/api/usuarios campos=[nombres: must not be blank, apellidos: must not be blank, password: must not be blank, email: must not be blank, username: must match "^[a-zA-Z0-9_-]{3,50}$", username: size must be between 3 and 50, username: must not be blank]
2026-08-19 22:18:58.656 WARN  [16739a94-86a5-4daf-899b-077bcbe89296] [main] c.s.s.common.logging.HttpLoggingFilter   : HTTP POST /api/usuarios - completado status=400 duration=99ms
2026-08-19 22:18:58.664 INFO  [d3004bab-88b5-4f7e-a6a2-fd842e8dd6ac] [main] c.s.s.common.logging.HttpLoggingFilter   : HTTP GET /api/usuarios/username/fantasma - iniciando
2026-08-19 22:18:58.668 WARN  [d3004bab-88b5-4f7e-a6a2-fd842e8dd6ac] [main] c.s.s.c.e.GlobalExceptionHandler         : Recurso no encontrado uri=/api/usuarios/username/fantasma mensaje=Usuario 'fantasma' no encontrado.
2026-08-19 22:18:58.669 WARN  [d3004bab-88b5-4f7e-a6a2-fd842e8dd6ac] [main] c.s.s.common.logging.HttpLoggingFilter   : HTTP GET /api/usuarios/username/fantasma - completado status=404 duration=5ms
2026-08-19 22:18:58.680 INFO  [f796630c-8cf3-47e8-a629-bb2a4959934e] [main] c.s.s.common.logging.HttpLoggingFilter   : HTTP PUT /api/usuarios/99 - iniciando
2026-08-19 22:18:58.697 INFO  [f796630c-8cf3-47e8-a629-bb2a4959934e] [main] c.s.s.u.controller.UsuarioController     : Actualizando usuario id=99
2026-08-19 22:18:58.698 WARN  [f796630c-8cf3-47e8-a629-bb2a4959934e] [main] c.s.s.c.e.GlobalExceptionHandler         : Recurso no encontrado uri=/api/usuarios/99 mensaje=Usuario con id 99 no encontrado.
2026-08-19 22:18:58.698 WARN  [f796630c-8cf3-47e8-a629-bb2a4959934e] [main] c.s.s.common.logging.HttpLoggingFilter   : HTTP PUT /api/usuarios/99 - completado status=404 duration=18ms
2026-08-19 22:18:58.705 INFO  [ffd8abe5-cec8-4a7b-8b17-0fe6ebfb8649] [main] c.s.s.common.logging.HttpLoggingFilter   : HTTP POST /api/usuarios - iniciando
2026-08-19 22:18:58.707 WARN  [ffd8abe5-cec8-4a7b-8b17-0fe6ebfb8649] [main] c.s.s.c.e.GlobalExceptionHandler         : Validacion fallida uri=/api/usuarios campos=[password: must not be blank]
2026-08-19 22:18:58.708 WARN  [ffd8abe5-cec8-4a7b-8b17-0fe6ebfb8649] [main] c.s.s.common.logging.HttpLoggingFilter   : HTTP POST /api/usuarios - completado status=400 duration=3ms
2026-08-19 22:18:58.720 INFO  [906295de-c27d-4d1d-92a1-b3086a6bf176] [main] c.s.s.common.logging.HttpLoggingFilter   : HTTP PUT /api/usuarios/1 - iniciando
2026-08-19 22:18:58.721 INFO  [906295de-c27d-4d1d-92a1-b3086a6bf176] [main] c.s.s.u.controller.UsuarioController     : Actualizando usuario id=1
2026-08-19 22:18:58.722 WARN  [906295de-c27d-4d1d-92a1-b3086a6bf176] [main] c.s.s.c.e.GlobalExceptionHandler         : Conflicto de datos uri=/api/usuarios/1 mensaje=El email 'nuevo@example.com' ya esta en uso.
2026-08-19 22:18:58.723 WARN  [906295de-c27d-4d1d-92a1-b3086a6bf176] [main] c.s.s.common.logging.HttpLoggingFilter   : HTTP PUT /api/usuarios/1 - completado status=409 duration=3ms
2026-08-19 22:18:58.730 INFO  [0df1b213-a872-4a06-b5d2-7d88946d506e] [main] c.s.s.common.logging.HttpLoggingFilter   : HTTP PUT /api/usuarios/1 - iniciando
2026-08-19 22:18:58.731 INFO  [0df1b213-a872-4a06-b5d2-7d88946d506e] [main] c.s.s.u.controller.UsuarioController     : Actualizando usuario id=1
2026-08-19 22:18:58.731 INFO  [0df1b213-a872-4a06-b5d2-7d88946d506e] [main] c.s.s.u.controller.UsuarioController     : Usuario actualizado exitosamente id=1
2026-08-19 22:18:58.733 INFO  [0df1b213-a872-4a06-b5d2-7d88946d506e] [main] c.s.s.common.logging.HttpLoggingFilter   : HTTP PUT /api/usuarios/1 - completado status=200 duration=3ms
2026-08-19 22:18:58.742 INFO  [847b51ad-6bb6-4949-a38b-5ed1117b37ea] [main] c.s.s.common.logging.HttpLoggingFilter   : HTTP GET /api/usuarios - iniciando
2026-08-19 22:18:58.747 INFO  [847b51ad-6bb6-4949-a38b-5ed1117b37ea] [main] c.s.s.common.logging.HttpLoggingFilter   : HTTP GET /api/usuarios - completado status=200 duration=5ms
2026-08-19 22:18:58.753 INFO  [6863be00-42b3-48f7-8f7e-a5d2a52b6e9f] [main] c.s.s.common.logging.HttpLoggingFilter   : HTTP POST /api/usuarios - iniciando
2026-08-19 22:18:58.754 WARN  [6863be00-42b3-48f7-8f7e-a5d2a52b6e9f] [main] c.s.s.c.e.GlobalExceptionHandler         : Validacion fallida uri=/api/usuarios campos=[password: must not be blank]
2026-08-19 22:18:58.757 WARN  [6863be00-42b3-48f7-8f7e-a5d2a52b6e9f] [main] c.s.s.common.logging.HttpLoggingFilter   : HTTP POST /api/usuarios - completado status=400 duration=4ms
2026-08-19 22:18:58.765 INFO  [d00596e8-7d7e-41ec-b1af-2affe6f869e2] [main] c.s.s.common.logging.HttpLoggingFilter   : HTTP POST /api/usuarios - iniciando
2026-08-19 22:18:58.766 WARN  [d00596e8-7d7e-41ec-b1af-2affe6f869e2] [main] c.s.s.c.e.GlobalExceptionHandler         : Validacion fallida uri=/api/usuarios campos=[password: must not be blank]
2026-08-19 22:18:58.767 WARN  [d00596e8-7d7e-41ec-b1af-2affe6f869e2] [main] c.s.s.common.logging.HttpLoggingFilter   : HTTP POST /api/usuarios - completado status=400 duration=2ms
2026-08-19 22:18:58.773 INFO  [395b8781-0413-41f9-8924-dee4e6e785b9] [main] c.s.s.common.logging.HttpLoggingFilter   : HTTP POST /api/usuarios - iniciando
2026-08-19 22:18:58.776 WARN  [395b8781-0413-41f9-8924-dee4e6e785b9] [main] c.s.s.c.e.GlobalExceptionHandler         : Validacion fallida uri=/api/usuarios campos=[password: must not be blank, email: must be a well-formed email address]
2026-08-19 22:18:58.776 WARN  [395b8781-0413-41f9-8924-dee4e6e785b9] [main] c.s.s.common.logging.HttpLoggingFilter   : HTTP POST /api/usuarios - completado status=400 duration=3ms
2026-08-19 22:18:58.785 INFO  [2e008c84-313b-40cc-9520-53e6a75a9964] [main] c.s.s.common.logging.HttpLoggingFilter   : HTTP DELETE /api/usuarios/99 - iniciando
2026-08-19 22:18:58.786 INFO  [2e008c84-313b-40cc-9520-53e6a75a9964] [main] c.s.s.u.controller.UsuarioController     : Eliminacion logica solicitada id=99
2026-08-19 22:18:58.786 WARN  [2e008c84-313b-40cc-9520-53e6a75a9964] [main] c.s.s.c.e.GlobalExceptionHandler         : Recurso no encontrado uri=/api/usuarios/99 mensaje=Usuario con id 99 no encontrado.
2026-08-19 22:18:58.786 WARN  [2e008c84-313b-40cc-9520-53e6a75a9964] [main] c.s.s.common.logging.HttpLoggingFilter   : HTTP DELETE /api/usuarios/99 - completado status=404 duration=1ms
2026-08-19 22:18:58.796 INFO  [cfc3fedb-09bb-40eb-87c6-ae26b2ad6362] [main] c.s.s.common.logging.HttpLoggingFilter   : HTTP GET /api/usuarios/username/jperez - iniciando
2026-08-19 22:18:58.797 INFO  [cfc3fedb-09bb-40eb-87c6-ae26b2ad6362] [main] c.s.s.common.logging.HttpLoggingFilter   : HTTP GET /api/usuarios/username/jperez - completado status=200 duration=1ms
2026-08-19 22:18:58.805 INFO  [8adfa58a-5473-41a5-b793-058055e126a2] [main] c.s.s.common.logging.HttpLoggingFilter   : HTTP DELETE /api/usuarios/1 - iniciando
2026-08-19 22:18:58.806 INFO  [8adfa58a-5473-41a5-b793-058055e126a2] [main] c.s.s.u.controller.UsuarioController     : Eliminacion logica solicitada id=1
2026-08-19 22:18:58.806 INFO  [8adfa58a-5473-41a5-b793-058055e126a2] [main] c.s.s.u.controller.UsuarioController     : Usuario desactivado exitosamente id=1
2026-08-19 22:18:58.806 INFO  [8adfa58a-5473-41a5-b793-058055e126a2] [main] c.s.s.common.logging.HttpLoggingFilter   : HTTP DELETE /api/usuarios/1 - completado status=204 duration=1ms
2026-08-19 22:18:58.812 INFO  [4a1389e4-e9dd-4824-bb5d-d924c7f9ba72] [main] c.s.s.common.logging.HttpLoggingFilter   : HTTP GET /api/usuarios - iniciando
2026-08-19 22:18:58.814 INFO  [4a1389e4-e9dd-4824-bb5d-d924c7f9ba72] [main] c.s.s.common.logging.HttpLoggingFilter   : HTTP GET /api/usuarios - completado status=200 duration=2ms
2026-08-19 22:18:59.031 WARN  [-] [main] c.s.s.u.service.UsuarioServiceImpl       : Intento de registro con email duplicado: email=juan@example.com
2026-08-19 22:18:59.057 INFO  [-] [main] c.s.s.u.service.UsuarioServiceImpl       : Usuario desactivado (eliminacion logica) id=1
2026-08-19 22:18:59.065 WARN  [-] [main] c.s.s.u.service.UsuarioServiceImpl       : Intento de eliminacion de usuario inexistente id=99
2026-08-19 22:18:59.071 WARN  [-] [main] c.s.s.u.service.UsuarioServiceImpl       : Usuario no encontrado username=noexiste
2026-08-19 22:18:59.083 WARN  [-] [main] c.s.s.u.service.UsuarioServiceImpl       : Usuario no encontrado id=99
2026-08-19 22:18:59.087 WARN  [-] [main] c.s.s.u.service.UsuarioServiceImpl       : Intento de actualizacion de usuario inexistente id=99
2026-08-19 22:18:59.095 INFO  [-] [main] c.s.s.u.service.UsuarioServiceImpl       : Usuario actualizado correctamente id=1
2026-08-19 22:18:59.098 WARN  [-] [main] c.s.s.u.service.UsuarioServiceImpl       : Intento de actualizacion con email duplicado id=1 email=juan.nuevo@example.com
2026-08-19 22:18:59.102 WARN  [-] [main] c.s.s.u.service.UsuarioServiceImpl       : Intento de registro con username duplicado: username=jperez
2026-08-19 22:18:59.106 INFO  [-] [main] c.s.s.u.service.UsuarioServiceImpl       : Usuario creado correctamente id=1 username=jperez
2026-08-19 22:19:10.402 INFO  [-] [background-preinit] o.h.validator.internal.util.Version      : HV000001: Hibernate Validator 9.1.0.Final
2026-08-19 22:19:10.434 INFO  [-] [main] c.s.s.u.c.UsuarioControllerTest          : Starting UsuarioControllerTest using Java 25.0.4 with PID 37636 (started by RYZEN 7 2026 in D:\SDD-MOD4)
2026-08-19 22:19:10.435 INFO  [-] [main] c.s.s.u.c.UsuarioControllerTest          : No active profile set, falling back to 1 default profile: "default"
2026-08-19 22:19:12.213 INFO  [-] [main] o.s.b.t.m.w.SpringBootMockServletContext : Initializing Spring TestDispatcherServlet ''
2026-08-19 22:19:12.214 INFO  [-] [main] o.s.t.web.servlet.TestDispatcherServlet  : Initializing Servlet ''
2026-08-19 22:19:12.215 INFO  [-] [main] o.s.t.web.servlet.TestDispatcherServlet  : Completed initialization in 1 ms
2026-08-19 22:19:12.239 INFO  [-] [main] c.s.s.u.c.UsuarioControllerTest          : Started UsuarioControllerTest in 2.194 seconds (process running for 3.069)
2026-08-19 22:19:12.330 INFO  [dad84cf0-d335-4b90-85d0-18ff6e697bc0] [main] c.s.s.common.logging.HttpLoggingFilter   : HTTP POST /api/usuarios - iniciando
2026-08-19 22:19:12.475 WARN  [dad84cf0-d335-4b90-85d0-18ff6e697bc0] [main] c.s.s.c.e.GlobalExceptionHandler         : Validacion fallida uri=/api/usuarios campos=[password: must not be blank]
2026-08-19 22:19:12.502 WARN  [dad84cf0-d335-4b90-85d0-18ff6e697bc0] [main] c.s.s.common.logging.HttpLoggingFilter   : HTTP POST /api/usuarios - completado status=400 duration=172ms
2026-08-19 22:28:59.534 INFO  [-] [background-preinit] o.h.validator.internal.util.Version      : HV000001: Hibernate Validator 9.1.0.Final
2026-08-19 22:28:59.567 INFO  [-] [main] c.s.s.c.logging.CorrelationIdFilterTest  : Starting CorrelationIdFilterTest using Java 25.0.4 with PID 39788 (started by RYZEN 7 2026 in D:\SDD-MOD4)
2026-08-19 22:28:59.569 INFO  [-] [main] c.s.s.c.logging.CorrelationIdFilterTest  : No active profile set, falling back to 1 default profile: "default"
2026-08-19 22:29:01.321 INFO  [-] [main] o.s.b.t.m.w.SpringBootMockServletContext : Initializing Spring TestDispatcherServlet ''
2026-08-19 22:29:01.323 INFO  [-] [main] o.s.t.web.servlet.TestDispatcherServlet  : Initializing Servlet ''
2026-08-19 22:29:01.324 INFO  [-] [main] o.s.t.web.servlet.TestDispatcherServlet  : Completed initialization in 1 ms
2026-08-19 22:29:01.349 INFO  [-] [main] c.s.s.c.logging.CorrelationIdFilterTest  : Started CorrelationIdFilterTest in 2.165 seconds (process running for 3.029)
2026-08-19 22:29:01.397 INFO  [test-correlation-abc-123] [main] c.s.s.common.logging.HttpLoggingFilter   : HTTP GET /api/usuarios - iniciando
2026-08-19 22:29:01.473 INFO  [test-correlation-abc-123] [main] c.s.s.common.logging.HttpLoggingFilter   : HTTP GET /api/usuarios - completado status=200 duration=76ms
2026-08-19 22:29:01.539 INFO  [195c0733-3dd8-43c8-877b-becb4b02cbf7] [main] c.s.s.common.logging.HttpLoggingFilter   : HTTP GET /api/usuarios - iniciando
2026-08-19 22:29:01.542 INFO  [195c0733-3dd8-43c8-877b-becb4b02cbf7] [main] c.s.s.common.logging.HttpLoggingFilter   : HTTP GET /api/usuarios - completado status=200 duration=3ms
2026-08-19 22:29:01.544 INFO  [78dbe46d-8719-4e98-8490-7c2927f284a9] [main] c.s.s.common.logging.HttpLoggingFilter   : HTTP GET /api/usuarios - iniciando
2026-08-19 22:29:01.546 INFO  [78dbe46d-8719-4e98-8490-7c2927f284a9] [main] c.s.s.common.logging.HttpLoggingFilter   : HTTP GET /api/usuarios - completado status=200 duration=2ms
2026-08-19 22:29:01.554 INFO  [67f69675-33b0-47a0-8e69-01308f7188d8] [main] c.s.s.common.logging.HttpLoggingFilter   : HTTP GET /api/usuarios - iniciando
2026-08-19 22:29:01.558 INFO  [67f69675-33b0-47a0-8e69-01308f7188d8] [main] c.s.s.common.logging.HttpLoggingFilter   : HTTP GET /api/usuarios - completado status=200 duration=4ms
2026-08-19 22:29:01.568 INFO  [ae049574-17b1-47ba-a78b-ddc3efe93f24] [main] c.s.s.common.logging.HttpLoggingFilter   : HTTP GET /api/usuarios - iniciando
2026-08-19 22:29:01.570 INFO  [ae049574-17b1-47ba-a78b-ddc3efe93f24] [main] c.s.s.common.logging.HttpLoggingFilter   : HTTP GET /api/usuarios - completado status=200 duration=2ms
2026-08-19 22:29:01.602 INFO  [-] [main] .b.t.c.SpringBootTestContextBootstrapper : Found @SpringBootConfiguration com.sdd.sdd.SddApplication for test class com.sdd.sdd.usuario.controller.UsuarioControllerTest
2026-08-19 22:29:01.612 INFO  [-] [main] .b.t.c.SpringBootTestContextBootstrapper : Found @SpringBootConfiguration com.sdd.sdd.SddApplication for test class com.sdd.sdd.usuario.controller.UsuarioControllerTest
2026-08-19 22:29:01.660 INFO  [-] [main] c.s.s.u.c.UsuarioControllerTest          : Starting UsuarioControllerTest using Java 25.0.4 with PID 39788 (started by RYZEN 7 2026 in D:\SDD-MOD4)
2026-08-19 22:29:01.660 INFO  [-] [main] c.s.s.u.c.UsuarioControllerTest          : No active profile set, falling back to 1 default profile: "default"
2026-08-19 22:29:01.945 INFO  [-] [main] o.s.b.t.m.w.SpringBootMockServletContext : Initializing Spring TestDispatcherServlet ''
2026-08-19 22:29:01.945 INFO  [-] [main] o.s.t.web.servlet.TestDispatcherServlet  : Initializing Servlet ''
2026-08-19 22:29:01.945 INFO  [-] [main] o.s.t.web.servlet.TestDispatcherServlet  : Completed initialization in 0 ms
2026-08-19 22:29:01.952 INFO  [-] [main] c.s.s.u.c.UsuarioControllerTest          : Started UsuarioControllerTest in 0.333 seconds (process running for 3.632)
2026-08-19 22:29:01.983 INFO  [c9374d77-8e9f-463c-a40e-1b45df7b93ae] [main] c.s.s.common.logging.HttpLoggingFilter   : HTTP GET /api/usuarios/99 - iniciando
2026-08-19 22:29:01.987 WARN  [c9374d77-8e9f-463c-a40e-1b45df7b93ae] [main] c.s.s.c.e.GlobalExceptionHandler         : Recurso no encontrado uri=/api/usuarios/99 mensaje=Usuario con id 99 no encontrado.
2026-08-19 22:29:01.992 WARN  [c9374d77-8e9f-463c-a40e-1b45df7b93ae] [main] c.s.s.common.logging.HttpLoggingFilter   : HTTP GET /api/usuarios/99 - completado status=404 duration=9ms
2026-08-19 22:29:02.016 INFO  [e5b1fb07-ea6b-4441-a1c1-2073c60b875a] [main] c.s.s.common.logging.HttpLoggingFilter   : HTTP GET /api/usuarios/1 - iniciando
2026-08-19 22:29:02.020 INFO  [e5b1fb07-ea6b-4441-a1c1-2073c60b875a] [main] c.s.s.common.logging.HttpLoggingFilter   : HTTP GET /api/usuarios/1 - completado status=200 duration=4ms
2026-08-19 22:29:02.031 INFO  [65b945e4-42d6-4a5f-a53e-84d661f67178] [main] c.s.s.common.logging.HttpLoggingFilter   : HTTP POST /api/usuarios - iniciando
2026-08-19 22:29:02.126 WARN  [65b945e4-42d6-4a5f-a53e-84d661f67178] [main] c.s.s.c.e.GlobalExceptionHandler         : Validacion fallida uri=/api/usuarios campos=[email: must not be blank, username: size must be between 3 and 50, password: size must be between 8 and 100, username: must match "^[a-zA-Z0-9_-]{3,50}$", password: must not be blank, nombres: must not be blank, username: must not be blank, apellidos: must not be blank]
2026-08-19 22:29:02.130 WARN  [65b945e4-42d6-4a5f-a53e-84d661f67178] [main] c.s.s.common.logging.HttpLoggingFilter   : HTTP POST /api/usuarios - completado status=400 duration=99ms
2026-08-19 22:29:02.138 INFO  [741342c4-ad0b-4bf1-b3a5-d527fe35d7e8] [main] c.s.s.common.logging.HttpLoggingFilter   : HTTP GET /api/usuarios/username/fantasma - iniciando
2026-08-19 22:29:02.142 WARN  [741342c4-ad0b-4bf1-b3a5-d527fe35d7e8] [main] c.s.s.c.e.GlobalExceptionHandler         : Recurso no encontrado uri=/api/usuarios/username/fantasma mensaje=Usuario 'fantasma' no encontrado.
2026-08-19 22:29:02.143 WARN  [741342c4-ad0b-4bf1-b3a5-d527fe35d7e8] [main] c.s.s.common.logging.HttpLoggingFilter   : HTTP GET /api/usuarios/username/fantasma - completado status=404 duration=5ms
2026-08-19 22:29:02.157 INFO  [cc9b906e-af34-4640-a88a-8c78b9abd3c5] [main] c.s.s.common.logging.HttpLoggingFilter   : HTTP PUT /api/usuarios/99 - iniciando
2026-08-19 22:29:02.172 INFO  [cc9b906e-af34-4640-a88a-8c78b9abd3c5] [main] c.s.s.u.controller.UsuarioController     : Actualizando usuario id=99
2026-08-19 22:29:02.173 WARN  [cc9b906e-af34-4640-a88a-8c78b9abd3c5] [main] c.s.s.c.e.GlobalExceptionHandler         : Recurso no encontrado uri=/api/usuarios/99 mensaje=Usuario con id 99 no encontrado.
2026-08-19 22:29:02.174 WARN  [cc9b906e-af34-4640-a88a-8c78b9abd3c5] [main] c.s.s.common.logging.HttpLoggingFilter   : HTTP PUT /api/usuarios/99 - completado status=404 duration=17ms
2026-08-19 22:29:02.181 INFO  [2df77b6b-4629-42a1-9006-28252f3b850c] [main] c.s.s.common.logging.HttpLoggingFilter   : HTTP POST /api/usuarios - iniciando
2026-08-19 22:29:02.183 INFO  [2df77b6b-4629-42a1-9006-28252f3b850c] [main] c.s.s.u.controller.UsuarioController     : Registrando usuario username=jperez
2026-08-19 22:29:02.184 WARN  [2df77b6b-4629-42a1-9006-28252f3b850c] [main] c.s.s.c.e.GlobalExceptionHandler         : Conflicto de datos uri=/api/usuarios mensaje=El email 'juan@example.com' ya esta en uso.
2026-08-19 22:29:02.185 WARN  [2df77b6b-4629-42a1-9006-28252f3b850c] [main] c.s.s.common.logging.HttpLoggingFilter   : HTTP POST /api/usuarios - completado status=409 duration=4ms
2026-08-19 22:29:02.191 INFO  [f19f1bda-ae3d-47e8-9933-ea88a55308bd] [main] c.s.s.common.logging.HttpLoggingFilter   : HTTP PUT /api/usuarios/1 - iniciando
2026-08-19 22:29:02.192 INFO  [f19f1bda-ae3d-47e8-9933-ea88a55308bd] [main] c.s.s.u.controller.UsuarioController     : Actualizando usuario id=1
2026-08-19 22:29:02.194 WARN  [f19f1bda-ae3d-47e8-9933-ea88a55308bd] [main] c.s.s.c.e.GlobalExceptionHandler         : Conflicto de datos uri=/api/usuarios/1 mensaje=El email 'nuevo@example.com' ya esta en uso.
2026-08-19 22:29:02.194 WARN  [f19f1bda-ae3d-47e8-9933-ea88a55308bd] [main] c.s.s.common.logging.HttpLoggingFilter   : HTTP PUT /api/usuarios/1 - completado status=409 duration=3ms
2026-08-19 22:29:02.202 INFO  [65f8770f-6ba2-492c-805a-e271efe4ae93] [main] c.s.s.common.logging.HttpLoggingFilter   : HTTP PUT /api/usuarios/1 - iniciando
2026-08-19 22:29:02.203 INFO  [65f8770f-6ba2-492c-805a-e271efe4ae93] [main] c.s.s.u.controller.UsuarioController     : Actualizando usuario id=1
2026-08-19 22:29:02.203 INFO  [65f8770f-6ba2-492c-805a-e271efe4ae93] [main] c.s.s.u.controller.UsuarioController     : Usuario actualizado exitosamente id=1
2026-08-19 22:29:02.205 INFO  [65f8770f-6ba2-492c-805a-e271efe4ae93] [main] c.s.s.common.logging.HttpLoggingFilter   : HTTP PUT /api/usuarios/1 - completado status=200 duration=3ms
2026-08-19 22:29:02.212 INFO  [56a75e9a-2738-459f-84e4-859d331674bf] [main] c.s.s.common.logging.HttpLoggingFilter   : HTTP GET /api/usuarios - iniciando
2026-08-19 22:29:02.216 INFO  [56a75e9a-2738-459f-84e4-859d331674bf] [main] c.s.s.common.logging.HttpLoggingFilter   : HTTP GET /api/usuarios - completado status=200 duration=4ms
2026-08-19 22:29:02.223 INFO  [d7cd01ff-4e70-4e6d-b837-737854d258e8] [main] c.s.s.common.logging.HttpLoggingFilter   : HTTP POST /api/usuarios - iniciando
2026-08-19 22:29:02.224 INFO  [d7cd01ff-4e70-4e6d-b837-737854d258e8] [main] c.s.s.u.controller.UsuarioController     : Registrando usuario username=jperez
2026-08-19 22:29:02.225 INFO  [d7cd01ff-4e70-4e6d-b837-737854d258e8] [main] c.s.s.u.controller.UsuarioController     : Usuario registrado exitosamente id=1 username=jperez
2026-08-19 22:29:02.227 INFO  [d7cd01ff-4e70-4e6d-b837-737854d258e8] [main] c.s.s.common.logging.HttpLoggingFilter   : HTTP POST /api/usuarios - completado status=201 duration=4ms
2026-08-19 22:29:02.232 INFO  [2b158559-cc20-4cf7-bc39-bacff7eccb1a] [main] c.s.s.common.logging.HttpLoggingFilter   : HTTP POST /api/usuarios - iniciando
2026-08-19 22:29:02.233 INFO  [2b158559-cc20-4cf7-bc39-bacff7eccb1a] [main] c.s.s.u.controller.UsuarioController     : Registrando usuario username=jperez
2026-08-19 22:29:02.233 WARN  [2b158559-cc20-4cf7-bc39-bacff7eccb1a] [main] c.s.s.c.e.GlobalExceptionHandler         : Conflicto de datos uri=/api/usuarios mensaje=El username 'jperez' ya esta en uso.
2026-08-19 22:29:02.234 WARN  [2b158559-cc20-4cf7-bc39-bacff7eccb1a] [main] c.s.s.common.logging.HttpLoggingFilter   : HTTP POST /api/usuarios - completado status=409 duration=2ms
2026-08-19 22:29:02.242 INFO  [99c2acf6-a32e-4522-a147-029c4d61bb57] [main] c.s.s.common.logging.HttpLoggingFilter   : HTTP POST /api/usuarios - iniciando
2026-08-19 22:29:02.244 WARN  [99c2acf6-a32e-4522-a147-029c4d61bb57] [main] c.s.s.c.e.GlobalExceptionHandler         : Validacion fallida uri=/api/usuarios campos=[email: must be a well-formed email address]
2026-08-19 22:29:02.245 WARN  [99c2acf6-a32e-4522-a147-029c4d61bb57] [main] c.s.s.common.logging.HttpLoggingFilter   : HTTP POST /api/usuarios - completado status=400 duration=3ms
2026-08-19 22:29:02.251 INFO  [cc19584a-dea7-49a2-9b2d-1041367b662f] [main] c.s.s.common.logging.HttpLoggingFilter   : HTTP DELETE /api/usuarios/99 - iniciando
2026-08-19 22:29:02.252 INFO  [cc19584a-dea7-49a2-9b2d-1041367b662f] [main] c.s.s.u.controller.UsuarioController     : Eliminacion logica solicitada id=99
2026-08-19 22:29:02.252 WARN  [cc19584a-dea7-49a2-9b2d-1041367b662f] [main] c.s.s.c.e.GlobalExceptionHandler         : Recurso no encontrado uri=/api/usuarios/99 mensaje=Usuario con id 99 no encontrado.
2026-08-19 22:29:02.254 WARN  [cc19584a-dea7-49a2-9b2d-1041367b662f] [main] c.s.s.common.logging.HttpLoggingFilter   : HTTP DELETE /api/usuarios/99 - completado status=404 duration=3ms
2026-08-19 22:29:02.260 INFO  [7fd0937f-ac94-4234-b0d0-5b92db2e0ff6] [main] c.s.s.common.logging.HttpLoggingFilter   : HTTP GET /api/usuarios/username/jperez - iniciando
2026-08-19 22:29:02.262 INFO  [7fd0937f-ac94-4234-b0d0-5b92db2e0ff6] [main] c.s.s.common.logging.HttpLoggingFilter   : HTTP GET /api/usuarios/username/jperez - completado status=200 duration=2ms
2026-08-19 22:29:02.268 INFO  [f0dfa980-bac3-43b0-a528-e82df2ee5591] [main] c.s.s.common.logging.HttpLoggingFilter   : HTTP DELETE /api/usuarios/1 - iniciando
2026-08-19 22:29:02.269 INFO  [f0dfa980-bac3-43b0-a528-e82df2ee5591] [main] c.s.s.u.controller.UsuarioController     : Eliminacion logica solicitada id=1
2026-08-19 22:29:02.269 INFO  [f0dfa980-bac3-43b0-a528-e82df2ee5591] [main] c.s.s.u.controller.UsuarioController     : Usuario desactivado exitosamente id=1
2026-08-19 22:29:02.269 INFO  [f0dfa980-bac3-43b0-a528-e82df2ee5591] [main] c.s.s.common.logging.HttpLoggingFilter   : HTTP DELETE /api/usuarios/1 - completado status=204 duration=1ms
2026-08-19 22:29:02.275 INFO  [6cbd0234-9b62-4dc3-9e43-31ab03711228] [main] c.s.s.common.logging.HttpLoggingFilter   : HTTP GET /api/usuarios - iniciando
2026-08-19 22:29:02.277 INFO  [6cbd0234-9b62-4dc3-9e43-31ab03711228] [main] c.s.s.common.logging.HttpLoggingFilter   : HTTP GET /api/usuarios - completado status=200 duration=2ms
2026-08-19 22:29:02.501 WARN  [-] [main] c.s.s.u.service.UsuarioServiceImpl       : Intento de registro con email duplicado: email=juan@example.com
2026-08-19 22:29:02.525 INFO  [-] [main] c.s.s.u.service.UsuarioServiceImpl       : Usuario desactivado (eliminacion logica) id=1
2026-08-19 22:29:02.533 WARN  [-] [main] c.s.s.u.service.UsuarioServiceImpl       : Intento de eliminacion de usuario inexistente id=99
2026-08-19 22:29:02.539 WARN  [-] [main] c.s.s.u.service.UsuarioServiceImpl       : Usuario no encontrado username=noexiste
2026-08-19 22:29:02.549 WARN  [-] [main] c.s.s.u.service.UsuarioServiceImpl       : Usuario no encontrado id=99
2026-08-19 22:29:02.552 WARN  [-] [main] c.s.s.u.service.UsuarioServiceImpl       : Intento de actualizacion de usuario inexistente id=99
2026-08-19 22:29:02.559 INFO  [-] [main] c.s.s.u.service.UsuarioServiceImpl       : Usuario actualizado correctamente id=1
2026-08-19 22:29:02.562 WARN  [-] [main] c.s.s.u.service.UsuarioServiceImpl       : Intento de actualizacion con email duplicado id=1 email=juan.nuevo@example.com
2026-08-19 22:29:02.566 WARN  [-] [main] c.s.s.u.service.UsuarioServiceImpl       : Intento de registro con username duplicado: username=jperez
2026-08-19 22:29:02.569 INFO  [-] [main] c.s.s.u.service.UsuarioServiceImpl       : Usuario creado correctamente id=1 username=jperez
2026-08-19 22:31:25.194 INFO  [-] [background-preinit] o.h.validator.internal.util.Version      : HV000001: Hibernate Validator 9.1.0.Final
2026-08-19 22:31:25.233 INFO  [-] [main] c.s.s.u.c.UsuarioControllerTest          : Starting UsuarioControllerTest using Java 25.0.4 with PID 25764 (started by RYZEN 7 2026 in D:\SDD-MOD4)
2026-08-19 22:31:25.235 INFO  [-] [main] c.s.s.u.c.UsuarioControllerTest          : No active profile set, falling back to 1 default profile: "default"
2026-08-19 22:31:27.061 INFO  [-] [main] o.s.b.t.m.w.SpringBootMockServletContext : Initializing Spring TestDispatcherServlet ''
2026-08-19 22:31:27.061 INFO  [-] [main] o.s.t.web.servlet.TestDispatcherServlet  : Initializing Servlet ''
2026-08-19 22:31:27.062 INFO  [-] [main] o.s.t.web.servlet.TestDispatcherServlet  : Completed initialization in 1 ms
2026-08-19 22:31:27.088 INFO  [-] [main] c.s.s.u.c.UsuarioControllerTest          : Started UsuarioControllerTest in 2.241 seconds (process running for 3.215)
2026-08-19 22:31:27.174 INFO  [7290b312-947b-4ae2-b218-a99b14752480] [main] c.s.s.common.logging.HttpLoggingFilter   : HTTP GET /api/usuarios/99 - iniciando
2026-08-19 22:31:27.205 INFO  [7290b312-947b-4ae2-b218-a99b14752480] [main] c.s.s.u.controller.UsuarioController     : Consultando usuario id=99
2026-08-19 22:31:27.212 WARN  [7290b312-947b-4ae2-b218-a99b14752480] [main] c.s.s.c.e.GlobalExceptionHandler         : Recurso no encontrado uri=/api/usuarios/99 mensaje=Usuario con id 99 no encontrado.
2026-08-19 22:31:27.247 WARN  [7290b312-947b-4ae2-b218-a99b14752480] [main] c.s.s.common.logging.HttpLoggingFilter   : HTTP GET /api/usuarios/99 - completado status=404 duration=73ms
2026-08-19 22:31:27.296 INFO  [ee3284a8-77e5-4bc1-abfa-21ecfe95847b] [main] c.s.s.common.logging.HttpLoggingFilter   : HTTP GET /api/usuarios/1 - iniciando
2026-08-19 22:31:27.296 INFO  [ee3284a8-77e5-4bc1-abfa-21ecfe95847b] [main] c.s.s.u.controller.UsuarioController     : Consultando usuario id=1
2026-08-19 22:31:27.297 INFO  [ee3284a8-77e5-4bc1-abfa-21ecfe95847b] [main] c.s.s.u.controller.UsuarioController     : Usuario encontrado id=1 username=jperez
2026-08-19 22:31:27.302 INFO  [ee3284a8-77e5-4bc1-abfa-21ecfe95847b] [main] c.s.s.common.logging.HttpLoggingFilter   : HTTP GET /api/usuarios/1 - completado status=200 duration=6ms
2026-08-19 22:31:27.314 INFO  [ed09779f-89ae-412c-91fe-06500e785256] [main] c.s.s.common.logging.HttpLoggingFilter   : HTTP POST /api/usuarios - iniciando
2026-08-19 22:31:27.402 WARN  [ed09779f-89ae-412c-91fe-06500e785256] [main] c.s.s.c.e.GlobalExceptionHandler         : Validacion fallida uri=/api/usuarios campos=[nombres: must not be blank, apellidos: must not be blank, username: must match "^[a-zA-Z0-9_-]{3,50}$", username: must not be blank, password: size must be between 8 and 100, password: must not be blank, username: size must be between 3 and 50, email: must not be blank]
2026-08-19 22:31:27.409 WARN  [ed09779f-89ae-412c-91fe-06500e785256] [main] c.s.s.common.logging.HttpLoggingFilter   : HTTP POST /api/usuarios - completado status=400 duration=95ms
2026-08-19 22:31:27.420 INFO  [32267ac0-437b-4b53-a713-1f8fb5aadfbb] [main] c.s.s.common.logging.HttpLoggingFilter   : HTTP GET /api/usuarios/username/fantasma - iniciando
2026-08-19 22:31:27.424 INFO  [32267ac0-437b-4b53-a713-1f8fb5aadfbb] [main] c.s.s.u.controller.UsuarioController     : Consultando usuario username=fantasma
2026-08-19 22:31:27.426 WARN  [32267ac0-437b-4b53-a713-1f8fb5aadfbb] [main] c.s.s.c.e.GlobalExceptionHandler         : Recurso no encontrado uri=/api/usuarios/username/fantasma mensaje=Usuario 'fantasma' no encontrado.
2026-08-19 22:31:27.426 WARN  [32267ac0-437b-4b53-a713-1f8fb5aadfbb] [main] c.s.s.common.logging.HttpLoggingFilter   : HTTP GET /api/usuarios/username/fantasma - completado status=404 duration=6ms
2026-08-19 22:31:27.445 INFO  [022f3039-b462-4426-9c1e-9beed5b7c614] [main] c.s.s.common.logging.HttpLoggingFilter   : HTTP PUT /api/usuarios/99 - iniciando
2026-08-19 22:31:27.463 INFO  [022f3039-b462-4426-9c1e-9beed5b7c614] [main] c.s.s.u.controller.UsuarioController     : Actualizando usuario id=99
2026-08-19 22:31:27.464 WARN  [022f3039-b462-4426-9c1e-9beed5b7c614] [main] c.s.s.c.e.GlobalExceptionHandler         : Recurso no encontrado uri=/api/usuarios/99 mensaje=Usuario con id 99 no encontrado.
2026-08-19 22:31:27.466 WARN  [022f3039-b462-4426-9c1e-9beed5b7c614] [main] c.s.s.common.logging.HttpLoggingFilter   : HTTP PUT /api/usuarios/99 - completado status=404 duration=21ms
2026-08-19 22:31:27.473 INFO  [c642ffe5-cb46-462e-98c0-0e2383413b8a] [main] c.s.s.common.logging.HttpLoggingFilter   : HTTP POST /api/usuarios - iniciando
2026-08-19 22:31:27.475 INFO  [c642ffe5-cb46-462e-98c0-0e2383413b8a] [main] c.s.s.u.controller.UsuarioController     : Registrando usuario username=jperez
2026-08-19 22:31:27.475 WARN  [c642ffe5-cb46-462e-98c0-0e2383413b8a] [main] c.s.s.c.e.GlobalExceptionHandler         : Conflicto de datos uri=/api/usuarios mensaje=El email 'juan@example.com' ya esta en uso.
2026-08-19 22:31:27.476 WARN  [c642ffe5-cb46-462e-98c0-0e2383413b8a] [main] c.s.s.common.logging.HttpLoggingFilter   : HTTP POST /api/usuarios - completado status=409 duration=3ms
2026-08-19 22:31:27.484 INFO  [1e39aadb-8288-47a5-ae01-4656dcfbecb7] [main] c.s.s.common.logging.HttpLoggingFilter   : HTTP PUT /api/usuarios/1 - iniciando
2026-08-19 22:31:27.485 INFO  [1e39aadb-8288-47a5-ae01-4656dcfbecb7] [main] c.s.s.u.controller.UsuarioController     : Actualizando usuario id=1
2026-08-19 22:31:27.486 WARN  [1e39aadb-8288-47a5-ae01-4656dcfbecb7] [main] c.s.s.c.e.GlobalExceptionHandler         : Conflicto de datos uri=/api/usuarios/1 mensaje=El email 'nuevo@example.com' ya esta en uso.
2026-08-19 22:31:27.486 WARN  [1e39aadb-8288-47a5-ae01-4656dcfbecb7] [main] c.s.s.common.logging.HttpLoggingFilter   : HTTP PUT /api/usuarios/1 - completado status=409 duration=2ms
2026-08-19 22:31:27.495 INFO  [7cd809cd-4ead-46ee-97bf-51abe51374ab] [main] c.s.s.common.logging.HttpLoggingFilter   : HTTP PUT /api/usuarios/1 - iniciando
2026-08-19 22:31:27.497 INFO  [7cd809cd-4ead-46ee-97bf-51abe51374ab] [main] c.s.s.u.controller.UsuarioController     : Actualizando usuario id=1
2026-08-19 22:31:27.498 INFO  [7cd809cd-4ead-46ee-97bf-51abe51374ab] [main] c.s.s.u.controller.UsuarioController     : Usuario actualizado exitosamente id=1
2026-08-19 22:31:27.499 INFO  [7cd809cd-4ead-46ee-97bf-51abe51374ab] [main] c.s.s.common.logging.HttpLoggingFilter   : HTTP PUT /api/usuarios/1 - completado status=200 duration=4ms
2026-08-19 22:31:27.508 INFO  [800ef831-a49c-4a88-86ed-f319a10a1828] [main] c.s.s.common.logging.HttpLoggingFilter   : HTTP GET /api/usuarios - iniciando
2026-08-19 22:31:27.512 INFO  [800ef831-a49c-4a88-86ed-f319a10a1828] [main] c.s.s.u.controller.UsuarioController     : Listando usuarios username=null email=null estado=null page=0 size=10
2026-08-19 22:31:27.512 INFO  [800ef831-a49c-4a88-86ed-f319a10a1828] [main] c.s.s.u.controller.UsuarioController     : Listado completado totalElementos=1
2026-08-19 22:31:27.517 INFO  [800ef831-a49c-4a88-86ed-f319a10a1828] [main] c.s.s.common.logging.HttpLoggingFilter   : HTTP GET /api/usuarios - completado status=200 duration=9ms
2026-08-19 22:31:27.525 INFO  [bc900459-e49c-4d40-80b4-7ee8383e6497] [main] c.s.s.common.logging.HttpLoggingFilter   : HTTP POST /api/usuarios - iniciando
2026-08-19 22:31:27.527 INFO  [bc900459-e49c-4d40-80b4-7ee8383e6497] [main] c.s.s.u.controller.UsuarioController     : Registrando usuario username=jperez
2026-08-19 22:31:27.527 INFO  [bc900459-e49c-4d40-80b4-7ee8383e6497] [main] c.s.s.u.controller.UsuarioController     : Usuario registrado exitosamente id=1 username=jperez
2026-08-19 22:31:27.529 INFO  [bc900459-e49c-4d40-80b4-7ee8383e6497] [main] c.s.s.common.logging.HttpLoggingFilter   : HTTP POST /api/usuarios - completado status=201 duration=4ms
2026-08-19 22:31:27.536 INFO  [d339ab20-3965-4167-9518-9142769ccf39] [main] c.s.s.common.logging.HttpLoggingFilter   : HTTP POST /api/usuarios - iniciando
2026-08-19 22:31:27.538 INFO  [d339ab20-3965-4167-9518-9142769ccf39] [main] c.s.s.u.controller.UsuarioController     : Registrando usuario username=jperez
2026-08-19 22:31:27.539 WARN  [d339ab20-3965-4167-9518-9142769ccf39] [main] c.s.s.c.e.GlobalExceptionHandler         : Conflicto de datos uri=/api/usuarios mensaje=El username 'jperez' ya esta en uso.
2026-08-19 22:31:27.539 WARN  [d339ab20-3965-4167-9518-9142769ccf39] [main] c.s.s.common.logging.HttpLoggingFilter   : HTTP POST /api/usuarios - completado status=409 duration=3ms
2026-08-19 22:31:27.548 INFO  [b1f8e652-c122-403a-b037-ff4ddaeeec0b] [main] c.s.s.common.logging.HttpLoggingFilter   : HTTP POST /api/usuarios - iniciando
2026-08-19 22:31:27.550 WARN  [b1f8e652-c122-403a-b037-ff4ddaeeec0b] [main] c.s.s.c.e.GlobalExceptionHandler         : Validacion fallida uri=/api/usuarios campos=[email: must be a well-formed email address]
2026-08-19 22:31:27.551 WARN  [b1f8e652-c122-403a-b037-ff4ddaeeec0b] [main] c.s.s.common.logging.HttpLoggingFilter   : HTTP POST /api/usuarios - completado status=400 duration=3ms
2026-08-19 22:31:27.558 INFO  [23bc572f-05b1-434c-976b-ff380a8dfd73] [main] c.s.s.common.logging.HttpLoggingFilter   : HTTP DELETE /api/usuarios/99 - iniciando
2026-08-19 22:31:27.559 INFO  [23bc572f-05b1-434c-976b-ff380a8dfd73] [main] c.s.s.u.controller.UsuarioController     : Eliminacion logica solicitada id=99
2026-08-19 22:31:27.559 WARN  [23bc572f-05b1-434c-976b-ff380a8dfd73] [main] c.s.s.c.e.GlobalExceptionHandler         : Recurso no encontrado uri=/api/usuarios/99 mensaje=Usuario con id 99 no encontrado.
2026-08-19 22:31:27.560 WARN  [23bc572f-05b1-434c-976b-ff380a8dfd73] [main] c.s.s.common.logging.HttpLoggingFilter   : HTTP DELETE /api/usuarios/99 - completado status=404 duration=2ms
2026-08-19 22:31:27.566 INFO  [fbc4cf6d-271f-4018-8d68-f3c88cd55d16] [main] c.s.s.common.logging.HttpLoggingFilter   : HTTP GET /api/usuarios/username/jperez - iniciando
2026-08-19 22:31:27.567 INFO  [fbc4cf6d-271f-4018-8d68-f3c88cd55d16] [main] c.s.s.u.controller.UsuarioController     : Consultando usuario username=jperez
2026-08-19 22:31:27.567 INFO  [fbc4cf6d-271f-4018-8d68-f3c88cd55d16] [main] c.s.s.u.controller.UsuarioController     : Usuario encontrado id=1 username=jperez
2026-08-19 22:31:27.568 INFO  [fbc4cf6d-271f-4018-8d68-f3c88cd55d16] [main] c.s.s.common.logging.HttpLoggingFilter   : HTTP GET /api/usuarios/username/jperez - completado status=200 duration=2ms
2026-08-19 22:31:27.576 INFO  [37e2b6b4-7615-4999-837b-8eec09eaf9d8] [main] c.s.s.common.logging.HttpLoggingFilter   : HTTP DELETE /api/usuarios/1 - iniciando
2026-08-19 22:31:27.576 INFO  [37e2b6b4-7615-4999-837b-8eec09eaf9d8] [main] c.s.s.u.controller.UsuarioController     : Eliminacion logica solicitada id=1
2026-08-19 22:31:27.578 INFO  [37e2b6b4-7615-4999-837b-8eec09eaf9d8] [main] c.s.s.u.controller.UsuarioController     : Usuario desactivado exitosamente id=1
2026-08-19 22:31:27.579 INFO  [37e2b6b4-7615-4999-837b-8eec09eaf9d8] [main] c.s.s.common.logging.HttpLoggingFilter   : HTTP DELETE /api/usuarios/1 - completado status=204 duration=3ms
2026-08-19 22:31:27.586 INFO  [fec03512-070c-4e04-acd8-734c8e6f96e9] [main] c.s.s.common.logging.HttpLoggingFilter   : HTTP GET /api/usuarios - iniciando
2026-08-19 22:31:27.590 INFO  [fec03512-070c-4e04-acd8-734c8e6f96e9] [main] c.s.s.u.controller.UsuarioController     : Listando usuarios username=null email=null estado=ACTIVO page=0 size=20
2026-08-19 22:31:27.590 INFO  [fec03512-070c-4e04-acd8-734c8e6f96e9] [main] c.s.s.u.controller.UsuarioController     : Listado completado totalElementos=1
2026-08-19 22:31:27.591 INFO  [fec03512-070c-4e04-acd8-734c8e6f96e9] [main] c.s.s.common.logging.HttpLoggingFilter   : HTTP GET /api/usuarios - completado status=200 duration=5ms
2026-08-19 22:39:09.631 INFO  [-] [background-preinit] o.h.validator.internal.util.Version      : HV000001: Hibernate Validator 9.1.0.Final
2026-08-19 22:39:09.664 INFO  [-] [main] c.s.s.c.logging.CorrelationIdFilterTest  : Starting CorrelationIdFilterTest using Java 25.0.4 with PID 14056 (started by RYZEN 7 2026 in D:\SDD-MOD4)
2026-08-19 22:39:09.665 INFO  [-] [main] c.s.s.c.logging.CorrelationIdFilterTest  : No active profile set, falling back to 1 default profile: "default"
2026-08-19 22:39:11.451 INFO  [-] [main] o.s.b.t.m.w.SpringBootMockServletContext : Initializing Spring TestDispatcherServlet ''
2026-08-19 22:39:11.451 INFO  [-] [main] o.s.t.web.servlet.TestDispatcherServlet  : Initializing Servlet ''
2026-08-19 22:39:11.453 INFO  [-] [main] o.s.t.web.servlet.TestDispatcherServlet  : Completed initialization in 2 ms
2026-08-19 22:39:11.476 INFO  [-] [main] c.s.s.c.logging.CorrelationIdFilterTest  : Started CorrelationIdFilterTest in 2.198 seconds (process running for 3.102)
2026-08-19 22:39:11.532 INFO  [test-correlation-abc-123] [main] c.s.s.common.logging.HttpLoggingFilter   : HTTP GET /api/usuarios - iniciando
2026-08-19 22:39:11.562 INFO  [test-correlation-abc-123] [main] c.s.s.u.controller.UsuarioController     : Listando usuarios username=null email=null estado=null page=0 size=20
2026-08-19 22:39:11.564 INFO  [test-correlation-abc-123] [main] c.s.s.u.controller.UsuarioController     : Listado completado totalElementos=0
2026-08-19 22:39:11.645 INFO  [test-correlation-abc-123] [main] c.s.s.common.logging.HttpLoggingFilter   : HTTP GET /api/usuarios - completado status=200 duration=113ms
2026-08-19 22:39:11.700 INFO  [1d5acda5-5014-4556-bf1d-33ba23fd913a] [main] c.s.s.common.logging.HttpLoggingFilter   : HTTP GET /api/usuarios - iniciando
2026-08-19 22:39:11.701 INFO  [1d5acda5-5014-4556-bf1d-33ba23fd913a] [main] c.s.s.u.controller.UsuarioController     : Listando usuarios username=null email=null estado=null page=0 size=20
2026-08-19 22:39:11.701 INFO  [1d5acda5-5014-4556-bf1d-33ba23fd913a] [main] c.s.s.u.controller.UsuarioController     : Listado completado totalElementos=0
2026-08-19 22:39:11.703 INFO  [1d5acda5-5014-4556-bf1d-33ba23fd913a] [main] c.s.s.common.logging.HttpLoggingFilter   : HTTP GET /api/usuarios - completado status=200 duration=3ms
2026-08-19 22:39:11.704 INFO  [a13c2e66-bbd5-4641-bc97-200f3ca2c7c3] [main] c.s.s.common.logging.HttpLoggingFilter   : HTTP GET /api/usuarios - iniciando
2026-08-19 22:39:11.706 INFO  [a13c2e66-bbd5-4641-bc97-200f3ca2c7c3] [main] c.s.s.u.controller.UsuarioController     : Listando usuarios username=null email=null estado=null page=0 size=20
2026-08-19 22:39:11.707 INFO  [a13c2e66-bbd5-4641-bc97-200f3ca2c7c3] [main] c.s.s.u.controller.UsuarioController     : Listado completado totalElementos=0
2026-08-19 22:39:11.708 INFO  [a13c2e66-bbd5-4641-bc97-200f3ca2c7c3] [main] c.s.s.common.logging.HttpLoggingFilter   : HTTP GET /api/usuarios - completado status=200 duration=4ms
2026-08-19 22:39:11.716 INFO  [e46a6050-8872-4c79-9de0-0918e0c9c541] [main] c.s.s.common.logging.HttpLoggingFilter   : HTTP GET /api/usuarios - iniciando
2026-08-19 22:39:11.718 INFO  [e46a6050-8872-4c79-9de0-0918e0c9c541] [main] c.s.s.u.controller.UsuarioController     : Listando usuarios username=null email=null estado=null page=0 size=20
2026-08-19 22:39:11.718 INFO  [e46a6050-8872-4c79-9de0-0918e0c9c541] [main] c.s.s.u.controller.UsuarioController     : Listado completado totalElementos=0
2026-08-19 22:39:11.719 INFO  [e46a6050-8872-4c79-9de0-0918e0c9c541] [main] c.s.s.common.logging.HttpLoggingFilter   : HTTP GET /api/usuarios - completado status=200 duration=3ms
2026-08-19 22:39:11.729 INFO  [ed2b76ad-6251-48f3-8d82-84b62c2188d9] [main] c.s.s.common.logging.HttpLoggingFilter   : HTTP GET /api/usuarios - iniciando
2026-08-19 22:39:11.730 INFO  [ed2b76ad-6251-48f3-8d82-84b62c2188d9] [main] c.s.s.u.controller.UsuarioController     : Listando usuarios username=null email=null estado=null page=0 size=20
2026-08-19 22:39:11.730 INFO  [ed2b76ad-6251-48f3-8d82-84b62c2188d9] [main] c.s.s.u.controller.UsuarioController     : Listado completado totalElementos=0
2026-08-19 22:39:11.731 INFO  [ed2b76ad-6251-48f3-8d82-84b62c2188d9] [main] c.s.s.common.logging.HttpLoggingFilter   : HTTP GET /api/usuarios - completado status=200 duration=2ms
2026-08-19 22:39:11.765 INFO  [-] [main] .b.t.c.SpringBootTestContextBootstrapper : Found @SpringBootConfiguration com.sdd.sdd.SddApplication for test class com.sdd.sdd.usuario.controller.UsuarioControllerTest
2026-08-19 22:39:11.773 INFO  [-] [main] .b.t.c.SpringBootTestContextBootstrapper : Found @SpringBootConfiguration com.sdd.sdd.SddApplication for test class com.sdd.sdd.usuario.controller.UsuarioControllerTest
2026-08-19 22:39:11.825 INFO  [-] [main] c.s.s.u.c.UsuarioControllerTest          : Starting UsuarioControllerTest using Java 25.0.4 with PID 14056 (started by RYZEN 7 2026 in D:\SDD-MOD4)
2026-08-19 22:39:11.825 INFO  [-] [main] c.s.s.u.c.UsuarioControllerTest          : No active profile set, falling back to 1 default profile: "default"
2026-08-19 22:39:12.079 INFO  [-] [main] o.s.b.t.m.w.SpringBootMockServletContext : Initializing Spring TestDispatcherServlet ''
2026-08-19 22:39:12.079 INFO  [-] [main] o.s.t.web.servlet.TestDispatcherServlet  : Initializing Servlet ''
2026-08-19 22:39:12.080 INFO  [-] [main] o.s.t.web.servlet.TestDispatcherServlet  : Completed initialization in 1 ms
2026-08-19 22:39:12.089 INFO  [-] [main] c.s.s.u.c.UsuarioControllerTest          : Started UsuarioControllerTest in 0.309 seconds (process running for 3.714)
2026-08-19 22:39:12.108 INFO  [5ba4c874-eb74-41fa-83b7-58cff8f237e3] [main] c.s.s.common.logging.HttpLoggingFilter   : HTTP GET /api/usuarios/99 - iniciando
2026-08-19 22:39:12.111 INFO  [5ba4c874-eb74-41fa-83b7-58cff8f237e3] [main] c.s.s.u.controller.UsuarioController     : Consultando usuario id=99
2026-08-19 22:39:12.114 WARN  [5ba4c874-eb74-41fa-83b7-58cff8f237e3] [main] c.s.s.c.e.GlobalExceptionHandler         : Recurso no encontrado uri=/api/usuarios/99 mensaje=Usuario con id 99 no encontrado.
2026-08-19 22:39:12.121 WARN  [5ba4c874-eb74-41fa-83b7-58cff8f237e3] [main] c.s.s.common.logging.HttpLoggingFilter   : HTTP GET /api/usuarios/99 - completado status=404 duration=13ms
2026-08-19 22:39:12.159 INFO  [a3bea66b-b1c1-4336-adfe-2785b8582d0f] [main] c.s.s.common.logging.HttpLoggingFilter   : HTTP GET /api/usuarios/1 - iniciando
2026-08-19 22:39:12.159 INFO  [a3bea66b-b1c1-4336-adfe-2785b8582d0f] [main] c.s.s.u.controller.UsuarioController     : Consultando usuario id=1
2026-08-19 22:39:12.159 INFO  [a3bea66b-b1c1-4336-adfe-2785b8582d0f] [main] c.s.s.u.controller.UsuarioController     : Usuario encontrado id=1 username=jperez
2026-08-19 22:39:12.166 INFO  [a3bea66b-b1c1-4336-adfe-2785b8582d0f] [main] c.s.s.common.logging.HttpLoggingFilter   : HTTP GET /api/usuarios/1 - completado status=200 duration=7ms
2026-08-19 22:39:12.177 INFO  [565ba2b9-a176-422f-be45-0c2816d74f9a] [main] c.s.s.common.logging.HttpLoggingFilter   : HTTP POST /api/usuarios - iniciando
2026-08-19 22:39:12.273 WARN  [565ba2b9-a176-422f-be45-0c2816d74f9a] [main] c.s.s.c.e.GlobalExceptionHandler         : Validacion fallida uri=/api/usuarios campos=[email: must not be blank, password: must not be blank, username: size must be between 3 and 50, nombres: must not be blank, apellidos: must not be blank, password: size must be between 8 and 100, username: must not be blank, username: must match "^[a-zA-Z0-9_-]{3,50}$"]
2026-08-19 22:39:12.278 WARN  [565ba2b9-a176-422f-be45-0c2816d74f9a] [main] c.s.s.common.logging.HttpLoggingFilter   : HTTP POST /api/usuarios - completado status=400 duration=101ms
2026-08-19 22:39:12.287 INFO  [18d41075-277e-49e4-91f2-4fb9a5d512ec] [main] c.s.s.common.logging.HttpLoggingFilter   : HTTP GET /api/usuarios/username/fantasma - iniciando
2026-08-19 22:39:12.291 INFO  [18d41075-277e-49e4-91f2-4fb9a5d512ec] [main] c.s.s.u.controller.UsuarioController     : Consultando usuario username=fantasma
2026-08-19 22:39:12.292 WARN  [18d41075-277e-49e4-91f2-4fb9a5d512ec] [main] c.s.s.c.e.GlobalExceptionHandler         : Recurso no encontrado uri=/api/usuarios/username/fantasma mensaje=Usuario 'fantasma' no encontrado.
2026-08-19 22:39:12.293 WARN  [18d41075-277e-49e4-91f2-4fb9a5d512ec] [main] c.s.s.common.logging.HttpLoggingFilter   : HTTP GET /api/usuarios/username/fantasma - completado status=404 duration=6ms
2026-08-19 22:39:12.303 INFO  [bbf184e4-30e2-40e3-8016-53d7b456f40b] [main] c.s.s.common.logging.HttpLoggingFilter   : HTTP PUT /api/usuarios/99 - iniciando
2026-08-19 22:39:12.321 INFO  [bbf184e4-30e2-40e3-8016-53d7b456f40b] [main] c.s.s.u.controller.UsuarioController     : Actualizando usuario id=99
2026-08-19 22:39:12.322 WARN  [bbf184e4-30e2-40e3-8016-53d7b456f40b] [main] c.s.s.c.e.GlobalExceptionHandler         : Recurso no encontrado uri=/api/usuarios/99 mensaje=Usuario con id 99 no encontrado.
2026-08-19 22:39:12.322 WARN  [bbf184e4-30e2-40e3-8016-53d7b456f40b] [main] c.s.s.common.logging.HttpLoggingFilter   : HTTP PUT /api/usuarios/99 - completado status=404 duration=19ms
2026-08-19 22:39:12.329 INFO  [1cb4d001-646c-472a-8896-fe8073aed5c9] [main] c.s.s.common.logging.HttpLoggingFilter   : HTTP POST /api/usuarios - iniciando
2026-08-19 22:39:12.330 INFO  [1cb4d001-646c-472a-8896-fe8073aed5c9] [main] c.s.s.u.controller.UsuarioController     : Registrando usuario username=jperez
2026-08-19 22:39:12.331 WARN  [1cb4d001-646c-472a-8896-fe8073aed5c9] [main] c.s.s.c.e.GlobalExceptionHandler         : Conflicto de datos uri=/api/usuarios mensaje=El email 'juan@example.com' ya esta en uso.
2026-08-19 22:39:12.332 WARN  [1cb4d001-646c-472a-8896-fe8073aed5c9] [main] c.s.s.common.logging.HttpLoggingFilter   : HTTP POST /api/usuarios - completado status=409 duration=3ms
2026-08-19 22:39:12.338 INFO  [8471f4a3-a960-4575-9b88-66f392995bbc] [main] c.s.s.common.logging.HttpLoggingFilter   : HTTP PUT /api/usuarios/1 - iniciando
2026-08-19 22:39:12.340 INFO  [8471f4a3-a960-4575-9b88-66f392995bbc] [main] c.s.s.u.controller.UsuarioController     : Actualizando usuario id=1
2026-08-19 22:39:12.340 WARN  [8471f4a3-a960-4575-9b88-66f392995bbc] [main] c.s.s.c.e.GlobalExceptionHandler         : Conflicto de datos uri=/api/usuarios/1 mensaje=El email 'nuevo@example.com' ya esta en uso.
2026-08-19 22:39:12.341 WARN  [8471f4a3-a960-4575-9b88-66f392995bbc] [main] c.s.s.common.logging.HttpLoggingFilter   : HTTP PUT /api/usuarios/1 - completado status=409 duration=3ms
2026-08-19 22:39:12.349 INFO  [2dcf786e-dec2-4621-9d1a-1303a08de4c1] [main] c.s.s.common.logging.HttpLoggingFilter   : HTTP PUT /api/usuarios/1 - iniciando
2026-08-19 22:39:12.351 INFO  [2dcf786e-dec2-4621-9d1a-1303a08de4c1] [main] c.s.s.u.controller.UsuarioController     : Actualizando usuario id=1
2026-08-19 22:39:12.351 INFO  [2dcf786e-dec2-4621-9d1a-1303a08de4c1] [main] c.s.s.u.controller.UsuarioController     : Usuario actualizado exitosamente id=1
2026-08-19 22:39:12.351 INFO  [2dcf786e-dec2-4621-9d1a-1303a08de4c1] [main] c.s.s.common.logging.HttpLoggingFilter   : HTTP PUT /api/usuarios/1 - completado status=200 duration=2ms
2026-08-19 22:39:12.360 INFO  [69116eac-b788-486c-ab6c-3bceceda8ef5] [main] c.s.s.common.logging.HttpLoggingFilter   : HTTP GET /api/usuarios - iniciando
2026-08-19 22:39:12.361 INFO  [69116eac-b788-486c-ab6c-3bceceda8ef5] [main] c.s.s.u.controller.UsuarioController     : Listando usuarios username=null email=null estado=null page=0 size=10
2026-08-19 22:39:12.361 INFO  [69116eac-b788-486c-ab6c-3bceceda8ef5] [main] c.s.s.u.controller.UsuarioController     : Listado completado totalElementos=1
2026-08-19 22:39:12.364 INFO  [69116eac-b788-486c-ab6c-3bceceda8ef5] [main] c.s.s.common.logging.HttpLoggingFilter   : HTTP GET /api/usuarios - completado status=200 duration=4ms
2026-08-19 22:39:12.371 INFO  [0613b3cb-0459-4c95-89bf-c91ccdf91ba1] [main] c.s.s.common.logging.HttpLoggingFilter   : HTTP POST /api/usuarios - iniciando
2026-08-19 22:39:12.372 INFO  [0613b3cb-0459-4c95-89bf-c91ccdf91ba1] [main] c.s.s.u.controller.UsuarioController     : Registrando usuario username=jperez
2026-08-19 22:39:12.373 INFO  [0613b3cb-0459-4c95-89bf-c91ccdf91ba1] [main] c.s.s.u.controller.UsuarioController     : Usuario registrado exitosamente id=1 username=jperez
2026-08-19 22:39:12.374 INFO  [0613b3cb-0459-4c95-89bf-c91ccdf91ba1] [main] c.s.s.common.logging.HttpLoggingFilter   : HTTP POST /api/usuarios - completado status=201 duration=3ms
2026-08-19 22:39:12.381 INFO  [60af5fc7-4246-4e12-a0df-d5dca7d3c0ed] [main] c.s.s.common.logging.HttpLoggingFilter   : HTTP POST /api/usuarios - iniciando
2026-08-19 22:39:12.383 INFO  [60af5fc7-4246-4e12-a0df-d5dca7d3c0ed] [main] c.s.s.u.controller.UsuarioController     : Registrando usuario username=jperez
2026-08-19 22:39:12.384 WARN  [60af5fc7-4246-4e12-a0df-d5dca7d3c0ed] [main] c.s.s.c.e.GlobalExceptionHandler         : Conflicto de datos uri=/api/usuarios mensaje=El username 'jperez' ya esta en uso.
2026-08-19 22:39:12.384 WARN  [60af5fc7-4246-4e12-a0df-d5dca7d3c0ed] [main] c.s.s.common.logging.HttpLoggingFilter   : HTTP POST /api/usuarios - completado status=409 duration=3ms
2026-08-19 22:39:12.390 INFO  [16d4ca96-00dd-42cf-86a6-c140179d9567] [main] c.s.s.common.logging.HttpLoggingFilter   : HTTP POST /api/usuarios - iniciando
2026-08-19 22:39:12.392 WARN  [16d4ca96-00dd-42cf-86a6-c140179d9567] [main] c.s.s.c.e.GlobalExceptionHandler         : Validacion fallida uri=/api/usuarios campos=[email: must be a well-formed email address]
2026-08-19 22:39:12.393 WARN  [16d4ca96-00dd-42cf-86a6-c140179d9567] [main] c.s.s.common.logging.HttpLoggingFilter   : HTTP POST /api/usuarios - completado status=400 duration=3ms
2026-08-19 22:39:12.401 INFO  [bc0a29a9-773f-4ba2-a8ac-f18d7dde6c0d] [main] c.s.s.common.logging.HttpLoggingFilter   : HTTP DELETE /api/usuarios/99 - iniciando
2026-08-19 22:39:12.402 INFO  [bc0a29a9-773f-4ba2-a8ac-f18d7dde6c0d] [main] c.s.s.u.controller.UsuarioController     : Eliminacion logica solicitada id=99
2026-08-19 22:39:12.403 WARN  [bc0a29a9-773f-4ba2-a8ac-f18d7dde6c0d] [main] c.s.s.c.e.GlobalExceptionHandler         : Recurso no encontrado uri=/api/usuarios/99 mensaje=Usuario con id 99 no encontrado.
2026-08-19 22:39:12.404 WARN  [bc0a29a9-773f-4ba2-a8ac-f18d7dde6c0d] [main] c.s.s.common.logging.HttpLoggingFilter   : HTTP DELETE /api/usuarios/99 - completado status=404 duration=3ms
2026-08-19 22:39:12.411 INFO  [e50e0dd8-ce1b-48f3-84e8-d95eeb45d901] [main] c.s.s.common.logging.HttpLoggingFilter   : HTTP GET /api/usuarios/username/jperez - iniciando
2026-08-19 22:39:12.411 INFO  [e50e0dd8-ce1b-48f3-84e8-d95eeb45d901] [main] c.s.s.u.controller.UsuarioController     : Consultando usuario username=jperez
2026-08-19 22:39:12.412 INFO  [e50e0dd8-ce1b-48f3-84e8-d95eeb45d901] [main] c.s.s.u.controller.UsuarioController     : Usuario encontrado id=1 username=jperez
2026-08-19 22:39:12.412 INFO  [e50e0dd8-ce1b-48f3-84e8-d95eeb45d901] [main] c.s.s.common.logging.HttpLoggingFilter   : HTTP GET /api/usuarios/username/jperez - completado status=200 duration=1ms
2026-08-19 22:39:12.419 INFO  [7ca367ad-b373-4aef-a301-47deb7cbc05d] [main] c.s.s.common.logging.HttpLoggingFilter   : HTTP DELETE /api/usuarios/1 - iniciando
2026-08-19 22:39:12.419 INFO  [7ca367ad-b373-4aef-a301-47deb7cbc05d] [main] c.s.s.u.controller.UsuarioController     : Eliminacion logica solicitada id=1
2026-08-19 22:39:12.420 INFO  [7ca367ad-b373-4aef-a301-47deb7cbc05d] [main] c.s.s.u.controller.UsuarioController     : Usuario desactivado exitosamente id=1
2026-08-19 22:39:12.420 INFO  [7ca367ad-b373-4aef-a301-47deb7cbc05d] [main] c.s.s.common.logging.HttpLoggingFilter   : HTTP DELETE /api/usuarios/1 - completado status=204 duration=1ms
2026-08-19 22:39:12.426 INFO  [e542de7e-3f5f-4c85-9e3e-4d0a15796bfa] [main] c.s.s.common.logging.HttpLoggingFilter   : HTTP GET /api/usuarios - iniciando
2026-08-19 22:39:12.427 INFO  [e542de7e-3f5f-4c85-9e3e-4d0a15796bfa] [main] c.s.s.u.controller.UsuarioController     : Listando usuarios username=null email=null estado=ACTIVO page=0 size=20
2026-08-19 22:39:12.428 INFO  [e542de7e-3f5f-4c85-9e3e-4d0a15796bfa] [main] c.s.s.u.controller.UsuarioController     : Listado completado totalElementos=1
2026-08-19 22:39:12.428 INFO  [e542de7e-3f5f-4c85-9e3e-4d0a15796bfa] [main] c.s.s.common.logging.HttpLoggingFilter   : HTTP GET /api/usuarios - completado status=200 duration=2ms
2026-08-19 22:39:12.670 WARN  [-] [main] c.s.s.u.service.UsuarioServiceImpl       : Intento de registro con email duplicado: email=juan@example.com
2026-08-19 22:39:12.694 INFO  [-] [main] c.s.s.u.service.UsuarioServiceImpl       : Usuario desactivado (eliminacion logica) id=1
2026-08-19 22:39:12.704 WARN  [-] [main] c.s.s.u.service.UsuarioServiceImpl       : Intento de eliminacion de usuario inexistente id=99
2026-08-19 22:39:12.711 WARN  [-] [main] c.s.s.u.service.UsuarioServiceImpl       : Usuario no encontrado username=noexiste
2026-08-19 22:39:12.721 WARN  [-] [main] c.s.s.u.service.UsuarioServiceImpl       : Usuario no encontrado id=99
2026-08-19 22:39:12.728 WARN  [-] [main] c.s.s.u.service.UsuarioServiceImpl       : Intento de actualizacion de usuario inexistente id=99
2026-08-19 22:39:12.737 INFO  [-] [main] c.s.s.u.service.UsuarioServiceImpl       : Usuario actualizado correctamente id=1
2026-08-19 22:39:12.742 WARN  [-] [main] c.s.s.u.service.UsuarioServiceImpl       : Intento de actualizacion con email duplicado id=1 email=juan.nuevo@example.com
2026-08-19 22:39:12.746 WARN  [-] [main] c.s.s.u.service.UsuarioServiceImpl       : Intento de registro con username duplicado: username=jperez
2026-08-19 22:39:12.751 INFO  [-] [main] c.s.s.u.service.UsuarioServiceImpl       : Usuario creado correctamente id=1 username=jperez
2026-08-19 22:40:32.963 INFO  [-] [background-preinit] o.h.validator.internal.util.Version      : HV000001: Hibernate Validator 9.1.0.Final
2026-08-19 22:40:32.991 INFO  [-] [main] com.sdd.sdd.SddApplication               : Starting SddApplication using Java 25.0.4 with PID 34032 (D:\SDD-MOD4\target\classes started by RYZEN 7 2026 in D:\SDD-MOD4)
2026-08-19 22:40:32.992 INFO  [-] [main] com.sdd.sdd.SddApplication               : No active profile set, falling back to 1 default profile: "default"
2026-08-19 22:40:33.529 INFO  [-] [main] .s.d.r.c.RepositoryConfigurationDelegate : Bootstrapping Spring Data JPA repositories in DEFAULT mode.
2026-08-19 22:40:33.572 INFO  [-] [main] .s.d.r.c.RepositoryConfigurationDelegate : Finished Spring Data repository scanning in 36 ms. Found 1 JPA repository interface.
2026-08-19 22:40:34.052 INFO  [-] [main] o.s.boot.tomcat.TomcatWebServer          : Tomcat initialized with port 8080 (http)
2026-08-19 22:40:34.062 INFO  [-] [main] o.a.coyote.http11.Http11NioProtocol      : Initializing ProtocolHandler ["http-nio-8080"]
2026-08-19 22:40:34.064 INFO  [-] [main] o.apache.catalina.core.StandardService   : Starting service [Tomcat]
2026-08-19 22:40:34.065 INFO  [-] [main] o.apache.catalina.core.StandardEngine    : Starting Servlet engine: [Apache Tomcat/11.0.22]
2026-08-19 22:40:34.121 INFO  [-] [main] b.w.c.s.WebApplicationContextInitializer : Root WebApplicationContext: initialization completed in 1099 ms
2026-08-19 22:40:34.132 ERROR [-] [main] t.s.DeferredServletContainerInitializers : Error starting Tomcat context. Exception: org.springframework.beans.factory.BeanCreationException. Message: Error creating bean with name 'formContentFilter' defined in class path resource [org/springframework/boot/webmvc/autoconfigure/WebMvcAutoConfiguration.class]: Failed to instantiate [org.springframework.boot.servlet.filter.OrderedFormContentFilter]: Factory method 'formContentFilter' threw exception with message: com/fasterxml/jackson/databind/exc/InvalidDefinitionException
2026-08-19 22:40:34.155 INFO  [-] [main] o.apache.catalina.core.StandardService   : Stopping service [Tomcat]
2026-08-19 22:40:34.168 WARN  [-] [main] ConfigServletWebServerApplicationContext : Exception encountered during context initialization - cancelling refresh attempt: org.springframework.context.ApplicationContextException: Unable to start web server
2026-08-19 22:40:34.173 INFO  [-] [main] .s.b.a.l.ConditionEvaluationReportLogger : 

Error starting ApplicationContext. To display the condition evaluation report re-run your application with 'debug' enabled.
2026-08-19 22:40:34.188 ERROR [-] [main] o.s.boot.SpringApplication               : Application run failed
org.springframework.context.ApplicationContextException: Unable to start web server
	at org.springframework.boot.web.server.servlet.context.ServletWebServerApplicationContext.onRefresh(ServletWebServerApplicationContext.java:167)
	at org.springframework.context.support.AbstractApplicationContext.refresh(AbstractApplicationContext.java:615)
	at org.springframework.boot.web.server.servlet.context.ServletWebServerApplicationContext.refresh(ServletWebServerApplicationContext.java:143)
	at org.springframework.boot.SpringApplication.refresh(SpringApplication.java:756)
	at org.springframework.boot.SpringApplication.refreshContext(SpringApplication.java:445)
	at org.springframework.boot.SpringApplication.run(SpringApplication.java:321)
	at org.springframework.boot.SpringApplication.run(SpringApplication.java:1365)
	at org.springframework.boot.SpringApplication.run(SpringApplication.java:1354)
	at com.sdd.sdd.SddApplication.main(SddApplication.java:10)
Caused by: org.springframework.boot.web.server.WebServerException: Unable to start embedded Tomcat
	at org.springframework.boot.tomcat.TomcatWebServer.initialize(TomcatWebServer.java:150)
	at org.springframework.boot.tomcat.TomcatWebServer.<init>(TomcatWebServer.java:110)
	at org.springframework.boot.tomcat.servlet.TomcatServletWebServerFactory.getTomcatWebServer(TomcatServletWebServerFactory.java:429)
	at org.springframework.boot.tomcat.servlet.TomcatServletWebServerFactory.getWebServer(TomcatServletWebServerFactory.java:167)
	at org.springframework.boot.web.server.servlet.context.ServletWebServerApplicationContext.createWebServer(ServletWebServerApplicationContext.java:190)
	at org.springframework.boot.web.server.servlet.context.ServletWebServerApplicationContext.onRefresh(ServletWebServerApplicationContext.java:164)
	... 8 common frames omitted
Caused by: org.springframework.beans.factory.BeanCreationException: Error creating bean with name 'formContentFilter' defined in class path resource [org/springframework/boot/webmvc/autoconfigure/WebMvcAutoConfiguration.class]: Failed to instantiate [org.springframework.boot.servlet.filter.OrderedFormContentFilter]: Factory method 'formContentFilter' threw exception with message: com/fasterxml/jackson/databind/exc/InvalidDefinitionException
	at org.springframework.beans.factory.support.ConstructorResolver.instantiate(ConstructorResolver.java:657)
	at org.springframework.beans.factory.support.ConstructorResolver.instantiateUsingFactoryMethod(ConstructorResolver.java:489)
	at org.springframework.beans.factory.support.AbstractAutowireCapableBeanFactory.instantiateUsingFactoryMethod(AbstractAutowireCapableBeanFactory.java:1360)
	at org.springframework.beans.factory.support.AbstractAutowireCapableBeanFactory.createBeanInstance(AbstractAutowireCapableBeanFactory.java:1192)
	at org.springframework.beans.factory.support.AbstractAutowireCapableBeanFactory.doCreateBean(AbstractAutowireCapableBeanFactory.java:565)
	at org.springframework.beans.factory.support.AbstractAutowireCapableBeanFactory.createBean(AbstractAutowireCapableBeanFactory.java:525)
	at org.springframework.beans.factory.support.AbstractBeanFactory.lambda$doGetBean$0(AbstractBeanFactory.java:333)
	at org.springframework.beans.factory.support.DefaultSingletonBeanRegistry.getSingleton(DefaultSingletonBeanRegistry.java:371)
	at org.springframework.beans.factory.support.AbstractBeanFactory.doGetBean(AbstractBeanFactory.java:331)
	at org.springframework.beans.factory.support.AbstractBeanFactory.getBean(AbstractBeanFactory.java:201)
	at org.springframework.boot.web.servlet.ServletContextInitializerBeans.getOrderedBeansOfType(ServletContextInitializerBeans.java:231)
	at org.springframework.boot.web.servlet.ServletContextInitializerBeans.addAsRegistrationBean(ServletContextInitializerBeans.java:185)
	at org.springframework.boot.web.servlet.ServletContextInitializerBeans.addAsRegistrationBean(ServletContextInitializerBeans.java:180)
	at org.springframework.boot.web.servlet.ServletContextInitializerBeans.addAdaptableBeans(ServletContextInitializerBeans.java:165)
	at org.springframework.boot.web.servlet.ServletContextInitializerBeans.<init>(ServletContextInitializerBeans.java:97)
	at org.springframework.boot.web.context.servlet.WebApplicationContextInitializer.initialize(WebApplicationContextInitializer.java:53)
	at org.springframework.boot.tomcat.servlet.DeferredServletContainerInitializers.onStartup(DeferredServletContainerInitializers.java:55)
	at org.apache.catalina.core.StandardContext.startInternal(StandardContext.java:4420)
	at org.apache.catalina.util.LifecycleBase.start(LifecycleBase.java:164)
	at org.apache.catalina.core.ContainerBase$StartChild.call(ContainerBase.java:1162)
	at org.apache.catalina.core.ContainerBase$StartChild.call(ContainerBase.java:1158)
	at java.base/java.util.concurrent.FutureTask.run(FutureTask.java:328)
	at org.apache.tomcat.util.threads.InlineExecutorService.execute(InlineExecutorService.java:81)
	at java.base/java.util.concurrent.AbstractExecutorService.submit(AbstractExecutorService.java:149)
	at org.apache.catalina.core.ContainerBase.startInternal(ContainerBase.java:714)
	at org.apache.catalina.core.StandardHost.startInternal(StandardHost.java:780)
	at org.apache.catalina.util.LifecycleBase.start(LifecycleBase.java:164)
	at org.apache.catalina.core.ContainerBase$StartChild.call(ContainerBase.java:1162)
	at org.apache.catalina.core.ContainerBase$StartChild.call(ContainerBase.java:1158)
	at java.base/java.util.concurrent.FutureTask.run(FutureTask.java:328)
	at org.apache.tomcat.util.threads.InlineExecutorService.execute(InlineExecutorService.java:81)
	at java.base/java.util.concurrent.AbstractExecutorService.submit(AbstractExecutorService.java:149)
	at org.apache.catalina.core.ContainerBase.startInternal(ContainerBase.java:714)
	at org.apache.catalina.core.StandardEngine.startInternal(StandardEngine.java:201)
	at org.apache.catalina.util.LifecycleBase.start(LifecycleBase.java:164)
	at org.apache.catalina.core.StandardService.startInternal(StandardService.java:410)
	at org.apache.catalina.util.LifecycleBase.start(LifecycleBase.java:164)
	at org.apache.catalina.core.StandardServer.startInternal(StandardServer.java:864)
	at org.apache.catalina.util.LifecycleBase.start(LifecycleBase.java:164)
	at org.apache.catalina.startup.Tomcat.start(Tomcat.java:435)
	at org.springframework.boot.tomcat.TomcatWebServer.initialize(TomcatWebServer.java:131)
	... 13 common frames omitted
Caused by: org.springframework.beans.BeanInstantiationException: Failed to instantiate [org.springframework.boot.servlet.filter.OrderedFormContentFilter]: Factory method 'formContentFilter' threw exception with message: com/fasterxml/jackson/databind/exc/InvalidDefinitionException
	at org.springframework.beans.factory.support.SimpleInstantiationStrategy.lambda$instantiate$0(SimpleInstantiationStrategy.java:183)
	at org.springframework.beans.factory.support.SimpleInstantiationStrategy.instantiateWithFactoryMethod(SimpleInstantiationStrategy.java:72)
	at org.springframework.beans.factory.support.SimpleInstantiationStrategy.instantiate(SimpleInstantiationStrategy.java:152)
	at org.springframework.beans.factory.support.ConstructorResolver.instantiate(ConstructorResolver.java:653)
	... 53 common frames omitted
Caused by: java.lang.NoClassDefFoundError: com/fasterxml/jackson/databind/exc/InvalidDefinitionException
	at org.springframework.http.converter.DefaultHttpMessageConverters$DefaultBuilder.detectMessageConverters(DefaultHttpMessageConverters.java:362)
	at org.springframework.http.converter.DefaultHttpMessageConverters$DefaultClientBuilder.build(DefaultHttpMessageConverters.java:468)
	at org.springframework.http.converter.support.AllEncompassingFormHttpMessageConverter.<init>(AllEncompassingFormHttpMessageConverter.java:42)
	at org.springframework.web.filter.FormContentFilter.<init>(FormContentFilter.java:61)
	at org.springframework.boot.servlet.filter.OrderedFormContentFilter.<init>(OrderedFormContentFilter.java:29)
	at org.springframework.boot.webmvc.autoconfigure.WebMvcAutoConfiguration.formContentFilter(WebMvcAutoConfiguration.java:189)
	at java.base/jdk.internal.reflect.DirectMethodHandleAccessor.invoke(DirectMethodHandleAccessor.java:104)
	at java.base/java.lang.reflect.Method.invoke(Method.java:565)
	at org.springframework.beans.factory.support.SimpleInstantiationStrategy.lambda$instantiate$0(SimpleInstantiationStrategy.java:155)
	... 56 common frames omitted
Caused by: java.lang.ClassNotFoundException: com.fasterxml.jackson.databind.exc.InvalidDefinitionException
	at java.base/jdk.internal.loader.BuiltinClassLoader.loadClass(BuiltinClassLoader.java:580)
	at java.base/java.lang.ClassLoader.loadClass(ClassLoader.java:490)
	... 65 common frames omitted
2026-08-19 22:43:52.618 INFO  [-] [background-preinit] o.h.validator.internal.util.Version      : HV000001: Hibernate Validator 9.1.0.Final
2026-08-19 22:43:52.652 INFO  [-] [main] c.s.s.c.logging.CorrelationIdFilterTest  : Starting CorrelationIdFilterTest using Java 25.0.4 with PID 31620 (started by RYZEN 7 2026 in D:\SDD-MOD4)
2026-08-19 22:43:52.653 INFO  [-] [main] c.s.s.c.logging.CorrelationIdFilterTest  : No active profile set, falling back to 1 default profile: "default"
2026-08-19 22:43:54.472 INFO  [-] [main] o.s.b.t.m.w.SpringBootMockServletContext : Initializing Spring TestDispatcherServlet ''
2026-08-19 22:43:54.472 INFO  [-] [main] o.s.t.web.servlet.TestDispatcherServlet  : Initializing Servlet ''
2026-08-19 22:43:54.474 INFO  [-] [main] o.s.t.web.servlet.TestDispatcherServlet  : Completed initialization in 2 ms
2026-08-19 22:43:54.497 INFO  [-] [main] c.s.s.c.logging.CorrelationIdFilterTest  : Started CorrelationIdFilterTest in 2.236 seconds (process running for 3.147)
2026-08-19 22:43:54.550 INFO  [test-correlation-abc-123] [main] c.s.s.common.logging.HttpLoggingFilter   : HTTP GET /api/usuarios - iniciando
2026-08-19 22:43:54.578 INFO  [test-correlation-abc-123] [main] c.s.s.u.controller.UsuarioController     : Listando usuarios username=null email=null estado=null page=0 size=20
2026-08-19 22:43:54.580 INFO  [test-correlation-abc-123] [main] c.s.s.u.controller.UsuarioController     : Listado completado totalElementos=0
2026-08-19 22:43:54.654 INFO  [test-correlation-abc-123] [main] c.s.s.common.logging.HttpLoggingFilter   : HTTP GET /api/usuarios - completado status=200 duration=104ms
2026-08-19 22:43:54.711 INFO  [6f6a7da9-df00-487f-94c0-e19d1035284b] [main] c.s.s.common.logging.HttpLoggingFilter   : HTTP GET /api/usuarios - iniciando
2026-08-19 22:43:54.713 INFO  [6f6a7da9-df00-487f-94c0-e19d1035284b] [main] c.s.s.u.controller.UsuarioController     : Listando usuarios username=null email=null estado=null page=0 size=20
2026-08-19 22:43:54.714 INFO  [6f6a7da9-df00-487f-94c0-e19d1035284b] [main] c.s.s.u.controller.UsuarioController     : Listado completado totalElementos=0
2026-08-19 22:43:54.716 INFO  [6f6a7da9-df00-487f-94c0-e19d1035284b] [main] c.s.s.common.logging.HttpLoggingFilter   : HTTP GET /api/usuarios - completado status=200 duration=5ms
2026-08-19 22:43:54.717 INFO  [9a728c0e-098b-459e-9f79-7f6d3f044cd7] [main] c.s.s.common.logging.HttpLoggingFilter   : HTTP GET /api/usuarios - iniciando
2026-08-19 22:43:54.719 INFO  [9a728c0e-098b-459e-9f79-7f6d3f044cd7] [main] c.s.s.u.controller.UsuarioController     : Listando usuarios username=null email=null estado=null page=0 size=20
2026-08-19 22:43:54.719 INFO  [9a728c0e-098b-459e-9f79-7f6d3f044cd7] [main] c.s.s.u.controller.UsuarioController     : Listado completado totalElementos=0
2026-08-19 22:43:54.720 INFO  [9a728c0e-098b-459e-9f79-7f6d3f044cd7] [main] c.s.s.common.logging.HttpLoggingFilter   : HTTP GET /api/usuarios - completado status=200 duration=3ms
2026-08-19 22:43:54.730 INFO  [efe66763-23e4-4aeb-91c7-b67cb41a1159] [main] c.s.s.common.logging.HttpLoggingFilter   : HTTP GET /api/usuarios - iniciando
2026-08-19 22:43:54.732 INFO  [efe66763-23e4-4aeb-91c7-b67cb41a1159] [main] c.s.s.u.controller.UsuarioController     : Listando usuarios username=null email=null estado=null page=0 size=20
2026-08-19 22:43:54.733 INFO  [efe66763-23e4-4aeb-91c7-b67cb41a1159] [main] c.s.s.u.controller.UsuarioController     : Listado completado totalElementos=0
2026-08-19 22:43:54.733 INFO  [efe66763-23e4-4aeb-91c7-b67cb41a1159] [main] c.s.s.common.logging.HttpLoggingFilter   : HTTP GET /api/usuarios - completado status=200 duration=3ms
2026-08-19 22:43:54.744 INFO  [cc875af4-e8e3-4464-81ff-a35e858f5f47] [main] c.s.s.common.logging.HttpLoggingFilter   : HTTP GET /api/usuarios - iniciando
2026-08-19 22:43:54.747 INFO  [cc875af4-e8e3-4464-81ff-a35e858f5f47] [main] c.s.s.u.controller.UsuarioController     : Listando usuarios username=null email=null estado=null page=0 size=20
2026-08-19 22:43:54.747 INFO  [cc875af4-e8e3-4464-81ff-a35e858f5f47] [main] c.s.s.u.controller.UsuarioController     : Listado completado totalElementos=0
2026-08-19 22:43:54.748 INFO  [cc875af4-e8e3-4464-81ff-a35e858f5f47] [main] c.s.s.common.logging.HttpLoggingFilter   : HTTP GET /api/usuarios - completado status=200 duration=4ms
2026-08-19 22:43:54.787 INFO  [-] [main] .b.t.c.SpringBootTestContextBootstrapper : Found @SpringBootConfiguration com.sdd.sdd.SddApplication for test class com.sdd.sdd.usuario.controller.UsuarioControllerTest
2026-08-19 22:43:54.797 INFO  [-] [main] .b.t.c.SpringBootTestContextBootstrapper : Found @SpringBootConfiguration com.sdd.sdd.SddApplication for test class com.sdd.sdd.usuario.controller.UsuarioControllerTest
2026-08-19 22:43:54.852 INFO  [-] [main] c.s.s.u.c.UsuarioControllerTest          : Starting UsuarioControllerTest using Java 25.0.4 with PID 31620 (started by RYZEN 7 2026 in D:\SDD-MOD4)
2026-08-19 22:43:54.852 INFO  [-] [main] c.s.s.u.c.UsuarioControllerTest          : No active profile set, falling back to 1 default profile: "default"
2026-08-19 22:43:55.126 INFO  [-] [main] o.s.b.t.m.w.SpringBootMockServletContext : Initializing Spring TestDispatcherServlet ''
2026-08-19 22:43:55.126 INFO  [-] [main] o.s.t.web.servlet.TestDispatcherServlet  : Initializing Servlet ''
2026-08-19 22:43:55.126 INFO  [-] [main] o.s.t.web.servlet.TestDispatcherServlet  : Completed initialization in 0 ms
2026-08-19 22:43:55.135 INFO  [-] [main] c.s.s.u.c.UsuarioControllerTest          : Started UsuarioControllerTest in 0.33 seconds (process running for 3.785)
2026-08-19 22:43:55.153 INFO  [c76be3ee-8e1b-42aa-b769-1402e76d247e] [main] c.s.s.common.logging.HttpLoggingFilter   : HTTP GET /api/usuarios/99 - iniciando
2026-08-19 22:43:55.157 INFO  [c76be3ee-8e1b-42aa-b769-1402e76d247e] [main] c.s.s.u.controller.UsuarioController     : Consultando usuario id=99
2026-08-19 22:43:55.161 WARN  [c76be3ee-8e1b-42aa-b769-1402e76d247e] [main] c.s.s.c.e.GlobalExceptionHandler         : Recurso no encontrado uri=/api/usuarios/99 mensaje=Usuario con id 99 no encontrado.
2026-08-19 22:43:55.181 WARN  [c76be3ee-8e1b-42aa-b769-1402e76d247e] [main] c.s.s.common.logging.HttpLoggingFilter   : HTTP GET /api/usuarios/99 - completado status=404 duration=28ms
2026-08-19 22:43:55.208 INFO  [f8b5ed7c-8f41-48da-bc9a-2c3ac6b6b0ac] [main] c.s.s.common.logging.HttpLoggingFilter   : HTTP GET /api/usuarios/1 - iniciando
2026-08-19 22:43:55.208 INFO  [f8b5ed7c-8f41-48da-bc9a-2c3ac6b6b0ac] [main] c.s.s.u.controller.UsuarioController     : Consultando usuario id=1
2026-08-19 22:43:55.209 INFO  [f8b5ed7c-8f41-48da-bc9a-2c3ac6b6b0ac] [main] c.s.s.u.controller.UsuarioController     : Usuario encontrado id=1 username=jperez
2026-08-19 22:43:55.214 INFO  [f8b5ed7c-8f41-48da-bc9a-2c3ac6b6b0ac] [main] c.s.s.common.logging.HttpLoggingFilter   : HTTP GET /api/usuarios/1 - completado status=200 duration=6ms
2026-08-19 22:43:55.225 INFO  [8c652fc1-88e4-461b-9935-d2933e2e5c91] [main] c.s.s.common.logging.HttpLoggingFilter   : HTTP POST /api/usuarios - iniciando
2026-08-19 22:43:55.324 WARN  [8c652fc1-88e4-461b-9935-d2933e2e5c91] [main] c.s.s.c.e.GlobalExceptionHandler         : Validacion fallida uri=/api/usuarios campos=[nombres: must not be blank, apellidos: must not be blank, username: must match "^[a-zA-Z0-9_-]{3,50}$", email: must not be blank, username: size must be between 3 and 50, username: must not be blank, password: size must be between 8 and 100, password: must not be blank]
2026-08-19 22:43:55.329 WARN  [8c652fc1-88e4-461b-9935-d2933e2e5c91] [main] c.s.s.common.logging.HttpLoggingFilter   : HTTP POST /api/usuarios - completado status=400 duration=104ms
2026-08-19 22:43:55.338 INFO  [1870c0d3-fc9b-454a-9124-ac9bf237c66a] [main] c.s.s.common.logging.HttpLoggingFilter   : HTTP GET /api/usuarios/username/fantasma - iniciando
2026-08-19 22:43:55.342 INFO  [1870c0d3-fc9b-454a-9124-ac9bf237c66a] [main] c.s.s.u.controller.UsuarioController     : Consultando usuario username=fantasma
2026-08-19 22:43:55.342 WARN  [1870c0d3-fc9b-454a-9124-ac9bf237c66a] [main] c.s.s.c.e.GlobalExceptionHandler         : Recurso no encontrado uri=/api/usuarios/username/fantasma mensaje=Usuario 'fantasma' no encontrado.
2026-08-19 22:43:55.344 WARN  [1870c0d3-fc9b-454a-9124-ac9bf237c66a] [main] c.s.s.common.logging.HttpLoggingFilter   : HTTP GET /api/usuarios/username/fantasma - completado status=404 duration=6ms
2026-08-19 22:43:55.354 INFO  [b47614d7-8243-48b7-9350-cec143278f56] [main] c.s.s.common.logging.HttpLoggingFilter   : HTTP PUT /api/usuarios/99 - iniciando
2026-08-19 22:43:55.373 INFO  [b47614d7-8243-48b7-9350-cec143278f56] [main] c.s.s.u.controller.UsuarioController     : Actualizando usuario id=99
2026-08-19 22:43:55.374 WARN  [b47614d7-8243-48b7-9350-cec143278f56] [main] c.s.s.c.e.GlobalExceptionHandler         : Recurso no encontrado uri=/api/usuarios/99 mensaje=Usuario con id 99 no encontrado.
2026-08-19 22:43:55.374 WARN  [b47614d7-8243-48b7-9350-cec143278f56] [main] c.s.s.common.logging.HttpLoggingFilter   : HTTP PUT /api/usuarios/99 - completado status=404 duration=20ms
2026-08-19 22:43:55.382 INFO  [cec0bd5e-3bc0-40cf-990a-9efdafa3c3be] [main] c.s.s.common.logging.HttpLoggingFilter   : HTTP POST /api/usuarios - iniciando
2026-08-19 22:43:55.384 INFO  [cec0bd5e-3bc0-40cf-990a-9efdafa3c3be] [main] c.s.s.u.controller.UsuarioController     : Registrando usuario username=jperez
2026-08-19 22:43:55.385 WARN  [cec0bd5e-3bc0-40cf-990a-9efdafa3c3be] [main] c.s.s.c.e.GlobalExceptionHandler         : Conflicto de datos uri=/api/usuarios mensaje=El email 'juan@example.com' ya esta en uso.
2026-08-19 22:43:55.386 WARN  [cec0bd5e-3bc0-40cf-990a-9efdafa3c3be] [main] c.s.s.common.logging.HttpLoggingFilter   : HTTP POST /api/usuarios - completado status=409 duration=4ms
2026-08-19 22:43:55.394 INFO  [bde84e3e-02c8-4496-85e5-407e89b4519b] [main] c.s.s.common.logging.HttpLoggingFilter   : HTTP PUT /api/usuarios/1 - iniciando
2026-08-19 22:43:55.395 INFO  [bde84e3e-02c8-4496-85e5-407e89b4519b] [main] c.s.s.u.controller.UsuarioController     : Actualizando usuario id=1
2026-08-19 22:43:55.396 WARN  [bde84e3e-02c8-4496-85e5-407e89b4519b] [main] c.s.s.c.e.GlobalExceptionHandler         : Conflicto de datos uri=/api/usuarios/1 mensaje=El email 'nuevo@example.com' ya esta en uso.
2026-08-19 22:43:55.396 WARN  [bde84e3e-02c8-4496-85e5-407e89b4519b] [main] c.s.s.common.logging.HttpLoggingFilter   : HTTP PUT /api/usuarios/1 - completado status=409 duration=2ms
2026-08-19 22:43:55.405 INFO  [4b83b779-5544-40b9-ae7a-979a054259dd] [main] c.s.s.common.logging.HttpLoggingFilter   : HTTP PUT /api/usuarios/1 - iniciando
2026-08-19 22:43:55.407 INFO  [4b83b779-5544-40b9-ae7a-979a054259dd] [main] c.s.s.u.controller.UsuarioController     : Actualizando usuario id=1
2026-08-19 22:43:55.408 INFO  [4b83b779-5544-40b9-ae7a-979a054259dd] [main] c.s.s.u.controller.UsuarioController     : Usuario actualizado exitosamente id=1
2026-08-19 22:43:55.409 INFO  [4b83b779-5544-40b9-ae7a-979a054259dd] [main] c.s.s.common.logging.HttpLoggingFilter   : HTTP PUT /api/usuarios/1 - completado status=200 duration=4ms
2026-08-19 22:43:55.417 INFO  [69797392-09b1-44ca-84df-4b8e491f84f6] [main] c.s.s.common.logging.HttpLoggingFilter   : HTTP GET /api/usuarios - iniciando
2026-08-19 22:43:55.418 INFO  [69797392-09b1-44ca-84df-4b8e491f84f6] [main] c.s.s.u.controller.UsuarioController     : Listando usuarios username=null email=null estado=null page=0 size=10
2026-08-19 22:43:55.419 INFO  [69797392-09b1-44ca-84df-4b8e491f84f6] [main] c.s.s.u.controller.UsuarioController     : Listado completado totalElementos=1
2026-08-19 22:43:55.422 INFO  [69797392-09b1-44ca-84df-4b8e491f84f6] [main] c.s.s.common.logging.HttpLoggingFilter   : HTTP GET /api/usuarios - completado status=200 duration=5ms
2026-08-19 22:43:55.430 INFO  [778b5656-47b5-41f2-acb9-345a4f6b7730] [main] c.s.s.common.logging.HttpLoggingFilter   : HTTP POST /api/usuarios - iniciando
2026-08-19 22:43:55.431 INFO  [778b5656-47b5-41f2-acb9-345a4f6b7730] [main] c.s.s.u.controller.UsuarioController     : Registrando usuario username=jperez
2026-08-19 22:43:55.432 INFO  [778b5656-47b5-41f2-acb9-345a4f6b7730] [main] c.s.s.u.controller.UsuarioController     : Usuario registrado exitosamente id=1 username=jperez
2026-08-19 22:43:55.433 INFO  [778b5656-47b5-41f2-acb9-345a4f6b7730] [main] c.s.s.common.logging.HttpLoggingFilter   : HTTP POST /api/usuarios - completado status=201 duration=3ms
2026-08-19 22:43:55.440 INFO  [c881bee6-7312-4a36-8f23-40468a34d29c] [main] c.s.s.common.logging.HttpLoggingFilter   : HTTP POST /api/usuarios - iniciando
2026-08-19 22:43:55.442 INFO  [c881bee6-7312-4a36-8f23-40468a34d29c] [main] c.s.s.u.controller.UsuarioController     : Registrando usuario username=jperez
2026-08-19 22:43:55.443 WARN  [c881bee6-7312-4a36-8f23-40468a34d29c] [main] c.s.s.c.e.GlobalExceptionHandler         : Conflicto de datos uri=/api/usuarios mensaje=El username 'jperez' ya esta en uso.
2026-08-19 22:43:55.444 WARN  [c881bee6-7312-4a36-8f23-40468a34d29c] [main] c.s.s.common.logging.HttpLoggingFilter   : HTTP POST /api/usuarios - completado status=409 duration=4ms
2026-08-19 22:43:55.448 INFO  [61a84644-595e-4db8-9311-a2507b82a6bf] [main] c.s.s.common.logging.HttpLoggingFilter   : HTTP POST /api/usuarios - iniciando
2026-08-19 22:43:55.451 WARN  [61a84644-595e-4db8-9311-a2507b82a6bf] [main] c.s.s.c.e.GlobalExceptionHandler         : Validacion fallida uri=/api/usuarios campos=[email: must be a well-formed email address]
2026-08-19 22:43:55.452 WARN  [61a84644-595e-4db8-9311-a2507b82a6bf] [main] c.s.s.common.logging.HttpLoggingFilter   : HTTP POST /api/usuarios - completado status=400 duration=4ms
2026-08-19 22:43:55.461 INFO  [115531bb-7345-41c0-a96b-b19ffa22e016] [main] c.s.s.common.logging.HttpLoggingFilter   : HTTP DELETE /api/usuarios/99 - iniciando
2026-08-19 22:43:55.461 INFO  [115531bb-7345-41c0-a96b-b19ffa22e016] [main] c.s.s.u.controller.UsuarioController     : Eliminacion logica solicitada id=99
2026-08-19 22:43:55.463 WARN  [115531bb-7345-41c0-a96b-b19ffa22e016] [main] c.s.s.c.e.GlobalExceptionHandler         : Recurso no encontrado uri=/api/usuarios/99 mensaje=Usuario con id 99 no encontrado.
2026-08-19 22:43:55.464 WARN  [115531bb-7345-41c0-a96b-b19ffa22e016] [main] c.s.s.common.logging.HttpLoggingFilter   : HTTP DELETE /api/usuarios/99 - completado status=404 duration=3ms
2026-08-19 22:43:55.472 INFO  [c7dce658-a897-44a7-8f2b-14f01e5c5e3e] [main] c.s.s.common.logging.HttpLoggingFilter   : HTTP GET /api/usuarios/username/jperez - iniciando
2026-08-19 22:43:55.473 INFO  [c7dce658-a897-44a7-8f2b-14f01e5c5e3e] [main] c.s.s.u.controller.UsuarioController     : Consultando usuario username=jperez
2026-08-19 22:43:55.473 INFO  [c7dce658-a897-44a7-8f2b-14f01e5c5e3e] [main] c.s.s.u.controller.UsuarioController     : Usuario encontrado id=1 username=jperez
2026-08-19 22:43:55.474 INFO  [c7dce658-a897-44a7-8f2b-14f01e5c5e3e] [main] c.s.s.common.logging.HttpLoggingFilter   : HTTP GET /api/usuarios/username/jperez - completado status=200 duration=2ms
2026-08-19 22:43:55.482 INFO  [91a624d4-91f0-4967-85dc-438551b5b28a] [main] c.s.s.common.logging.HttpLoggingFilter   : HTTP DELETE /api/usuarios/1 - iniciando
2026-08-19 22:43:55.483 INFO  [91a624d4-91f0-4967-85dc-438551b5b28a] [main] c.s.s.u.controller.UsuarioController     : Eliminacion logica solicitada id=1
2026-08-19 22:43:55.483 INFO  [91a624d4-91f0-4967-85dc-438551b5b28a] [main] c.s.s.u.controller.UsuarioController     : Usuario desactivado exitosamente id=1
2026-08-19 22:43:55.484 INFO  [91a624d4-91f0-4967-85dc-438551b5b28a] [main] c.s.s.common.logging.HttpLoggingFilter   : HTTP DELETE /api/usuarios/1 - completado status=204 duration=2ms
2026-08-19 22:43:55.491 INFO  [5acc4cab-c3f6-4eaf-a219-1f8b36dcc2e0] [main] c.s.s.common.logging.HttpLoggingFilter   : HTTP GET /api/usuarios - iniciando
2026-08-19 22:43:55.493 INFO  [5acc4cab-c3f6-4eaf-a219-1f8b36dcc2e0] [main] c.s.s.u.controller.UsuarioController     : Listando usuarios username=null email=null estado=ACTIVO page=0 size=20
2026-08-19 22:43:55.493 INFO  [5acc4cab-c3f6-4eaf-a219-1f8b36dcc2e0] [main] c.s.s.u.controller.UsuarioController     : Listado completado totalElementos=1
2026-08-19 22:43:55.494 INFO  [5acc4cab-c3f6-4eaf-a219-1f8b36dcc2e0] [main] c.s.s.common.logging.HttpLoggingFilter   : HTTP GET /api/usuarios - completado status=200 duration=3ms
2026-08-19 22:43:55.731 WARN  [-] [main] c.s.s.u.service.UsuarioServiceImpl       : Intento de registro con email duplicado: email=juan@example.com
2026-08-19 22:43:55.760 INFO  [-] [main] c.s.s.u.service.UsuarioServiceImpl       : Usuario desactivado (eliminacion logica) id=1
2026-08-19 22:43:55.769 WARN  [-] [main] c.s.s.u.service.UsuarioServiceImpl       : Intento de eliminacion de usuario inexistente id=99
2026-08-19 22:43:55.776 WARN  [-] [main] c.s.s.u.service.UsuarioServiceImpl       : Usuario no encontrado username=noexiste
2026-08-19 22:43:55.788 WARN  [-] [main] c.s.s.u.service.UsuarioServiceImpl       : Usuario no encontrado id=99
2026-08-19 22:43:55.793 WARN  [-] [main] c.s.s.u.service.UsuarioServiceImpl       : Intento de actualizacion de usuario inexistente id=99
2026-08-19 22:43:55.801 INFO  [-] [main] c.s.s.u.service.UsuarioServiceImpl       : Usuario actualizado correctamente id=1
2026-08-19 22:43:55.805 WARN  [-] [main] c.s.s.u.service.UsuarioServiceImpl       : Intento de actualizacion con email duplicado id=1 email=juan.nuevo@example.com
2026-08-19 22:43:55.809 WARN  [-] [main] c.s.s.u.service.UsuarioServiceImpl       : Intento de registro con username duplicado: username=jperez
2026-08-19 22:43:55.814 INFO  [-] [main] c.s.s.u.service.UsuarioServiceImpl       : Usuario creado correctamente id=1 username=jperez
